order_id,customer_id,product_id,session_id,order_date,quantity,unit_selling_price,total_amount,order_status
ORD_000571,CUST_00935,PROD_0025,SESS_000370,2023-12-04,1,3299,3299,Cancelled
ORD_001084,CUST_00323,PROD_0038,NULL,2023-05-29,5,499.99,2500,Cancelled
ORD_001896,CUST_00055,PROD_0013,SESS_001670,2023-12-15,2,1599.99,3200,Cancelled
ORD_000361,CUST_999995,PROD_0032,SESS_004097,2023-05-26,2,129,258,Cancelled
ORD_002715,CUST_999998,PROD_0006,SESS_001521,2023-11-14,1,799.99,800,Refunded
ORD_001850,CUST_00454,PROD_0017,NULL,2023-10-13,4,398,1592,Completed
ORD_001829,CUST_00799,PROD_0028,SESS_002535,2023-11-29,2,2499,4998,Completed
ORD_001963,CUST_00954,PROD_0027,SESS_002343,2023-06-13,5,2498,12490,Processing
ORD_000764,CUST_00307,PROD_0026,SESS_003392,2023-02-09,4,599,2396,Cancelled
ORD_001946,CUST_00543,PROD_0016,SESS_001631,2023-04-22,4,1450,5800,Refunded
ORD_002197,CUST_00065,PROD_0019,SESS_003746,NULL,3,249,747,Completed
ORD_001661,CUST_00616,PROD_0018,SESS_002666,2023-06-13,5,429,2145,Processing
ORD_001570,CUST_00504,PROD_0011,SESS_003439,2023-09-14,2,1499,2998,Completed
ORD_002045,CUST_00979,PROD_0012,SESS_000870,2023-10-15,5,1399.5,6998,Cancelled
ORD_002991,CUST_00849,PROD_0007,NULL,2023-11-03,2,2498,4996,Cancelled
ORD_000142,CUST_00630,PROD_0020,SESS_004665,2023-05-06,4,349.95,1400,Refunded
ORD_000659,CUST_00658,PROD_0025,NULL,2023-07-25,5,3299,16495,Completed
ORD_000940,CUST_00543,PROD_0035,SESS_000052,2023-12-11,3,399.99,1200,Cancelled
ORD_001837,CUST_00501,PROD_0035,SESS_003598,2023-06-26,5,399.99,2000,Processing
ORD_002371,CUST_00083,PROD_0019,NULL,2023-07-16,2,249,498,Completed
ORD_002460,CUST_00519,PROD_0042,SESS_001739,2023-04-06,1,749.99,750,Completed
ORD_002348,CUST_00345,PROD_0020,SESS_001701,2023-01-06,3,349.95,1050,Cancelled
ORD_000094,CUST_00179,PROD_0021,SESS_004987,2023-08-11,5,229.99,1150,Cancelled
ORD_000160,CUST_00621,PROD_0028,NULL,2023-01-11,3,2499,7497,Processing
ORD_000553,CUST_00656,PROD_0026,SESS_001296,2023-09-22,1,599,599,Cancelled
ORD_001073,CUST_00983,PROD_0020,SESS_003977,2023-05-30,5,349.95,1750,Cancelled
ORD_001804,CUST_00084,PROD_0011,SESS_001293,2023-05-04,5,1499,7495,Processing
ORD_001301,CUST_00189,PROD_0030,SESS_001593,2023-05-03,3,759,2277,Refunded
ORD_003209,CUST_00810,PROD_0030,SESS_001077,2023-03-27,5,759,3795,Processing
ORD_002931,CUST_00375,PROD_0014,NULL,2023-02-02,1,1249,1249,Processing
ORD_001951,CUST_00798,PROD_0011,SESS_002507,2023-04-22,1,1499,1499,Cancelled
ORD_000909,CUST_00268,PROD_0030,SESS_004128,2023-02-13,5,759,3795,Processing
ORD_000375,CUST_00599,PROD_0008,NULL,2023-01-10,4,699,2796,Processing
ORD_000872,CUST_00186,PROD_0030,SESS_002931,2023-05-29,5,759,3795,Cancelled
ORD_001366,CUST_00857,PROD_0027,SESS_001036,NULL,5,2498,12490,Cancelled
ORD_002439,CUST_00610,PROD_0038,SESS_001426,2023-01-25,4,499.99,2000,Processing
ORD_000621,CUST_00185,PROD_0027,NULL,2023-12-18,4,2498,9992,Cancelled
ORD_002074,CUST_00235,PROD_0037,NULL,2023-03-05,2,499.99,1000,Cancelled
ORD_003293,CUST_00870,PROD_0030,SESS_000513,2023-08-01,1,759,759,Cancelled
ORD_003204,CUST_00935,PROD_0021,SESS_000561,2023-08-11,2,229.99,460,Cancelled
ORD_002969,CUST_00600,PROD_0015,SESS_002301,2023-01-12,5,2699.99,13500,Cancelled
ORD_003323,CUST_00745,PROD_0030,SESS_002006,2023-11-02,3,759,2277,Cancelled
ORD_002856,CUST_00726,PROD_0011,NULL,2023-04-08,5,1499,7495,Completed
ORD_003394,CUST_00354,PROD_0004,SESS_000940,2023-11-19,4,1799.99,7200,Cancelled
ORD_001576,CUST_00934,PROD_0010,NULL,2023-12-26,3,1299,3897,Processing
ORD_003097,CUST_00075,PROD_0012,NULL,2023-01-28,1,1399.5,1400,Completed
ORD_001072,CUST_00672,PROD_0029,SESS_001399,2023-04-08,3,3996.95,11991,Cancelled
ORD_001240,CUST_00243,PROD_0012,SESS_003801,NULL,4,1399.5,5598,Completed
ORD_002012,CUST_00917,PROD_0033,SESS_001799,2023-01-12,5,799,3995,Processing
ORD_002850,CUST_00294,PROD_0033,SESS_004592,2023-02-17,2,799,1598,Completed
ORD_001989,CUST_00165,PROD_0007,SESS_004413,2023-07-15,1,2498,2498,Completed
ORD_002825,CUST_00635,PROD_0031,SESS_004836,2023-11-23,2,399.99,800,Processing
ORD_003284,CUST_00414,PROD_0042,SESS_002739,2023-11-02,5,749.99,3750,Completed
ORD_001640,CUST_00638,PROD_0032,NULL,2023-05-04,2,129,258,Refunded
ORD_001605,CUST_00509,PROD_0001,SESS_000516,2023-05-25,3,1199,3597,Cancelled
ORD_002765,CUST_00151,PROD_0010,SESS_002243,2023-05-18,3,1299,3897,Cancelled
ORD_001425,CUST_00598,PROD_0017,SESS_002975,2023-08-01,1,398,398,Cancelled
ORD_002211,CUST_00895,PROD_0001,SESS_002449,2023-09-21,2,1199,2398,Refunded
ORD_003243,CUST_00063,PROD_0020,SESS_004003,2023-08-28,5,349.95,1750,Completed
ORD_000331,CUST_00117,PROD_0001,SESS_004188,2023-03-30,1,1199,1199,Cancelled
ORD_000555,CUST_00272,PROD_0024,SESS_002734,2023-07-22,2,2499.99,5000,Cancelled
ORD_002556,CUST_00462,PROD_0001,SESS_002809,NULL,2,1199,2398,Refunded
ORD_003197,CUST_00389,PROD_0007,SESS_001843,2023-11-23,1,2498,2498,Refunded
ORD_002796,CUST_00326,PROD_0038,SESS_002515,2023-05-06,3,499.99,1500,Cancelled
ORD_002482,CUST_00085,PROD_0019,SESS_004390,2023-04-12,4,249,996,Completed
ORD_003220,CUST_00099,PROD_0041,SESS_003899,2023-10-15,1,799,799,Refunded
ORD_001089,CUST_00166,PROD_0012,SESS_002893,2023-04-13,3,1399.5,4198,Cancelled
ORD_001329,CUST_00947,PROD_0029,NULL,2023-04-08,3,3996.95,11991,Cancelled
ORD_000312,CUST_00716,PROD_0006,SESS_004773,2023-09-12,2,799.99,1600,Cancelled
ORD_000048,CUST_00277,PROD_0034,SESS_001768,2023-04-05,2,899.99,1800,Completed
ORD_000828,CUST_00604,PROD_0029,SESS_001771,2023-11-24,5,3996.95,19985,Refunded
ORD_002893,CUST_00329,PROD_0008,NULL,2023-01-10,3,699,2097,Cancelled
ORD_000903,CUST_00938,PROD_0013,SESS_004387,2023-08-03,2,1599.99,3200,Cancelled
ORD_001011,CUST_00539,PROD_0035,SESS_001494,2023-08-23,4,399.99,1600,Completed
ORD_000287,CUST_00813,PROD_0012,SESS_001450,2023-01-10,5,1399.5,6998,Processing
ORD_000964,CUST_00883,PROD_0008,SESS_002051,2023-10-03,1,699,699,Cancelled
ORD_001569,CUST_00979,PROD_0002,SESS_001191,2023-12-18,2,799,1598,Completed
ORD_001618,CUST_00116,PROD_0008,SESS_000541,2023-02-23,5,699,3495,Processing
ORD_000510,CUST_00839,PROD_0023,SESS_003528,2023-05-23,1,1699.99,1700,Refunded
ORD_001137,CUST_00382,PROD_0008,SESS_002206,2023-12-10,3,699,2097,Completed
ORD_002928,CUST_00563,PROD_0005,NULL,2023-07-23,4,999,3996,Completed
ORD_003345,CUST_00371,PROD_0032,SESS_004810,2023-04-28,2,129,258,Refunded
ORD_000701,CUST_00774,PROD_0035,SESS_000708,2023-07-10,1,399.99,400,Cancelled
ORD_002507,CUST_00814,PROD_0018,SESS_003722,2023-04-06,3,429,1287,Cancelled
ORD_000731,CUST_00112,PROD_0018,NULL,2023-12-27,1,429,429,Cancelled
ORD_002300,CUST_00995,PROD_0024,SESS_000153,2023-12-01,1,2499.99,2500,Processing
ORD_002228,CUST_00397,PROD_0033,SESS_004279,2023-12-01,4,799,3196,Completed
ORD_002818,CUST_00843,PROD_0025,SESS_000034,2023-09-16,3,3299,9897,Completed
ORD_000322,CUST_00302,PROD_0018,SESS_001301,2023-03-31,5,429,2145,Cancelled
ORD_002321,CUST_00926,PROD_0012,NULL,2023-06-15,5,1399.5,6998,Processing
ORD_002986,CUST_00402,PROD_0003,SESS_001786,2023-08-29,2,1299.99,2600,Completed
ORD_000564,CUST_00747,PROD_0032,SESS_003810,2023-02-01,4,129,516,Completed
ORD_002868,CUST_00132,PROD_0032,SESS_003751,2023-05-11,5,129,645,Completed
ORD_003389,CUST_00057,PROD_0007,SESS_004006,2023-09-02,5,2498,12490,Processing
ORD_000867,CUST_00750,PROD_0004,SESS_001983,2023-03-03,2,1799.99,3600,Refunded
ORD_002978,CUST_00445,PROD_0024,NULL,2023-02-14,5,2499.99,12500,Completed
ORD_000734,CUST_00104,PROD_0032,SESS_003879,2023-04-20,2,129,258,Completed
ORD_002194,CUST_00584,PROD_0010,NULL,2023-01-16,3,1299,3897,Refunded
ORD_002885,CUST_00051,PROD_0004,SESS_002616,2023-03-17,3,1799.99,5400,Completed
ORD_002469,CUST_00251,PROD_0040,SESS_002110,2023-02-23,4,199.99,800,Cancelled
ORD_002595,CUST_00140,PROD_0037,SESS_002258,2023-03-06,2,499.99,1000,Completed
ORD_001294,CUST_00940,PROD_0035,SESS_004774,2023-09-25,5,399.99,2000,Cancelled
ORD_002662,CUST_00611,PROD_0005,SESS_002993,2023-02-07,1,999,999,Cancelled
ORD_001181,CUST_00668,PROD_0018,SESS_002019,2023-04-23,1,429,429,Cancelled
ORD_000030,CUST_00167,PROD_0020,SESS_003986,2023-11-12,3,349.95,1050,Completed
ORD_001111,CUST_00456,PROD_0022,SESS_001222,2023-09-30,3,349.99,1050,Cancelled
ORD_002832,CUST_00373,PROD_0028,SESS_004434,2023-04-09,3,2499,7497,Refunded
ORD_002783,CUST_00921,PROD_0027,SESS_002840,2023-09-24,4,2498,9992,Cancelled
ORD_002059,CUST_00187,PROD_0030,SESS_003302,2023-03-02,1,759,759,Cancelled
ORD_001700,CUST_00209,PROD_0023,SESS_003682,2023-01-05,5,1699.99,8500,Processing
ORD_000003,CUST_00007,PROD_0035,SESS_004156,2023-12-27,5,399.99,2000,Cancelled
ORD_002385,CUST_00147,PROD_0011,SESS_002718,2023-11-15,2,1499,2998,Completed
ORD_000124,CUST_00145,PROD_0013,SESS_003897,2023-10-13,4,1599.99,6400,Completed
ORD_001022,CUST_999996,PROD_0027,SESS_004270,2023-05-25,1,2498,2498,Processing
ORD_001401,CUST_00868,PROD_0018,SESS_000479,2023-10-22,4,429,1716,Cancelled
ORD_000303,CUST_00645,PROD_0041,SESS_004210,NULL,1,799,799,Processing
ORD_003290,CUST_00852,PROD_0006,SESS_001430,2023-07-16,1,799.99,800,Completed
ORD_002625,CUST_00492,PROD_0020,NULL,2023-06-21,2,349.95,700,Refunded
ORD_002994,CUST_00045,PROD_0003,NULL,2023-06-07,1,1299.99,1300,Refunded
ORD_002433,CUST_00040,PROD_0001,SESS_002715,2023-08-01,4,1199,4796,Processing
ORD_001964,CUST_00672,PROD_0025,SESS_004741,2023-08-31,2,3299,6598,Processing
ORD_000709,CUST_00309,PROD_0041,SESS_000895,2023-10-08,2,799,1598,Refunded
ORD_000319,CUST_00175,PROD_0004,NULL,2023-10-13,2,1799.99,3600,Cancelled
ORD_000638,CUST_00174,PROD_0030,NULL,2023-11-09,3,759,2277,Refunded
ORD_001693,CUST_00161,PROD_0038,SESS_001920,2023-08-01,5,499.99,2500,Completed
ORD_000733,CUST_00100,PROD_0006,SESS_003150,2023-10-25,5,799.99,4000,Cancelled
ORD_000661,CUST_00041,PROD_0023,SESS_002532,2023-10-16,2,1699.99,3400,Cancelled
ORD_000769,CUST_00274,PROD_0042,SESS_001667,2023-06-07,2,749.99,1500,Refunded
ORD_001058,CUST_00173,PROD_0009,SESS_001427,2023-04-24,5,3499,17495,Processing
ORD_000949,CUST_00271,PROD_0032,SESS_002088,2023-05-15,4,129,516,Completed
ORD_001738,CUST_00347,PROD_0033,SESS_002367,2023-01-20,3,799,2397,Processing
ORD_003336,CUST_999997,PROD_0005,SESS_003215,2023-07-13,2,999,1998,Cancelled
ORD_000901,CUST_00875,PROD_0001,NULL,2023-08-23,1,1199,1199,Completed
ORD_002071,CUST_00704,PROD_0013,SESS_004604,2023-11-29,1,1599.99,1600,Completed
ORD_001544,CUST_00135,PROD_0026,SESS_001661,2023-11-08,3,599,1797,Completed
ORD_000316,CUST_00720,PROD_0026,NULL,2023-10-30,1,599,599,Completed
ORD_003423,CUST_999997,PROD_0042,SESS_000203,2023-02-28,3,749.99,2250,Cancelled
ORD_001189,CUST_00040,PROD_0035,NULL,2023-09-16,3,399.99,1200,Processing
ORD_000346,CUST_00265,PROD_0012,SESS_004129,2023-08-09,5,1399.5,6998,Processing
ORD_003288,CUST_00583,PROD_0003,SESS_000784,2023-02-01,1,1299.99,1300,Completed
ORD_001458,CUST_00917,PROD_0042,SESS_001138,2023-01-13,2,749.99,1500,Completed
ORD_002232,CUST_00661,PROD_0020,SESS_001715,2023-04-01,3,349.95,1050,Cancelled
ORD_002467,CUST_00916,PROD_0038,SESS_001738,2023-05-19,4,499.99,2000,Cancelled
ORD_003064,CUST_00169,PROD_0004,SESS_003387,2023-11-20,2,1799.99,3600,Refunded
ORD_002858,CUST_00317,PROD_0031,NULL,2023-11-05,3,399.99,1200,Processing
ORD_002225,CUST_00946,PROD_0011,SESS_001088,2023-08-01,5,1499,7495,Cancelled
ORD_000138,CUST_00149,PROD_0016,NULL,2023-10-31,1,1450,1450,Completed
ORD_003081,CUST_00861,PROD_0039,NULL,2023-04-14,3,229,687,Cancelled
ORD_002833,CUST_00307,PROD_0022,SESS_002686,2023-07-28,4,349.99,1400,Completed
ORD_000915,CUST_00112,PROD_0009,SESS_000632,2023-07-29,4,3499,13996,Completed
ORD_002814,CUST_00779,PROD_0001,SESS_002526,2023-01-01,1,1199,1199,Processing
ORD_002503,CUST_00303,PROD_0018,NULL,2023-08-01,5,429,2145,Cancelled
ORD_001414,CUST_00234,PROD_0021,NULL,2023-11-13,4,229.99,920,Completed
ORD_003001,CUST_00053,PROD_0024,SESS_003045,2023-08-21,5,2499.99,12500,Cancelled
ORD_002695,CUST_00197,PROD_0030,NULL,2023-02-11,5,759,3795,Processing
ORD_003450,CUST_00045,PROD_0035,SESS_001776,2023-04-20,3,399.99,1200,Completed
ORD_001662,CUST_00735,PROD_0021,SESS_000826,2023-05-26,3,229.99,690,Processing
ORD_002804,CUST_00293,PROD_0018,SESS_001221,2023-08-11,2,429,858,Refunded
ORD_001666,CUST_00596,PROD_0021,NULL,NULL,2,229.99,460,Completed
ORD_000669,CUST_00218,PROD_0004,SESS_000397,2023-08-31,4,1799.99,7200,Cancelled
ORD_001930,CUST_00643,PROD_0007,SESS_004149,2023-07-07,1,2498,2498,Completed
ORD_000096,CUST_00353,PROD_0041,SESS_002009,2023-12-19,1,799,799,Cancelled
ORD_002421,CUST_00993,PROD_0032,SESS_002779,2023-06-15,5,129,645,Cancelled
ORD_002792,CUST_00094,PROD_0028,SESS_002999,2023-03-05,2,2499,4998,Cancelled
ORD_002033,CUST_00069,PROD_0002,NULL,2023-02-04,1,799,799,Cancelled
ORD_001510,CUST_00802,PROD_0016,SESS_000155,2023-04-04,4,1450,5800,Cancelled
ORD_001121,CUST_00525,PROD_0038,SESS_004229,2023-05-13,2,499.99,1000,Completed
ORD_001751,CUST_00055,PROD_0042,NULL,2023-08-31,2,749.99,1500,Cancelled
ORD_000505,CUST_00241,PROD_0021,SESS_004658,2023-06-10,5,229.99,1150,Completed
ORD_002010,CUST_00577,PROD_0003,SESS_000949,2023-10-16,3,1299.99,3900,Completed
ORD_001810,CUST_00819,PROD_0023,SESS_001186,2023-02-27,3,1699.99,5100,Refunded
ORD_001461,CUST_00321,PROD_0006,SESS_004720,2023-03-28,5,799.99,4000,Completed
ORD_001146,CUST_00727,PROD_0041,SESS_000647,2023-05-31,1,799,799,Cancelled
ORD_002725,CUST_00618,PROD_0040,SESS_002861,2023-07-31,4,199.99,800,Processing
ORD_001912,CUST_999998,PROD_0005,SESS_004575,2023-09-07,5,999,4995,Processing
ORD_002328,CUST_00468,PROD_0013,SESS_004938,2023-12-18,5,1599.99,8000,Processing
ORD_003200,CUST_00930,PROD_0040,NULL,2023-03-12,3,199.99,600,Refunded
ORD_002909,CUST_00277,PROD_0035,SESS_001636,2023-09-27,5,399.99,2000,Completed
ORD_000120,CUST_00503,PROD_0026,SESS_001607,2023-07-30,5,599,2995,Completed
ORD_001683,CUST_00713,PROD_0005,SESS_002976,2023-08-15,3,999,2997,Refunded
ORD_003325,CUST_00309,PROD_0015,SESS_004289,2023-05-19,1,2699.99,2700,Cancelled
ORD_001995,CUST_00842,PROD_0015,SESS_003885,2023-04-10,1,2699.99,2700,Cancelled
ORD_003491,CUST_00044,PROD_0020,SESS_003839,2023-12-27,3,349.95,1050,Completed
ORD_000337,CUST_00263,PROD_0007,SESS_002533,2023-09-13,2,2498,4996,Refunded
ORD_002205,CUST_00473,PROD_0039,SESS_001553,2023-05-14,5,229,1145,Cancelled
ORD_003073,CUST_00444,PROD_0021,SESS_000603,2023-07-24,4,229.99,920,Cancelled
ORD_003259,CUST_00974,PROD_0021,SESS_003592,2023-10-14,3,229.99,690,Completed
ORD_002368,CUST_00136,PROD_0022,SESS_001006,2023-11-08,3,349.99,1050,Refunded
ORD_001236,CUST_00097,PROD_0026,SESS_002329,2023-04-09,1,599,599,Processing
ORD_001649,CUST_00998,PROD_0032,SESS_000300,2023-10-05,2,129,258,Completed
ORD_001419,CUST_00321,PROD_0014,SESS_004158,2023-02-05,2,1249,2498,Completed
ORD_003305,CUST_00750,PROD_0031,NULL,2023-07-31,4,399.99,1600,Completed
ORD_001475,CUST_00795,PROD_0018,SESS_000107,2023-09-04,2,429,858,Processing
ORD_000500,CUST_00647,PROD_0041,SESS_004451,2023-11-27,1,799,799,Cancelled
ORD_000081,CUST_00049,PROD_0001,SESS_004992,2023-11-30,2,1199,2398,Completed
ORD_001035,CUST_00089,PROD_0018,SESS_002820,2023-01-02,2,429,858,Completed
ORD_001876,CUST_00487,PROD_0024,NULL,2023-01-15,2,2499.99,5000,Cancelled
ORD_000875,CUST_00585,PROD_0036,SESS_002830,2023-12-14,5,199.99,1000,Completed
ORD_002208,CUST_00246,PROD_0025,SESS_000299,2023-02-05,4,3299,13196,Cancelled
ORD_002600,CUST_00703,PROD_0011,SESS_004113,2023-06-16,4,1499,5996,Cancelled
ORD_001012,CUST_00941,PROD_0026,SESS_001649,2023-08-08,2,599,1198,Processing
ORD_000796,CUST_00234,PROD_0019,NULL,2023-03-16,1,249,249,Completed
ORD_001586,CUST_00161,PROD_0024,SESS_002278,2023-02-19,1,2499.99,2500,Completed
ORD_001151,CUST_00257,PROD_0007,NULL,2023-03-28,4,2498,9992,Refunded
ORD_002652,CUST_00732,PROD_0043,NULL,2023-12-04,2,2199,4398,Refunded
ORD_001881,CUST_00435,PROD_0031,SESS_003581,2023-02-11,2,399.99,800,Completed
ORD_001023,CUST_999991,PROD_0018,SESS_003110,2023-12-03,4,429,1716,Completed
ORD_001667,CUST_00509,PROD_0033,SESS_002132,2023-03-17,4,799,3196,Cancelled
ORD_002524,CUST_00849,PROD_0006,SESS_002728,2023-04-19,4,799.99,3200,Refunded
ORD_001740,CUST_999995,PROD_0013,SESS_004509,2023-09-13,2,1599.99,3200,Completed
ORD_000089,CUST_00865,PROD_0004,SESS_002158,2023-11-22,4,1799.99,7200,Completed
ORD_003264,CUST_00411,PROD_0020,SESS_004950,2023-09-11,2,349.95,700,Completed
ORD_001647,CUST_00453,PROD_0014,SESS_001160,2023-10-12,4,1249,4996,Cancelled
ORD_001609,CUST_00944,PROD_0021,NULL,2023-05-31,5,229.99,1150,Completed
ORD_003222,CUST_00713,PROD_0008,SESS_000559,2023-06-17,1,699,699,Completed
ORD_000054,CUST_00416,PROD_0026,SESS_004382,2023-01-25,1,599,599,Refunded
ORD_001588,CUST_00228,PROD_0015,SESS_002969,2023-09-03,2,2699.99,5400,Refunded
ORD_000815,CUST_00681,PROD_0023,NULL,2023-08-19,2,1699.99,3400,Cancelled
ORD_002042,CUST_00738,PROD_0019,NULL,2023-10-11,1,249,249,Completed
ORD_001742,CUST_00289,PROD_0040,SESS_004971,2023-11-03,4,199.99,800,Processing
ORD_000077,CUST_00989,PROD_0001,NULL,2023-10-16,1,1199,1199,Processing
ORD_002682,CUST_00093,PROD_0010,SESS_002209,2023-09-01,3,1299,3897,Cancelled
ORD_002937,CUST_999992,PROD_0036,SESS_001998,NULL,5,199.99,1000,Completed
ORD_001229,CUST_00586,PROD_0041,SESS_003199,2023-12-18,5,799,3995,Processing
ORD_001672,CUST_00676,PROD_0009,SESS_004235,2023-02-26,1,3499,3499,Processing
ORD_001673,CUST_00443,PROD_0013,SESS_001236,2023-02-04,4,1599.99,6400,Cancelled
ORD_001853,CUST_00467,PROD_0026,SESS_001379,2023-12-14,3,599,1797,Completed
ORD_000023,CUST_00084,PROD_0041,NULL,2023-08-27,2,799,1598,Refunded
ORD_002128,CUST_00412,PROD_0019,SESS_002941,2023-05-27,5,249,1245,Processing
ORD_002409,CUST_00655,PROD_0018,SESS_004783,2023-09-27,2,429,858,Refunded
ORD_001815,CUST_00923,PROD_0011,SESS_004417,2023-01-04,1,1499,1499,Refunded
ORD_000170,CUST_00836,PROD_0012,SESS_002192,2023-10-05,3,1399.5,4198,Refunded
ORD_002136,CUST_00562,PROD_0022,SESS_001827,2023-02-01,2,349.99,700,Cancelled
ORD_000033,CUST_00947,PROD_0036,SESS_004752,2023-06-17,2,199.99,400,Completed
ORD_003005,CUST_00728,PROD_0019,SESS_004810,2023-07-21,2,249,498,Completed
ORD_002007,CUST_00098,PROD_0024,SESS_001301,2023-03-13,5,2499.99,12500,Completed
ORD_002220,CUST_00023,PROD_0013,SESS_001896,2023-06-04,1,1599.99,1600,Refunded
ORD_002389,CUST_00287,PROD_0019,SESS_003388,2023-12-16,5,249,1245,Completed
ORD_003338,CUST_00450,PROD_0019,SESS_002864,2023-07-10,3,249,747,Cancelled
ORD_001287,CUST_00467,PROD_0003,SESS_001507,2023-08-05,1,1299.99,1300,Completed
ORD_002767,CUST_00784,PROD_0028,SESS_002079,2023-06-06,5,2499,12495,Completed
ORD_003465,CUST_00936,PROD_0009,SESS_001034,2023-04-13,4,3499,13996,Cancelled
ORD_003357,CUST_00410,PROD_0003,NULL,2023-10-05,3,1299.99,3900,Cancelled
ORD_002374,CUST_00313,PROD_0013,SESS_000922,2023-05-15,5,1599.99,8000,Processing
ORD_001948,CUST_00316,PROD_0029,NULL,2023-12-24,5,3996.95,19985,Cancelled
ORD_001055,CUST_00917,PROD_0008,SESS_003753,2023-12-04,5,699,3495,Completed
ORD_000145,CUST_00096,PROD_0036,SESS_001920,2023-06-20,2,199.99,400,Completed
ORD_002673,CUST_00822,PROD_0006,SESS_001482,2023-07-27,5,799.99,4000,Cancelled
ORD_000855,CUST_00712,PROD_0024,SESS_002062,2023-04-03,1,2499.99,2500,Cancelled
ORD_000980,CUST_00864,PROD_0039,SESS_004867,2023-10-30,2,229,458,Processing
ORD_002707,CUST_00052,PROD_0006,SESS_000180,2023-10-23,2,799.99,1600,Processing
ORD_003280,CUST_00332,PROD_0026,SESS_000659,2023-05-25,2,599,1198,Cancelled
ORD_003489,CUST_00966,PROD_0038,SESS_003921,2023-07-17,3,499.99,1500,Cancelled
ORD_002203,CUST_00388,PROD_0016,SESS_000107,2023-12-08,5,1450,7250,Cancelled
ORD_001668,CUST_00501,PROD_0009,SESS_001007,2023-12-22,1,3499,3499,Completed
ORD_001316,CUST_00721,PROD_0030,SESS_003079,2023-08-20,1,759,759,Cancelled
ORD_002749,CUST_00150,PROD_0032,NULL,2023-12-07,2,129,258,Processing
ORD_003397,CUST_00455,PROD_0027,SESS_004704,2023-10-01,2,2498,4996,Refunded
ORD_000489,CUST_00174,PROD_0043,SESS_001116,2023-07-04,5,2199,10995,Completed
ORD_000458,CUST_00613,PROD_0018,SESS_000644,2023-09-22,1,429,429,Completed
ORD_001547,CUST_00739,PROD_0013,SESS_004756,2023-05-25,3,1599.99,4800,Completed
ORD_002355,CUST_00417,PROD_0012,SESS_000380,2023-04-15,2,1399.5,2799,Cancelled
ORD_002303,CUST_00751,PROD_0009,NULL,2023-07-26,2,3499,6998,Refunded
ORD_002618,CUST_00693,PROD_0013,SESS_004793,2023-10-07,1,1599.99,1600,Cancelled
ORD_001257,CUST_00689,PROD_0010,SESS_001155,2023-10-06,2,1299,2598,Completed
ORD_003355,CUST_00424,PROD_0024,SESS_004466,2023-03-03,3,2499.99,7500,Processing
ORD_000268,CUST_00214,PROD_0018,SESS_001604,2023-03-31,3,429,1287,Cancelled
ORD_002542,CUST_00754,PROD_0014,SESS_003075,2023-10-15,1,1249,1249,Cancelled
ORD_003203,CUST_00483,PROD_0032,SESS_003283,2023-03-20,4,129,516,Cancelled
ORD_001143,CUST_00781,PROD_0005,SESS_000491,2023-12-31,1,999,999,Processing
ORD_001128,CUST_00160,PROD_0012,SESS_001492,2023-07-06,3,1399.5,4198,Cancelled
ORD_003071,CUST_00786,PROD_0025,SESS_004744,2023-10-01,5,3299,16495,Completed
ORD_001418,CUST_00535,PROD_0037,SESS_000696,2023-01-29,4,499.99,2000,Refunded
ORD_000448,CUST_00487,PROD_0013,SESS_002286,2023-08-28,2,1599.99,3200,Completed
ORD_003302,CUST_00933,PROD_0024,SESS_004632,2023-10-01,4,2499.99,10000,Cancelled
ORD_001977,CUST_00645,PROD_0030,NULL,2023-07-29,4,759,3036,Refunded
ORD_003150,CUST_00049,PROD_0014,SESS_002304,2023-01-28,3,1249,3747,Refunded
ORD_001495,CUST_00357,PROD_0003,SESS_002049,2023-09-01,3,1299.99,3900,Cancelled
ORD_002066,CUST_00403,PROD_0019,SESS_001640,2023-05-06,1,249,249,Refunded
ORD_000654,CUST_00344,PROD_0012,NULL,2023-08-31,5,1399.5,6998,Completed
ORD_002343,CUST_00061,PROD_0016,SESS_000108,2023-09-27,2,1450,2900,Completed
ORD_002073,CUST_00431,PROD_0029,NULL,2023-08-28,4,3996.95,15988,Completed
ORD_001295,CUST_00782,PROD_0001,SESS_001766,2023-10-03,4,1199,4796,Processing
ORD_000975,CUST_00574,PROD_0039,SESS_001708,2023-06-18,3,229,687,Completed
ORD_002516,CUST_00313,PROD_0006,SESS_003283,2023-04-28,2,799.99,1600,Cancelled
ORD_001377,CUST_00182,PROD_0020,SESS_004186,2023-12-18,4,349.95,1400,Completed
ORD_002879,CUST_00267,PROD_0028,SESS_000485,2023-01-05,3,2499,7497,Cancelled
ORD_002782,CUST_00972,PROD_0011,SESS_003915,2023-04-28,5,1499,7495,Refunded
ORD_000775,CUST_00890,PROD_0001,SESS_004034,2023-07-07,1,1199,1199,Completed
ORD_000696,CUST_00935,PROD_0023,SESS_001784,2023-02-01,4,1699.99,6800,Completed
ORD_000266,CUST_00137,PROD_0020,NULL,2023-06-01,4,349.95,1400,Cancelled
ORD_002330,CUST_00942,PROD_0024,SESS_000839,2023-08-22,3,2499.99,7500,Completed
ORD_001454,CUST_00842,PROD_0013,SESS_000757,2023-04-29,1,1599.99,1600,Refunded
ORD_000819,CUST_00300,PROD_0033,SESS_000476,2023-11-08,1,799,799,Completed
ORD_000113,CUST_00572,PROD_0041,SESS_002753,2023-03-10,4,799,3196,Processing
ORD_002755,CUST_00755,PROD_0032,SESS_002527,2023-07-16,4,129,516,Completed
ORD_000475,CUST_00273,PROD_0014,SESS_003516,2023-10-09,5,1249,6245,Completed
ORD_002882,CUST_999996,PROD_0012,SESS_003072,2023-10-25,1,1399.5,1400,Refunded
ORD_000308,CUST_00636,PROD_0029,SESS_003702,2023-09-28,5,3996.95,19985,Completed
ORD_001399,CUST_00695,PROD_0005,SESS_004955,2023-11-28,4,999,3996,Completed
ORD_002981,CUST_00342,PROD_0011,SESS_003119,2023-04-12,5,1499,7495,Completed
ORD_000762,CUST_00895,PROD_0007,SESS_002558,2023-11-16,4,2498,9992,Completed
ORD_000870,CUST_00343,PROD_0018,SESS_004535,2023-12-17,1,429,429,Completed
ORD_003390,CUST_00340,PROD_0039,NULL,2023-03-20,1,229,229,Cancelled
ORD_001701,CUST_00181,PROD_0009,SESS_002054,2023-10-11,2,3499,6998,Completed
ORD_000342,CUST_00852,PROD_0025,SESS_003147,2023-12-21,3,3299,9897,Refunded
ORD_000584,CUST_00133,PROD_0017,NULL,2023-02-04,5,398,1990,Refunded
ORD_000737,CUST_00562,PROD_0022,SESS_004081,2023-12-09,4,349.99,1400,Cancelled
ORD_001890,CUST_00856,PROD_0030,SESS_000679,2023-11-22,5,759,3795,Processing
ORD_001154,CUST_00225,PROD_0038,NULL,NULL,3,499.99,1500,Cancelled
ORD_001218,CUST_00145,PROD_0001,SESS_001102,2023-01-10,5,1199,5995,Completed
ORD_002252,CUST_00008,PROD_0030,SESS_001586,2023-03-16,5,759,3795,Cancelled
ORD_001246,CUST_00520,PROD_0033,SESS_004055,2023-04-30,1,799,799,Completed
ORD_003221,CUST_00009,PROD_0025,SESS_000043,2023-05-26,4,3299,13196,Cancelled
ORD_001113,CUST_00512,PROD_0043,SESS_004825,2023-03-21,2,2199,4398,Cancelled
ORD_000568,CUST_00594,PROD_0023,SESS_004580,2023-12-31,5,1699.99,8500,Completed
ORD_002952,CUST_00371,PROD_0022,SESS_001433,2023-04-23,2,349.99,700,Processing
ORD_002199,CUST_00473,PROD_0026,SESS_004542,2023-06-15,4,599,2396,Completed
ORD_001473,CUST_00931,PROD_0010,NULL,2023-01-17,3,1299,3897,Completed
ORD_001157,CUST_00445,PROD_0032,SESS_000057,2023-09-30,5,129,645,Refunded
ORD_003159,CUST_00007,PROD_0020,SESS_002050,2023-10-03,4,349.95,1400,Refunded
ORD_002058,CUST_00312,PROD_0028,SESS_004346,NULL,1,2499,2499,Cancelled
ORD_003170,CUST_00542,PROD_0011,SESS_000365,2023-03-28,5,1499,7495,Completed
ORD_000519,CUST_00261,PROD_0035,NULL,2023-02-04,3,399.99,1200,Completed
ORD_003343,CUST_00646,PROD_0023,SESS_003818,2023-12-04,2,1699.99,3400,Refunded
ORD_000385,CUST_00661,PROD_0038,NULL,2023-11-07,1,499.99,500,Cancelled
ORD_001007,CUST_00749,PROD_0006,SESS_002445,2023-06-03,1,799.99,800,Cancelled
ORD_003265,CUST_00313,PROD_0024,SESS_001920,2023-11-25,3,2499.99,7500,Processing
ORD_003303,CUST_00100,PROD_0020,SESS_004700,2023-11-16,5,349.95,1750,Completed
ORD_000598,CUST_00405,PROD_0003,SESS_000665,2023-01-24,5,1299.99,6500,Processing
ORD_000098,CUST_00775,PROD_0016,SESS_004093,2023-06-06,3,1450,4350,Cancelled
ORD_003378,CUST_00926,PROD_0017,SESS_003962,2023-04-19,4,398,1592,Completed
ORD_001781,CUST_00700,PROD_0019,SESS_000813,2023-03-09,5,249,1245,Processing
ORD_000981,CUST_00890,PROD_0035,NULL,2023-02-20,4,399.99,1600,Cancelled
ORD_000765,CUST_00518,PROD_0023,NULL,2023-12-25,2,1699.99,3400,Completed
ORD_003268,CUST_00258,PROD_0007,SESS_001712,2023-09-03,5,2498,12490,Refunded
ORD_002889,CUST_00736,PROD_0006,SESS_004055,2023-09-30,3,799.99,2400,Cancelled
ORD_003295,CUST_00453,PROD_0019,SESS_002867,2024-01-01,5,249,1245,Processing
ORD_001921,CUST_00306,PROD_0043,NULL,2023-10-06,2,2199,4398,Processing
ORD_002530,CUST_00617,PROD_0036,SESS_004800,2023-08-09,4,199.99,800,Completed
ORD_003492,CUST_999993,PROD_0024,SESS_000518,2023-09-26,5,2499.99,12500,Cancelled
ORD_001264,CUST_00264,PROD_0040,SESS_002832,2023-01-18,3,199.99,600,Cancelled
ORD_002430,CUST_00241,PROD_0026,SESS_004888,2023-03-04,2,599,1198,Completed
ORD_000370,CUST_00559,PROD_0008,SESS_002405,2023-09-16,5,699,3495,Completed
ORD_002512,CUST_00365,PROD_0003,SESS_000707,2023-04-04,4,1299.99,5200,Cancelled
ORD_002621,CUST_00072,PROD_0031,SESS_000934,2023-07-05,5,399.99,2000,Cancelled
ORD_002468,CUST_00610,PROD_0019,SESS_005000,2023-03-05,1,249,249,Completed
ORD_002626,CUST_00506,PROD_0016,SESS_000806,2023-11-19,4,1450,5800,Completed
ORD_002165,CUST_00938,PROD_0020,SESS_001584,2023-03-28,2,349.95,700,Processing
ORD_002255,CUST_00319,PROD_0003,SESS_001905,2023-08-03,1,1299.99,1300,Processing
ORD_000183,CUST_00294,PROD_0031,SESS_003473,2023-08-05,3,399.99,1200,Refunded
ORD_001060,CUST_00927,PROD_0009,NULL,2023-10-18,2,3499,6998,Processing
ORD_001065,CUST_00599,PROD_0019,SESS_001739,2023-08-20,1,249,249,Refunded
ORD_000648,CUST_00650,PROD_0036,SESS_000208,2023-12-14,5,199.99,1000,Cancelled
ORD_001328,CUST_00497,PROD_0040,SESS_000093,2023-03-26,5,199.99,1000,Refunded
ORD_002288,CUST_00256,PROD_0024,SESS_001942,2023-08-19,3,2499.99,7500,Cancelled
ORD_002112,CUST_00391,PROD_0005,SESS_000530,2023-09-09,3,999,2997,Processing
ORD_001848,CUST_00879,PROD_0018,SESS_003408,2023-10-14,1,429,429,Completed
ORD_001656,CUST_00538,PROD_0008,SESS_002224,2023-04-25,3,699,2097,Completed
ORD_001842,CUST_00442,PROD_0014,SESS_002226,2023-09-10,5,1249,6245,Refunded
ORD_000526,CUST_00858,PROD_0020,SESS_003561,2023-02-20,3,349.95,1050,Refunded
ORD_001253,CUST_00577,PROD_0004,SESS_003058,2023-11-23,3,1799.99,5400,Refunded
ORD_001849,CUST_00836,PROD_0039,SESS_001906,2023-07-20,5,229,1145,Processing
ORD_001929,CUST_00247,PROD_0040,SESS_003785,2023-02-22,2,199.99,400,Cancelled
ORD_000107,CUST_00032,PROD_0009,SESS_000124,2023-01-19,2,3499,6998,Cancelled
ORD_002176,CUST_999993,PROD_0023,SESS_003575,2023-09-01,1,1699.99,1700,Completed
ORD_001145,CUST_00329,PROD_0001,NULL,2023-03-16,3,1199,3597,Cancelled
ORD_001299,CUST_00901,PROD_0037,SESS_001628,2023-10-14,2,499.99,1000,Cancelled
ORD_001184,CUST_00289,PROD_0010,SESS_000228,2023-02-02,1,1299,1299,Cancelled
ORD_002399,CUST_00186,PROD_0029,SESS_001506,2023-01-13,1,3996.95,3997,Processing
ORD_000625,CUST_00547,PROD_0014,SESS_004012,2023-02-18,4,1249,4996,Completed
ORD_000022,CUST_00090,PROD_0031,SESS_003877,2023-11-09,2,399.99,800,Completed
ORD_001792,CUST_00593,PROD_0026,SESS_004529,2023-09-25,5,599,2995,Processing
ORD_000339,CUST_00718,PROD_0016,NULL,2023-11-16,4,1450,5800,Refunded
ORD_002067,CUST_00197,PROD_0013,SESS_002215,2023-01-12,4,1599.99,6400,Processing
ORD_001003,CUST_00467,PROD_0009,SESS_000905,2023-12-09,2,3499,6998,Cancelled
ORD_001069,CUST_00025,PROD_0004,SESS_004212,2023-03-04,3,1799.99,5400,Refunded
ORD_000213,CUST_00748,PROD_0025,SESS_004647,2023-08-04,5,3299,16495,Cancelled
ORD_000748,CUST_00810,PROD_0010,NULL,2023-09-23,1,1299,1299,Refunded
ORD_001935,CUST_00147,PROD_0025,SESS_001505,2023-08-08,3,3299,9897,Cancelled
ORD_002874,CUST_00424,PROD_0011,SESS_003138,2023-06-30,5,1499,7495,Cancelled
ORD_003486,CUST_00674,PROD_0022,SESS_003043,2023-10-29,3,349.99,1050,Cancelled
ORD_001551,CUST_00624,PROD_0018,SESS_004566,2023-08-20,4,429,1716,Refunded
ORD_000712,CUST_00114,PROD_0035,SESS_001917,2023-11-12,4,399.99,1600,Completed
ORD_000961,CUST_00997,PROD_0013,NULL,2023-04-29,5,1599.99,8000,Cancelled
ORD_003078,CUST_00548,PROD_0028,SESS_002820,2023-01-31,1,2499,2499,Completed
ORD_003198,CUST_00183,PROD_0037,NULL,2023-01-03,5,499.99,2500,Completed
ORD_001505,CUST_00177,PROD_0028,SESS_001548,2023-04-02,3,2499,7497,Cancelled
ORD_001123,CUST_00691,PROD_0005,SESS_002526,2023-08-16,2,999,1998,Completed
ORD_002876,CUST_00428,PROD_0033,SESS_004515,2023-09-15,3,799,2397,Cancelled
ORD_000583,CUST_00663,PROD_0025,SESS_004589,2023-02-17,5,3299,16495,Completed
ORD_000108,CUST_00297,PROD_0033,SESS_001546,2023-10-11,5,799,3995,Processing
ORD_003092,CUST_999991,PROD_0001,SESS_001590,2023-07-25,2,1199,2398,Cancelled
ORD_001801,CUST_00643,PROD_0024,NULL,2023-01-14,2,2499.99,5000,Completed
ORD_003090,CUST_00652,PROD_0033,SESS_004571,2023-04-07,4,799,3196,Refunded
ORD_001304,CUST_00031,PROD_0023,NULL,2023-10-21,2,1699.99,3400,Cancelled
ORD_000851,CUST_00182,PROD_0034,SESS_004731,2023-11-15,5,899.99,4500,Completed
ORD_001163,CUST_00233,PROD_0021,SESS_004275,2023-10-02,5,229.99,1150,Cancelled
ORD_002478,CUST_00559,PROD_0011,NULL,2023-10-01,5,1499,7495,Refunded
ORD_002024,CUST_00599,PROD_0038,SESS_000963,2023-06-07,5,499.99,2500,Cancelled
ORD_002502,CUST_00025,PROD_0015,SESS_003981,2023-12-10,1,2699.99,2700,Cancelled
ORD_002416,CUST_00552,PROD_0008,SESS_002760,2023-03-23,5,699,3495,Refunded
ORD_002432,CUST_00287,PROD_0002,NULL,2023-07-29,5,799,3995,Cancelled
ORD_000744,CUST_00133,PROD_0042,SESS_003678,2023-11-03,2,749.99,1500,Cancelled
ORD_002905,CUST_00549,PROD_0021,SESS_004449,2023-08-17,5,229.99,1150,Completed
ORD_000928,CUST_00504,PROD_0001,SESS_004233,2023-03-31,5,1199,5995,Processing
ORD_002888,CUST_00993,PROD_0022,SESS_002552,2023-03-07,4,349.99,1400,Completed
ORD_002097,CUST_00506,PROD_0041,SESS_000585,2023-04-28,3,799,2397,Cancelled
ORD_001296,CUST_00885,PROD_0024,SESS_004436,2023-11-13,4,2499.99,10000,Processing
ORD_002234,CUST_999999,PROD_0008,SESS_002212,2023-01-27,1,699,699,Refunded
ORD_003152,CUST_999997,PROD_0024,SESS_001993,2023-02-09,3,2499.99,7500,Processing
ORD_003384,CUST_00366,PROD_0017,NULL,2023-04-01,2,398,796,Processing
ORD_000360,CUST_00704,PROD_0017,SESS_001516,2023-04-21,2,398,796,Completed
ORD_001562,CUST_00431,PROD_0022,SESS_003318,2023-08-23,5,349.99,1750,Refunded
ORD_003286,CUST_00738,PROD_0012,SESS_000498,NULL,3,1399.5,4198,Cancelled
ORD_000240,CUST_999997,PROD_0001,SESS_002666,2023-04-19,3,1199,3597,Completed
ORD_000959,CUST_00592,PROD_0025,SESS_002700,2023-05-07,5,3299,16495,Processing
ORD_002079,CUST_00277,PROD_0005,SESS_001246,2023-06-10,2,999,1998,Completed
ORD_000250,CUST_999991,PROD_0025,SESS_002682,2023-03-14,3,3299,9897,Processing
ORD_002789,CUST_00103,PROD_0022,NULL,2023-05-12,2,349.99,700,Processing
ORD_000223,CUST_00815,PROD_0035,SESS_001607,2023-04-03,2,399.99,800,Refunded
ORD_002696,CUST_00993,PROD_0010,SESS_000576,2023-04-15,5,1299,6495,Completed
ORD_002360,CUST_00825,PROD_0032,NULL,2023-12-30,2,129,258,Processing
ORD_001931,CUST_00156,PROD_0013,SESS_000743,2023-07-26,3,1599.99,4800,Cancelled
ORD_000880,CUST_00115,PROD_0038,SESS_002672,2023-06-04,5,499.99,2500,Completed
ORD_001549,CUST_00847,PROD_0007,SESS_000800,2023-10-18,2,2498,4996,Cancelled
ORD_001788,CUST_00583,PROD_0038,SESS_001658,2023-08-27,5,499.99,2500,Completed
ORD_003155,CUST_00841,PROD_0010,SESS_003036,2023-11-18,2,1299,2598,Processing
ORD_000132,CUST_00103,PROD_0027,SESS_001644,2023-03-31,2,2498,4996,Processing
ORD_002109,CUST_00412,PROD_0025,SESS_001370,2023-08-08,4,3299,13196,Completed
ORD_003321,CUST_00618,PROD_0008,SESS_002695,2023-11-05,1,699,699,Completed
ORD_000190,CUST_00032,PROD_0034,SESS_001446,2023-11-01,3,899.99,2700,Refunded
ORD_003377,CUST_00100,PROD_0025,SESS_001087,2023-11-16,2,3299,6598,Cancelled
ORD_003215,CUST_00557,PROD_0042,NULL,2023-05-11,5,749.99,3750,Processing
ORD_001698,CUST_00374,PROD_0012,SESS_002776,2023-08-16,1,1399.5,1400,Completed
ORD_002006,CUST_999991,PROD_0030,SESS_004039,2023-11-12,4,759,3036,Completed
ORD_001176,CUST_00012,PROD_0017,SESS_000509,NULL,5,398,1990,Refunded
ORD_001836,CUST_00998,PROD_0027,SESS_004740,2023-04-12,5,2498,12490,Processing
ORD_001403,CUST_999991,PROD_0026,NULL,2023-04-04,2,599,1198,Completed
ORD_000935,CUST_00752,PROD_0029,SESS_001418,2023-02-04,4,3996.95,15988,Refunded
ORD_000063,CUST_00129,PROD_0004,SESS_000606,2023-09-10,1,1799.99,1800,Cancelled
ORD_000624,CUST_00976,PROD_0013,SESS_003608,2023-05-27,5,1599.99,8000,Completed
ORD_001530,CUST_00668,PROD_0037,SESS_001477,2023-10-18,1,499.99,500,Cancelled
ORD_001024,CUST_00332,PROD_0012,SESS_002832,2023-02-18,4,1399.5,5598,Refunded
ORD_001383,CUST_00341,PROD_0012,SESS_000420,2023-01-18,1,1399.5,1400,Cancelled
ORD_002815,CUST_00166,PROD_0038,SESS_002885,2023-07-24,1,499.99,500,Completed
ORD_000721,CUST_00870,PROD_0004,SESS_000370,NULL,2,1799.99,3600,Cancelled
ORD_000587,CUST_00622,PROD_0033,SESS_001428,2023-10-20,2,799,1598,Cancelled
ORD_001258,CUST_00533,PROD_0034,SESS_000822,2023-06-13,2,899.99,1800,Completed
ORD_002593,CUST_00042,PROD_0038,SESS_002059,2023-07-31,5,499.99,2500,Cancelled
ORD_003481,CUST_00169,PROD_0015,SESS_003642,2023-07-02,2,2699.99,5400,Completed
ORD_002167,CUST_00092,PROD_0027,SESS_004454,2023-01-03,3,2498,7494,Completed
ORD_003420,CUST_00282,PROD_0028,SESS_001815,2023-04-07,5,2499,12495,Cancelled
ORD_000136,CUST_00858,PROD_0001,SESS_002323,2023-09-21,4,1199,4796,Completed
ORD_001880,CUST_00513,PROD_0012,SESS_000093,2023-12-28,4,1399.5,5598,Cancelled
ORD_000779,CUST_00937,PROD_0012,SESS_003927,2023-04-18,4,1399.5,5598,Refunded
ORD_000736,CUST_00539,PROD_0018,NULL,2023-08-23,1,429,429,Cancelled
ORD_001769,CUST_00406,PROD_0028,SESS_002859,2023-02-13,1,2499,2499,Cancelled
ORD_000782,CUST_00824,PROD_0023,SESS_003838,2023-06-08,3,1699.99,5100,Completed
ORD_001934,CUST_00422,PROD_0033,NULL,2023-08-06,4,799,3196,Cancelled
ORD_002911,CUST_00697,PROD_0001,SESS_001048,2023-10-02,1,1199,1199,Processing
ORD_000093,CUST_00568,PROD_0003,SESS_000360,2023-06-03,5,1299.99,6500,Refunded
ORD_003106,CUST_00507,PROD_0025,SESS_001487,2023-12-22,5,3299,16495,Processing
ORD_003235,CUST_999999,PROD_0013,SESS_001164,2023-07-05,4,1599.99,6400,Refunded
ORD_001056,CUST_00801,PROD_0007,SESS_001511,2023-12-18,4,2498,9992,Cancelled
ORD_002506,CUST_00174,PROD_0042,SESS_002371,2023-07-29,2,749.99,1500,Cancelled
ORD_001364,CUST_00885,PROD_0030,NULL,2023-09-06,5,759,3795,Completed
ORD_001622,CUST_00376,PROD_0035,SESS_000557,2023-08-11,2,399.99,800,Completed
ORD_002134,CUST_00440,PROD_0041,SESS_003041,2023-02-12,1,799,799,Cancelled
ORD_003025,CUST_00700,PROD_0027,SESS_004227,2023-09-23,1,2498,2498,Completed
ORD_003056,CUST_999999,PROD_0029,SESS_004788,2023-09-14,3,3996.95,11991,Cancelled
ORD_002763,CUST_00713,PROD_0041,NULL,2023-03-09,3,799,2397,Processing
ORD_001047,CUST_00325,PROD_0018,SESS_000807,2023-10-08,3,429,1287,Completed
ORD_003262,CUST_00376,PROD_0003,NULL,2023-09-17,3,1299.99,3900,Completed
ORD_000363,CUST_999992,PROD_0042,SESS_004104,2023-05-23,1,749.99,750,Cancelled
ORD_002750,CUST_00792,PROD_0022,SESS_004597,2023-10-05,3,349.99,1050,Processing
ORD_000861,CUST_00470,PROD_0016,SESS_003881,2023-12-23,4,1450,5800,Processing
ORD_000044,CUST_00993,PROD_0011,NULL,2023-02-14,3,1499,4497,Cancelled
ORD_002592,CUST_00370,PROD_0041,SESS_001337,2023-10-19,5,799,3995,Cancelled
ORD_003482,CUST_00557,PROD_0033,NULL,2023-08-23,2,799,1598,Refunded
ORD_002475,CUST_00551,PROD_0009,NULL,2023-11-02,4,3499,13996,Cancelled
ORD_000933,CUST_00187,PROD_0035,SESS_000429,2023-01-10,3,399.99,1200,Completed
ORD_000203,CUST_00877,PROD_0010,SESS_000887,2023-05-10,4,1299,5196,Cancelled
ORD_003022,CUST_00439,PROD_0041,NULL,2023-03-14,5,799,3995,Completed
ORD_002325,CUST_00366,PROD_0009,SESS_000239,2023-12-09,3,3499,10497,Refunded
ORD_000290,CUST_00359,PROD_0001,SESS_003883,2023-01-01,2,1199,2398,Refunded
ORD_000686,CUST_00697,PROD_0007,SESS_000585,2023-05-14,4,2498,9992,Completed
ORD_002685,CUST_999994,PROD_0036,SESS_002972,2023-11-25,2,199.99,400,Processing
ORD_001453,CUST_00168,PROD_0002,SESS_002079,2023-09-30,3,799,2397,Cancelled
ORD_003051,CUST_999999,PROD_0017,NULL,2023-05-18,5,398,1990,Completed
ORD_000884,CUST_00725,PROD_0038,SESS_002543,2023-04-13,3,499.99,1500,Completed
ORD_001573,CUST_00315,PROD_0013,SESS_003401,2023-08-19,3,1599.99,4800,Processing
ORD_001689,CUST_00487,PROD_0019,SESS_001556,2023-02-22,2,249,498,Completed
ORD_001663,CUST_00545,PROD_0010,SESS_003289,2023-09-13,2,1299,2598,Cancelled
ORD_000407,CUST_00424,PROD_0009,SESS_000219,2023-03-30,1,3499,3499,Completed
ORD_003147,CUST_00557,PROD_0001,SESS_004094,2023-06-14,1,1199,1199,Cancelled
ORD_002752,CUST_00376,PROD_0019,SESS_003422,2023-11-04,3,249,747,Cancelled
ORD_003393,CUST_00193,PROD_0034,SESS_004974,2023-09-02,5,899.99,4500,Completed
ORD_000585,CUST_00026,PROD_0009,SESS_003780,2023-09-22,3,3499,10497,Refunded
ORD_002684,CUST_00905,PROD_0003,SESS_000380,2023-09-30,3,1299.99,3900,Cancelled
ORD_001637,CUST_999999,PROD_0038,SESS_000772,2023-03-15,2,499.99,1000,Completed
ORD_002609,CUST_00805,PROD_0021,NULL,2023-04-13,1,229.99,230,Cancelled
ORD_002341,CUST_00697,PROD_0023,NULL,2023-11-04,5,1699.99,8500,Refunded
ORD_001705,CUST_00582,PROD_0040,SESS_003780,2023-04-23,3,199.99,600,Cancelled
ORD_000512,CUST_00594,PROD_0016,SESS_004367,2023-04-11,3,1450,4350,Cancelled
ORD_001172,CUST_00258,PROD_0013,NULL,2023-06-09,3,1599.99,4800,Cancelled
ORD_003103,CUST_00968,PROD_0022,SESS_004806,2023-01-30,1,349.99,350,Completed
ORD_001597,CUST_00344,PROD_0012,SESS_004112,2023-07-08,4,1399.5,5598,Completed
ORD_002153,CUST_999993,PROD_0003,SESS_000082,2023-12-14,1,1299.99,1300,Refunded
ORD_000877,CUST_00212,PROD_0019,SESS_003809,2023-08-18,4,249,996,Cancelled
ORD_001214,CUST_00699,PROD_0015,SESS_000244,2023-02-26,2,2699.99,5400,Cancelled
ORD_000714,CUST_00703,PROD_0018,SESS_000446,2023-08-05,2,429,858,Refunded
ORD_001847,CUST_00726,PROD_0013,SESS_001361,2023-08-17,1,1599.99,1600,Completed
ORD_002886,CUST_00874,PROD_0007,SESS_000202,2023-05-10,1,2498,2498,Cancelled
ORD_002116,CUST_00020,PROD_0018,SESS_002470,2023-06-09,3,429,1287,Refunded
ORD_001596,CUST_00749,PROD_0018,NULL,2023-11-13,3,429,1287,Cancelled
ORD_000593,CUST_00256,PROD_0037,NULL,2023-12-16,2,499.99,1000,Completed
ORD_000966,CUST_00156,PROD_0030,SESS_000012,2023-09-25,3,759,2277,Cancelled
ORD_000015,CUST_00876,PROD_0004,SESS_000243,2023-12-16,4,1799.99,7200,Completed
ORD_002848,CUST_00097,PROD_0018,NULL,2023-11-02,4,429,1716,Completed
ORD_002776,CUST_00162,PROD_0005,SESS_004324,2023-08-03,1,999,999,Processing
ORD_002450,CUST_00888,PROD_0006,SESS_003217,2023-07-12,2,799.99,1600,Cancelled
ORD_002384,CUST_00324,PROD_0014,NULL,2023-04-06,5,1249,6245,Completed
ORD_000931,CUST_00900,PROD_0008,SESS_003994,2023-12-18,4,699,2796,Cancelled
ORD_002198,CUST_00455,PROD_0037,NULL,2023-09-15,3,499.99,1500,Refunded
ORD_001248,CUST_00679,PROD_0001,SESS_002403,2023-12-01,1,1199,1199,Completed
ORD_003460,CUST_00263,PROD_0008,NULL,2023-08-20,1,699,699,Cancelled
ORD_003136,CUST_00371,PROD_0014,SESS_002168,2023-09-26,5,1249,6245,Cancelled
ORD_002535,CUST_999994,PROD_0016,SESS_001052,2023-04-11,3,1450,4350,Processing
ORD_001139,CUST_00109,PROD_0023,SESS_001495,2023-05-14,4,1699.99,6800,Cancelled
ORD_002708,CUST_00651,PROD_0037,NULL,2023-06-29,5,499.99,2500,Completed
ORD_002377,CUST_00792,PROD_0004,NULL,2023-01-18,1,1799.99,1800,Cancelled
ORD_000829,CUST_00681,PROD_0003,SESS_001517,2023-02-08,5,1299.99,6500,Completed
ORD_003166,CUST_00592,PROD_0023,SESS_003659,2023-12-31,1,1699.99,1700,Cancelled
ORD_003130,CUST_00459,PROD_0014,SESS_004553,2023-04-11,4,1249,4996,Cancelled
ORD_001650,CUST_00320,PROD_0038,SESS_003881,2023-09-08,3,499.99,1500,Completed
ORD_001838,CUST_00187,PROD_0042,SESS_000263,2023-08-30,5,749.99,3750,Cancelled
ORD_001966,CUST_00612,PROD_0002,SESS_002624,2023-09-04,1,799,799,Completed
ORD_001030,CUST_999992,PROD_0001,SESS_000231,2023-07-19,2,1199,2398,Completed
ORD_003470,CUST_00830,PROD_0007,SESS_004213,2023-02-24,1,2498,2498,Refunded
ORD_003095,CUST_00930,PROD_0031,SESS_004869,2023-08-19,2,399.99,800,Cancelled
ORD_002827,CUST_00108,PROD_0014,SESS_002051,2023-03-06,4,1249,4996,Cancelled
ORD_001949,CUST_00910,PROD_0009,SESS_002283,2023-02-15,2,3499,6998,Completed
ORD_003319,CUST_00145,PROD_0001,SESS_003045,2023-01-27,5,1199,5995,Completed
ORD_003195,CUST_999992,PROD_0027,SESS_003933,2023-12-21,5,2498,12490,Completed
ORD_003445,CUST_00657,PROD_0001,SESS_000877,2023-01-01,5,1199,5995,Completed
ORD_000715,CUST_00291,PROD_0040,SESS_001007,2023-12-31,4,199.99,800,Cancelled
ORD_001766,CUST_00441,PROD_0002,SESS_004278,2023-02-11,3,799,2397,Refunded
ORD_002853,CUST_00807,PROD_0032,SESS_002737,2023-01-16,2,129,258,Completed
ORD_002638,CUST_00877,PROD_0003,SESS_000873,2023-06-02,1,1299.99,1300,Completed
ORD_000995,CUST_00707,PROD_0016,SESS_003736,2023-12-27,3,1450,4350,Cancelled
ORD_000607,CUST_00901,PROD_0032,SESS_001310,2023-05-15,3,129,387,Refunded
ORD_003340,CUST_00992,PROD_0034,SESS_004072,2023-08-04,5,899.99,4500,Cancelled
ORD_003026,CUST_00989,PROD_0008,SESS_000581,2023-09-19,2,699,1398,Completed
ORD_000053,CUST_00835,PROD_0008,SESS_004428,2023-04-18,5,699,3495,Completed
ORD_000467,CUST_00051,PROD_0039,SESS_003517,2023-05-24,5,229,1145,Refunded
ORD_002115,CUST_00308,PROD_0019,SESS_004862,2023-11-29,3,249,747,Cancelled
ORD_001907,CUST_00083,PROD_0036,SESS_000082,2023-01-27,3,199.99,600,Cancelled
ORD_002540,CUST_999996,PROD_0025,NULL,2023-11-25,4,3299,13196,Processing
ORD_001802,CUST_00695,PROD_0005,NULL,2023-12-17,4,999,3996,Cancelled
ORD_003226,CUST_00372,PROD_0034,SESS_000697,2023-12-05,2,899.99,1800,Completed
ORD_001775,CUST_00490,PROD_0027,SESS_000080,2023-01-02,1,2498,2498,Processing
ORD_002118,CUST_00304,PROD_0006,SESS_000339,2023-09-01,2,799.99,1600,Cancelled
ORD_003337,CUST_00835,PROD_0015,SESS_003651,2023-05-01,5,2699.99,13500,Completed
ORD_003436,CUST_00222,PROD_0009,SESS_000017,2023-11-15,4,3499,13996,Cancelled
ORD_002906,CUST_00488,PROD_0014,SESS_004241,2023-01-12,4,1249,4996,Cancelled
ORD_000922,CUST_00953,PROD_0027,SESS_001025,2023-11-18,4,2498,9992,Refunded
ORD_001589,CUST_999995,PROD_0013,SESS_004414,2023-07-18,2,1599.99,3200,Completed
ORD_000833,CUST_00720,PROD_0029,SESS_004698,2023-03-09,4,3996.95,15988,Refunded
ORD_000824,CUST_00539,PROD_0027,SESS_003355,2023-09-02,1,2498,2498,Refunded
ORD_003012,CUST_00992,PROD_0006,SESS_004832,2023-06-30,3,799.99,2400,Cancelled
ORD_001767,CUST_00759,PROD_0036,SESS_004661,2023-07-17,5,199.99,1000,Refunded
ORD_001432,CUST_00512,PROD_0021,SESS_004800,2023-10-30,3,229.99,690,Cancelled
ORD_002251,CUST_00525,PROD_0004,NULL,2023-03-15,5,1799.99,9000,Completed
ORD_002195,CUST_00950,PROD_0019,SESS_001174,2023-06-28,4,249,996,Cancelled
ORD_001281,CUST_00392,PROD_0002,SESS_004285,2023-12-09,4,799,3196,Completed
ORD_002545,CUST_00558,PROD_0006,NULL,2023-12-14,2,799.99,1600,Completed
ORD_001611,CUST_00962,PROD_0040,SESS_004698,2023-02-17,1,199.99,200,Cancelled
ORD_002963,CUST_00426,PROD_0029,SESS_003494,2023-12-26,5,3996.95,19985,Cancelled
ORD_002683,CUST_00554,PROD_0040,SESS_002438,2023-01-26,4,199.99,800,Processing
ORD_002806,CUST_00499,PROD_0005,SESS_003015,2023-09-21,5,999,4995,Cancelled
ORD_001517,CUST_00739,PROD_0021,SESS_001724,2023-02-16,3,229.99,690,Refunded
ORD_002193,CUST_00743,PROD_0042,SESS_003471,2023-11-20,3,749.99,2250,Completed
ORD_000789,CUST_00350,PROD_0043,SESS_001121,NULL,2,2199,4398,Cancelled
ORD_002440,CUST_00728,PROD_0021,SESS_000556,2023-11-25,5,229.99,1150,Completed
ORD_001019,CUST_00205,PROD_0016,SESS_000267,2023-11-02,5,1450,7250,Processing
ORD_003230,CUST_00031,PROD_0024,NULL,2023-10-06,3,2499.99,7500,Cancelled
ORD_002716,CUST_00649,PROD_0013,SESS_001246,2023-12-17,2,1599.99,3200,Processing
ORD_003255,CUST_00255,PROD_0001,NULL,2023-10-02,4,1199,4796,Processing
ORD_003006,CUST_00831,PROD_0043,SESS_002548,2023-08-05,5,2199,10995,Completed
ORD_001374,CUST_00054,PROD_0004,SESS_002843,2023-08-31,1,1799.99,1800,Completed
ORD_003156,CUST_00172,PROD_0027,SESS_004314,2023-01-20,1,2498,2498,Completed
ORD_002053,CUST_00140,PROD_0012,SESS_004155,2023-09-19,2,1399.5,2799,Completed
ORD_002901,CUST_00596,PROD_0032,NULL,2023-09-21,1,129,129,Completed
ORD_003438,CUST_00398,PROD_0026,NULL,2023-06-12,3,599,1797,Completed
ORD_001326,CUST_00440,PROD_0037,SESS_004735,2023-09-17,3,499.99,1500,Completed
ORD_001624,CUST_00261,PROD_0006,NULL,2023-07-09,4,799.99,3200,Completed
ORD_003223,CUST_00999,PROD_0028,SESS_002290,2023-06-27,2,2499,4998,Completed
ORD_002693,CUST_00594,PROD_0042,SESS_000380,2023-08-12,1,749.99,750,Processing
ORD_001155,CUST_00236,PROD_0007,NULL,2023-07-27,1,2498,2498,Cancelled
ORD_000592,CUST_00355,PROD_0025,SESS_001366,NULL,4,3299,13196,Completed
ORD_002558,CUST_00070,PROD_0004,SESS_004474,2023-10-08,2,1799.99,3600,Completed
ORD_000222,CUST_00112,PROD_0043,NULL,2023-10-03,3,2199,6597,Processing
ORD_000445,CUST_00748,PROD_0025,SESS_003749,2023-08-20,5,3299,16495,Refunded
ORD_002917,CUST_00282,PROD_0036,NULL,2023-12-22,2,199.99,400,Refunded
ORD_000400,CUST_00691,PROD_0018,SESS_001528,2023-06-03,3,429,1287,Refunded
ORD_001988,CUST_00162,PROD_0019,SESS_004774,2023-06-20,2,249,498,Cancelled
ORD_001607,CUST_00400,PROD_0034,SESS_001098,2023-12-22,2,899.99,1800,Processing
ORD_000202,CUST_00140,PROD_0008,SESS_003902,2023-08-03,5,699,3495,Cancelled
ORD_001309,CUST_00834,PROD_0022,SESS_003530,2023-09-27,5,349.99,1750,Completed
ORD_003127,CUST_00607,PROD_0035,SESS_003025,2023-07-29,1,399.99,400,Refunded
ORD_000613,CUST_00796,PROD_0030,SESS_000081,2023-04-08,1,759,759,Processing
ORD_003462,CUST_00955,PROD_0001,NULL,2023-06-25,2,1199,2398,Cancelled
ORD_001630,CUST_00305,PROD_0024,SESS_002941,2023-01-18,5,2499.99,12500,Cancelled
ORD_002261,CUST_00724,PROD_0008,SESS_003856,2023-03-17,3,699,2097,Cancelled
ORD_003500,CUST_00746,PROD_0021,NULL,2023-08-20,3,229.99,690,Cancelled
ORD_003099,CUST_00207,PROD_0016,SESS_004333,2023-02-23,4,1450,5800,Completed
ORD_003361,CUST_00583,PROD_0001,NULL,2023-05-28,5,1199,5995,Cancelled
ORD_002504,CUST_00323,PROD_0012,SESS_001377,2023-04-23,5,1399.5,6998,Completed
ORD_002201,CUST_00490,PROD_0035,NULL,2023-08-04,4,399.99,1600,Cancelled
ORD_000466,CUST_00534,PROD_0034,SESS_004904,2023-03-20,4,899.99,3600,Processing
ORD_001691,CUST_00718,PROD_0010,SESS_004225,2023-12-29,5,1299,6495,Refunded
ORD_003306,CUST_00745,PROD_0040,SESS_001957,2023-02-06,4,199.99,800,Processing
ORD_000359,CUST_00673,PROD_0014,SESS_001430,2023-10-07,2,1249,2498,Processing
ORD_002753,CUST_00033,PROD_0023,SESS_000568,2023-11-29,1,1699.99,1700,Cancelled
ORD_001242,CUST_00543,PROD_0018,SESS_002456,2023-05-17,1,429,429,Cancelled
ORD_002601,CUST_00966,PROD_0023,SESS_003605,2023-10-25,1,1699.99,1700,Processing
ORD_001000,CUST_00899,PROD_0027,SESS_000142,2023-01-24,3,2498,7494,Completed
ORD_002047,CUST_00703,PROD_0030,SESS_001218,2023-08-19,5,759,3795,Cancelled
ORD_000279,CUST_00148,PROD_0016,SESS_004565,2023-11-19,3,1450,4350,Completed
ORD_000401,CUST_00449,PROD_0020,SESS_003063,2023-12-22,4,349.95,1400,Cancelled
ORD_002739,CUST_00187,PROD_0013,SESS_001956,2023-05-11,3,1599.99,4800,Refunded
ORD_001590,CUST_00520,PROD_0043,SESS_004266,2024-01-01,3,2199,6597,Completed
ORD_000876,CUST_00815,PROD_0021,SESS_000419,2023-09-30,1,229.99,230,Completed
ORD_001268,CUST_999995,PROD_0020,SESS_002795,2023-01-12,3,349.95,1050,Completed
ORD_000807,CUST_999994,PROD_0032,SESS_001000,2023-06-07,3,129,387,Cancelled
ORD_001277,CUST_00319,PROD_0010,SESS_001411,2023-09-15,4,1299,5196,Completed
ORD_003049,CUST_00186,PROD_0012,SESS_004848,2023-08-06,5,1399.5,6998,Completed
ORD_001107,CUST_00829,PROD_0010,NULL,2023-12-15,3,1299,3897,Completed
ORD_001039,CUST_00544,PROD_0011,SESS_004429,2023-09-30,5,1499,7495,Refunded
ORD_003344,CUST_00825,PROD_0040,SESS_004936,2023-01-04,1,199.99,200,Completed
ORD_002584,CUST_00382,PROD_0022,SESS_003081,2023-09-21,3,349.99,1050,Cancelled
ORD_002037,CUST_00120,PROD_0039,SESS_001483,2023-11-12,3,229,687,Cancelled
ORD_002151,CUST_00405,PROD_0005,SESS_000538,2023-09-05,4,999,3996,Refunded
ORD_000305,CUST_00073,PROD_0039,SESS_000771,2023-10-04,4,229,916,Completed
ORD_003327,CUST_00912,PROD_0008,SESS_002599,2023-01-15,3,699,2097,Cancelled
ORD_002143,CUST_00051,PROD_0002,SESS_000445,2023-08-23,5,799,3995,Cancelled
ORD_000952,CUST_00359,PROD_0014,SESS_000632,2023-09-20,1,1249,1249,Completed
ORD_001267,CUST_00588,PROD_0030,SESS_002425,2023-03-21,5,759,3795,Refunded
ORD_001441,CUST_00841,PROD_0033,SESS_000592,2023-08-21,5,799,3995,Cancelled
ORD_003031,CUST_00867,PROD_0003,SESS_001530,2023-01-08,4,1299.99,5200,Completed
ORD_003333,CUST_00464,PROD_0042,SESS_001725,2023-11-18,4,749.99,3000,Cancelled
ORD_003098,CUST_00220,PROD_0008,SESS_002671,2023-01-03,1,699,699,Cancelled
ORD_002560,CUST_00315,PROD_0037,SESS_000089,2023-01-26,1,499.99,500,Completed
ORD_002563,CUST_00063,PROD_0032,SESS_002421,2023-05-22,2,129,258,Completed
ORD_001124,CUST_00796,PROD_0009,SESS_001344,2023-04-09,2,3499,6998,Refunded
ORD_002453,CUST_00793,PROD_0019,SESS_002976,2023-12-30,5,249,1245,Refunded
ORD_002862,CUST_00015,PROD_0023,SESS_000530,2023-07-14,4,1699.99,6800,Completed
ORD_001057,CUST_00833,PROD_0029,SESS_002894,2023-08-26,1,3996.95,3997,Cancelled
ORD_001101,CUST_00091,PROD_0013,NULL,2023-04-14,1,1599.99,1600,Processing
ORD_001944,CUST_00441,PROD_0012,SESS_004791,2023-05-29,2,1399.5,2799,Refunded
ORD_000937,CUST_00520,PROD_0003,SESS_004947,2023-11-08,1,1299.99,1300,Refunded
ORD_000918,CUST_00602,PROD_0038,SESS_004790,2023-06-06,2,499.99,1000,Cancelled
ORD_002239,CUST_00783,PROD_0014,SESS_000912,2023-07-07,4,1249,4996,Processing
ORD_002567,CUST_00126,PROD_0006,SESS_003498,2023-11-24,2,799.99,1600,Completed
ORD_002168,CUST_00417,PROD_0023,SESS_003088,2023-09-21,5,1699.99,8500,Cancelled
ORD_002737,CUST_00324,PROD_0029,SESS_003202,2023-01-03,2,3996.95,7994,Completed
ORD_000212,CUST_00077,PROD_0006,SESS_000428,2023-10-14,5,799.99,4000,Cancelled
ORD_000906,CUST_00397,PROD_0040,SESS_001851,2023-07-07,5,199.99,1000,Cancelled
ORD_001676,CUST_00611,PROD_0043,SESS_003808,2023-01-02,5,2199,10995,Completed
ORD_001209,CUST_00220,PROD_0039,SESS_004828,2023-08-02,3,229,687,Cancelled
ORD_002822,CUST_00142,PROD_0016,SESS_004263,2023-07-20,5,1450,7250,Processing
ORD_001831,CUST_00485,PROD_0015,SESS_000852,2023-07-04,1,2699.99,2700,Processing
ORD_000766,CUST_00066,PROD_0027,SESS_004747,2023-12-31,5,2498,12490,Processing
ORD_002544,CUST_00782,PROD_0028,SESS_002249,2023-11-12,1,2499,2499,Completed
ORD_002884,CUST_00950,PROD_0003,SESS_003809,2023-03-22,5,1299.99,6500,Cancelled
ORD_001285,CUST_00362,PROD_0009,SESS_003847,2023-11-18,2,3499,6998,Completed
ORD_000687,CUST_00617,PROD_0004,SESS_000698,2023-10-05,2,1799.99,3600,Completed
ORD_001049,CUST_00606,PROD_0028,SESS_004847,2023-08-07,1,2499,2499,Completed
ORD_000205,CUST_00701,PROD_0014,SESS_002838,2023-10-19,2,1249,2498,Cancelled
ORD_000261,CUST_00131,PROD_0004,SESS_001763,2023-01-19,3,1799.99,5400,Cancelled
ORD_001992,CUST_00923,PROD_0019,SESS_004961,2023-09-08,3,249,747,Cancelled
ORD_003440,CUST_00634,PROD_0041,SESS_002772,2023-02-16,4,799,3196,Refunded
ORD_003062,CUST_00184,PROD_0038,SESS_001273,2023-03-09,5,499.99,2500,Cancelled
ORD_003332,CUST_00815,PROD_0006,SESS_001328,2023-02-07,5,799.99,4000,Completed
ORD_002691,CUST_00209,PROD_0003,NULL,2023-06-23,1,1299.99,1300,Cancelled
ORD_000013,CUST_00302,PROD_0034,NULL,2023-11-18,3,899.99,2700,Refunded
ORD_002473,CUST_00915,PROD_0021,SESS_004320,2023-01-05,2,229.99,460,Processing
ORD_002651,CUST_00690,PROD_0026,SESS_001806,2023-05-23,4,599,2396,Refunded
ORD_002282,CUST_00432,PROD_0008,NULL,2023-05-27,5,699,3495,Cancelled
ORD_001021,CUST_00534,PROD_0036,SESS_002310,2023-05-08,4,199.99,800,Cancelled
ORD_000962,CUST_999998,PROD_0040,SESS_003498,2023-05-25,4,199.99,800,Completed
ORD_000633,CUST_00506,PROD_0041,NULL,2023-09-14,1,799,799,Refunded
ORD_002501,CUST_00582,PROD_0007,SESS_000499,NULL,5,2498,12490,Completed
ORD_001298,CUST_00656,PROD_0001,SESS_000386,2023-07-03,1,1199,1199,Refunded
ORD_001423,CUST_00505,PROD_0005,SESS_002750,2023-03-10,1,999,999,Cancelled
ORD_000038,CUST_00917,PROD_0008,SESS_003897,2023-10-13,5,699,3495,Refunded
ORD_000317,CUST_00224,PROD_0022,SESS_004745,2023-12-28,1,349.99,350,Cancelled
ORD_001310,CUST_00649,PROD_0042,SESS_003700,2023-04-30,3,749.99,2250,Refunded
ORD_000020,CUST_00268,PROD_0025,SESS_003467,2023-04-13,5,3299,16495,Cancelled
ORD_003418,CUST_00722,PROD_0041,SESS_002345,2023-03-11,4,799,3196,Cancelled
ORD_001556,CUST_00396,PROD_0025,SESS_001797,2023-05-01,5,3299,16495,Cancelled
ORD_001029,CUST_00197,PROD_0041,SESS_000608,2023-11-13,1,799,799,Processing
ORD_001252,CUST_00390,PROD_0023,SESS_000210,2023-11-12,4,1699.99,6800,Cancelled
ORD_001694,CUST_00771,PROD_0035,NULL,2023-02-22,4,399.99,1600,Processing
ORD_002370,CUST_00733,PROD_0025,SESS_000506,2023-07-22,4,3299,13196,Cancelled
ORD_000739,CUST_00716,PROD_0028,SESS_000995,2023-03-04,4,2499,9996,Processing
ORD_000539,CUST_00954,PROD_0040,SESS_003455,2023-08-30,1,199.99,200,Cancelled
ORD_002849,CUST_00469,PROD_0031,SESS_000056,2023-10-08,1,399.99,400,Refunded
ORD_002338,CUST_00502,PROD_0007,SESS_001769,2023-06-22,5,2498,12490,Completed
ORD_001905,CUST_00591,PROD_0022,NULL,2023-01-04,1,349.99,350,Completed
ORD_002068,CUST_00158,PROD_0001,SESS_004076,2023-08-23,1,1199,1199,Cancelled
ORD_001150,CUST_00892,PROD_0008,SESS_004980,NULL,5,699,3495,Refunded
ORD_002744,CUST_00537,PROD_0039,SESS_002602,NULL,2,229,458,Refunded
ORD_003326,CUST_999995,PROD_0012,NULL,2023-11-10,2,1399.5,2799,Cancelled
ORD_000677,CUST_00103,PROD_0011,SESS_000577,2023-01-03,2,1499,2998,Cancelled
ORD_002589,CUST_00616,PROD_0014,SESS_001112,2023-01-18,4,1249,4996,Processing
ORD_001595,CUST_00950,PROD_0005,SESS_002237,2023-02-03,3,999,2997,Completed
ORD_001632,CUST_00422,PROD_0036,SESS_004493,2023-05-11,3,199.99,600,Cancelled
ORD_003074,CUST_00746,PROD_0022,SESS_004087,2023-07-22,3,349.99,1050,Cancelled
ORD_002289,CUST_00600,PROD_0022,SESS_002297,2023-05-21,1,349.99,350,Completed
ORD_000347,CUST_00210,PROD_0035,NULL,2023-11-05,5,399.99,2000,Processing
ORD_001315,CUST_00238,PROD_0035,SESS_003487,2023-01-26,4,399.99,1600,Cancelled
ORD_001457,CUST_00817,PROD_0017,NULL,2023-06-21,1,398,398,Processing
ORD_003151,CUST_999992,PROD_0004,NULL,2023-11-12,3,1799.99,5400,Cancelled
ORD_002322,CUST_00167,PROD_0042,SESS_003722,2023-07-22,5,749.99,3750,Refunded
ORD_000797,CUST_00500,PROD_0005,SESS_001118,2023-04-28,1,999,999,Processing
ORD_001729,CUST_00415,PROD_0016,NULL,2023-03-22,1,1450,1450,Processing
ORD_001686,CUST_00258,PROD_0007,NULL,2023-03-22,3,2498,7494,Cancelled
ORD_001484,CUST_00268,PROD_0040,NULL,2023-03-18,5,199.99,1000,Cancelled
ORD_000726,CUST_00555,PROD_0028,SESS_004304,2023-12-03,4,2499,9996,Processing
ORD_000302,CUST_00321,PROD_0012,SESS_003426,2023-09-18,5,1399.5,6998,Refunded
ORD_001247,CUST_00054,PROD_0041,SESS_004758,2023-06-23,1,799,799,Refunded
ORD_001805,CUST_00792,PROD_0040,SESS_001841,2023-03-14,2,199.99,400,Cancelled
ORD_001747,CUST_00295,PROD_0018,SESS_003161,2023-10-26,4,429,1716,Refunded
ORD_002233,CUST_00283,PROD_0018,SESS_001504,2023-03-31,1,429,429,Cancelled
ORD_001998,CUST_00888,PROD_0027,SESS_000183,2023-04-02,2,2498,4996,Processing
ORD_002788,CUST_00702,PROD_0004,SESS_004760,2023-01-10,1,1799.99,1800,Processing
ORD_000790,CUST_00691,PROD_0042,NULL,2023-11-01,2,749.99,1500,Cancelled
ORD_001671,CUST_00847,PROD_0039,SESS_002011,2023-03-09,3,229,687,Processing
ORD_001513,CUST_00112,PROD_0005,NULL,2023-03-19,3,999,2997,Refunded
ORD_001875,CUST_00395,PROD_0037,SESS_002822,2023-10-20,1,499.99,500,Completed
ORD_002574,CUST_00833,PROD_0035,SESS_004952,2023-03-10,4,399.99,1600,Processing
ORD_003490,CUST_00375,PROD_0021,SESS_004136,2023-08-29,5,229.99,1150,Processing
ORD_001827,CUST_00521,PROD_0017,SESS_001313,2023-05-02,5,398,1990,Cancelled
ORD_001983,CUST_00071,PROD_0011,SESS_003617,2023-09-24,4,1499,5996,Completed
ORD_003231,CUST_00519,PROD_0005,NULL,2023-02-25,4,999,3996,Completed
ORD_001721,CUST_00604,PROD_0025,SESS_001381,2023-07-18,3,3299,9897,Cancelled
ORD_002323,CUST_00531,PROD_0009,SESS_002817,2023-05-05,5,3499,17495,Completed
ORD_003313,CUST_00932,PROD_0015,SESS_004043,2023-12-17,1,2699.99,2700,Completed
ORD_002899,CUST_00109,PROD_0003,SESS_003927,2024-01-01,1,1299.99,1300,Refunded
ORD_002344,CUST_00221,PROD_0011,NULL,2023-10-23,5,1499,7495,Completed
ORD_002835,CUST_00368,PROD_0029,SESS_001264,2023-10-06,4,3996.95,15988,Processing
ORD_001259,CUST_00775,PROD_0019,SESS_004996,2023-10-06,1,249,249,Refunded
ORD_003189,CUST_00561,PROD_0022,SESS_001609,2023-11-10,2,349.99,700,Cancelled
ORD_000437,CUST_00893,PROD_0029,SESS_002617,2023-08-21,4,3996.95,15988,Completed
ORD_003043,CUST_00531,PROD_0007,SESS_002531,2023-12-06,2,2498,4996,Processing
ORD_000793,CUST_00824,PROD_0002,NULL,2023-08-14,5,799,3995,Refunded
ORD_003276,CUST_00606,PROD_0001,SESS_003079,2023-05-04,1,1199,1199,Completed
ORD_000334,CUST_00683,PROD_0028,NULL,2023-01-14,4,2499,9996,Completed
ORD_003289,CUST_00811,PROD_0025,SESS_003223,2023-03-23,1,3299,3299,Completed
ORD_003299,CUST_00566,PROD_0001,SESS_001902,2023-12-02,4,1199,4796,Refunded
ORD_002206,CUST_00045,PROD_0030,SESS_004830,2023-05-26,5,759,3795,Refunded
ORD_001088,CUST_00226,PROD_0024,NULL,2023-10-27,3,2499.99,7500,Processing
ORD_002085,CUST_00792,PROD_0005,NULL,2023-06-16,3,999,2997,Processing
ORD_001679,CUST_00384,PROD_0035,SESS_002164,2023-10-14,1,399.99,400,Completed
ORD_000166,CUST_00887,PROD_0011,NULL,2023-01-26,5,1499,7495,Cancelled
ORD_003457,CUST_00852,PROD_0007,SESS_002908,2023-08-02,5,2498,12490,Completed
ORD_000664,CUST_00939,PROD_0031,NULL,2023-01-11,5,399.99,2000,Completed
ORD_002376,CUST_00570,PROD_0034,NULL,2023-07-21,2,899.99,1800,Cancelled
ORD_001197,CUST_00051,PROD_0013,SESS_001794,2023-04-16,1,1599.99,1600,Cancelled
ORD_002244,CUST_00232,PROD_0032,SESS_000480,2023-01-13,3,129,387,Cancelled
ORD_000672,CUST_999994,PROD_0038,SESS_003112,2023-05-24,4,499.99,2000,Completed
ORD_003217,CUST_00571,PROD_0041,SESS_001154,2023-10-06,1,799,799,Refunded
ORD_001390,CUST_00236,PROD_0020,SESS_002523,2023-09-01,5,349.95,1750,Refunded
ORD_003186,CUST_00047,PROD_0014,SESS_000490,2023-10-17,1,1249,1249,Completed
ORD_001219,CUST_00233,PROD_0037,NULL,2023-09-18,4,499.99,2000,Refunded
ORD_001344,CUST_00718,PROD_0040,SESS_003760,2023-02-17,1,199.99,200,Cancelled
ORD_001904,CUST_00142,PROD_0014,SESS_000935,2023-01-07,4,1249,4996,Refunded
ORD_001969,CUST_00360,PROD_0016,SESS_001685,2023-05-06,4,1450,5800,Refunded
ORD_002359,CUST_00544,PROD_0001,SESS_001748,2023-11-25,4,1199,4796,Refunded
ORD_000174,CUST_00099,PROD_0039,NULL,2023-02-03,2,229,458,Cancelled
ORD_001199,CUST_00750,PROD_0019,SESS_002179,2023-05-01,5,249,1245,Completed
ORD_002945,CUST_00789,PROD_0034,SESS_002180,2023-11-03,4,899.99,3600,Completed
ORD_002065,CUST_00771,PROD_0040,SESS_002649,NULL,2,199.99,400,Processing
ORD_000356,CUST_00484,PROD_0024,NULL,2023-08-09,5,2499.99,12500,Cancelled
ORD_000406,CUST_00845,PROD_0036,SESS_000959,2023-10-16,3,199.99,600,Cancelled
ORD_002035,CUST_00448,PROD_0005,SESS_004009,2024-01-01,3,999,2997,Cancelled
ORD_001079,CUST_00930,PROD_0027,SESS_000560,2023-09-26,1,2498,2498,Completed
ORD_002004,CUST_999997,PROD_0020,SESS_000362,2023-02-08,3,349.95,1050,Refunded
ORD_000293,CUST_00094,PROD_0024,SESS_002382,2023-10-04,2,2499.99,5000,Cancelled
ORD_003453,CUST_00417,PROD_0022,SESS_003493,2023-02-14,2,349.99,700,Completed
ORD_002002,CUST_00915,PROD_0026,SESS_001421,2023-03-27,4,599,2396,Completed
ORD_003107,CUST_00172,PROD_0036,SESS_002862,2023-01-25,2,199.99,400,Completed
ORD_003042,CUST_00108,PROD_0026,SESS_004503,2023-03-06,2,599,1198,Completed
ORD_002983,CUST_00359,PROD_0024,SESS_004111,2023-05-11,5,2499.99,12500,Refunded
ORD_001331,CUST_00394,PROD_0001,SESS_001625,2023-09-26,2,1199,2398,Refunded
ORD_002921,CUST_00846,PROD_0025,SESS_004647,2023-12-27,2,3299,6598,Completed
ORD_002910,CUST_00166,PROD_0018,SESS_000741,2023-11-19,3,429,1287,Processing
ORD_000091,CUST_00516,PROD_0021,SESS_001592,2023-03-20,1,229.99,230,Cancelled
ORD_000452,CUST_00221,PROD_0028,NULL,2023-11-03,5,2499,12495,Completed
ORD_000606,CUST_00627,PROD_0026,SESS_000982,2023-03-20,4,599,2396,Refunded
ORD_000121,CUST_00594,PROD_0021,SESS_004487,2023-09-01,2,229.99,460,Cancelled
ORD_000651,CUST_00554,PROD_0026,SESS_003209,2023-01-18,3,599,1797,Cancelled
ORD_001339,CUST_00520,PROD_0043,SESS_004349,2023-03-25,3,2199,6597,Processing
ORD_000934,CUST_00314,PROD_0005,SESS_000461,2023-02-12,2,999,1998,Processing
ORD_002130,CUST_999997,PROD_0039,SESS_002719,2023-07-27,4,229,916,Refunded
ORD_002998,CUST_00453,PROD_0038,SESS_000115,2023-09-08,4,499.99,2000,Cancelled
ORD_002447,CUST_00911,PROD_0038,SESS_003221,2023-05-07,5,499.99,2500,Completed
ORD_001993,CUST_00403,PROD_0028,SESS_004808,2023-11-10,2,2499,4998,Cancelled
ORD_001306,CUST_00399,PROD_0028,NULL,2023-12-23,2,2499,4998,Processing
ORD_002877,CUST_00416,PROD_0028,SESS_002439,2023-10-30,1,2499,2499,Refunded
ORD_000497,CUST_00882,PROD_0037,SESS_002784,2023-12-11,3,499.99,1500,Completed
ORD_002350,CUST_00701,PROD_0043,NULL,2023-10-07,4,2199,8796,Completed
ORD_002912,CUST_00758,PROD_0019,SESS_000861,2023-12-30,4,249,996,Cancelled
ORD_003463,CUST_00487,PROD_0034,SESS_002334,2023-04-15,5,899.99,4500,Cancelled
ORD_001288,CUST_00661,PROD_0039,SESS_002001,2023-04-15,4,229,916,Processing
ORD_002181,CUST_00884,PROD_0001,SESS_004296,2023-10-20,4,1199,4796,Completed
ORD_001086,CUST_999992,PROD_0021,SESS_001975,2023-07-01,5,229.99,1150,Refunded
ORD_000131,CUST_00782,PROD_0013,SESS_003842,2023-05-29,4,1599.99,6400,Cancelled
ORD_003082,CUST_00042,PROD_0006,SESS_003675,2023-01-30,2,799.99,1600,Cancelled
ORD_001464,CUST_00775,PROD_0038,SESS_001616,2023-04-14,4,499.99,2000,Completed
ORD_002293,CUST_00265,PROD_0017,SESS_003666,2023-06-23,2,398,796,Processing
ORD_000051,CUST_00508,PROD_0036,SESS_003537,2023-11-04,3,199.99,600,Completed
ORD_003395,CUST_00533,PROD_0006,SESS_002029,2023-11-10,5,799.99,4000,Completed
ORD_000781,CUST_00945,PROD_0002,SESS_003905,2023-01-08,2,799,1598,Cancelled
ORD_003028,CUST_00419,PROD_0016,NULL,2023-03-10,3,1450,4350,Cancelled
ORD_002518,CUST_00341,PROD_0005,NULL,2023-05-05,2,999,1998,Refunded
ORD_002769,CUST_00156,PROD_0007,SESS_000884,2023-07-12,3,2498,7494,Completed
ORD_001852,CUST_00985,PROD_0020,SESS_001243,2023-01-06,5,349.95,1750,Refunded
ORD_002846,CUST_00127,PROD_0016,SESS_004319,2023-04-03,1,1450,1450,Completed
ORD_000501,CUST_00478,PROD_0025,NULL,2023-06-05,1,3299,3299,Cancelled
ORD_001166,CUST_00861,PROD_0028,SESS_003131,2023-01-16,1,2499,2499,Cancelled
ORD_000233,CUST_00202,PROD_0041,SESS_003640,2023-01-03,4,799,3196,Cancelled
ORD_002347,CUST_00877,PROD_0006,SESS_003350,2023-10-02,5,799.99,4000,Processing
ORD_003456,CUST_00594,PROD_0008,SESS_001044,2023-03-25,3,699,2097,Completed
ORD_000104,CUST_00092,PROD_0025,SESS_004329,2023-02-25,2,3299,6598,Processing
ORD_001916,CUST_00942,PROD_0041,SESS_001377,2023-06-29,2,799,1598,Cancelled
ORD_001961,CUST_00838,PROD_0005,SESS_002535,2023-11-06,1,999,999,Refunded
ORD_002629,CUST_00798,PROD_0012,NULL,2023-03-17,3,1399.5,4198,Processing
ORD_001947,CUST_00794,PROD_0009,NULL,2023-07-17,4,3499,13996,Cancelled
ORD_000652,CUST_00621,PROD_0003,NULL,2023-02-03,3,1299.99,3900,Processing
ORD_000944,CUST_00471,PROD_0026,SESS_000278,2023-12-22,1,599,599,Completed
ORD_002172,CUST_00729,PROD_0024,SESS_000995,2023-10-23,1,2499.99,2500,Cancelled
ORD_000246,CUST_00480,PROD_0021,SESS_000191,2023-11-01,1,229.99,230,Cancelled
ORD_000150,CUST_00234,PROD_0019,SESS_001953,2023-11-25,2,249,498,Completed
ORD_000186,CUST_00656,PROD_0005,SESS_002014,2023-09-16,4,999,3996,Completed
ORD_002973,CUST_00549,PROD_0006,SESS_004880,2023-07-15,4,799.99,3200,Cancelled
ORD_000759,CUST_00955,PROD_0013,SESS_003860,2023-12-29,1,1599.99,1600,Processing
ORD_002555,CUST_00846,PROD_0017,SESS_001648,2023-05-03,3,398,1194,Cancelled
ORD_001664,CUST_00061,PROD_0011,SESS_000976,2023-11-10,2,1499,2998,Cancelled
ORD_000941,CUST_00581,PROD_0008,SESS_002546,2023-06-09,4,699,2796,Refunded
ORD_000425,CUST_00465,PROD_0043,SESS_003677,2023-05-08,1,2199,2199,Refunded
ORD_002266,CUST_00106,PROD_0016,NULL,2023-11-28,2,1450,2900,Cancelled
ORD_001482,CUST_00346,PROD_0022,SESS_003309,2023-02-25,1,349.99,350,Processing
ORD_001867,CUST_00980,PROD_0001,NULL,2023-11-29,2,1199,2398,Cancelled
ORD_000050,CUST_00984,PROD_0011,SESS_001959,2023-10-21,1,1499,1499,Completed
ORD_003315,CUST_00369,PROD_0007,SESS_002579,2023-02-07,5,2498,12490,Completed
ORD_000646,CUST_00533,PROD_0034,SESS_002617,2023-02-11,4,899.99,3600,Refunded
ORD_001594,CUST_00030,PROD_0032,NULL,2023-07-12,3,129,387,Cancelled
ORD_001833,CUST_00053,PROD_0006,SESS_002359,2023-05-31,2,799.99,1600,Processing
ORD_002084,CUST_00624,PROD_0008,SESS_003251,2023-02-15,5,699,3495,Completed
ORD_002522,CUST_00108,PROD_0022,NULL,2023-02-21,1,349.99,350,Cancelled
ORD_001529,CUST_00952,PROD_0017,SESS_003505,2023-02-18,5,398,1990,Cancelled
ORD_002872,CUST_00605,PROD_0029,SESS_004672,2023-01-22,5,3996.95,19985,Processing
ORD_000551,CUST_00213,PROD_0022,SESS_003839,2023-08-14,1,349.99,350,Cancelled
ORD_001477,CUST_999992,PROD_0023,SESS_003887,2023-12-31,4,1699.99,6800,Processing
ORD_003199,CUST_999994,PROD_0010,SESS_003068,2023-06-10,2,1299,2598,Cancelled
ORD_000794,CUST_00369,PROD_0014,SESS_003803,2023-06-14,3,1249,3747,Completed
ORD_001608,CUST_00035,PROD_0011,SESS_001329,2023-05-22,4,1499,5996,Cancelled
ORD_001187,CUST_00348,PROD_0020,SESS_003172,2023-02-19,5,349.95,1750,Processing
ORD_002481,CUST_00973,PROD_0003,NULL,2023-08-24,1,1299.99,1300,Processing
ORD_000018,CUST_00258,PROD_0042,SESS_004291,2023-11-27,4,749.99,3000,Cancelled
ORD_001266,CUST_00826,PROD_0025,SESS_002334,2023-10-26,2,3299,6598,Completed
ORD_001974,CUST_00534,PROD_0033,SESS_002106,2023-07-20,4,799,3196,Completed
ORD_002187,CUST_00084,PROD_0024,SESS_000789,2023-08-05,3,2499.99,7500,Completed
ORD_003079,CUST_00167,PROD_0015,SESS_004823,2023-01-20,4,2699.99,10800,Cancelled
ORD_001233,CUST_00494,PROD_0034,SESS_003369,2023-12-20,2,899.99,1800,Cancelled
ORD_000269,CUST_00213,PROD_0017,SESS_004610,2023-12-28,3,398,1194,Completed
ORD_001442,CUST_00096,PROD_0028,SESS_000196,2023-02-08,2,2499,4998,Completed
ORD_001384,CUST_00029,PROD_0011,SESS_000683,2023-12-22,3,1499,4497,Cancelled
ORD_002253,CUST_00212,PROD_0010,NULL,2023-07-29,5,1299,6495,Refunded
ORD_001286,CUST_00989,PROD_0038,SESS_004769,2023-12-28,4,499.99,2000,Cancelled
ORD_000885,CUST_999994,PROD_0002,SESS_003562,2023-10-02,4,799,3196,Cancelled
ORD_003020,CUST_00333,PROD_0014,NULL,2023-04-12,2,1249,2498,Completed
ORD_000106,CUST_00024,PROD_0028,SESS_004961,2023-03-12,1,2499,2499,Completed
ORD_000645,CUST_00014,PROD_0004,SESS_002706,2023-05-09,4,1799.99,7200,Completed
ORD_000072,CUST_00912,PROD_0036,SESS_003532,2023-09-04,2,199.99,400,Completed
ORD_002731,CUST_00643,PROD_0029,SESS_003073,2023-04-02,1,3996.95,3997,Refunded
ORD_003168,CUST_00369,PROD_0031,SESS_004250,2023-11-10,2,399.99,800,Completed
ORD_002226,CUST_00085,PROD_0020,SESS_000999,2023-01-30,3,349.95,1050,Completed
ORD_000647,CUST_00307,PROD_0010,SESS_003824,2023-03-11,1,1299,1299,Cancelled
ORD_003331,CUST_999997,PROD_0015,SESS_001742,2023-04-05,5,2699.99,13500,Refunded
ORD_002705,CUST_00007,PROD_0031,SESS_002977,2023-03-03,3,399.99,1200,Completed
ORD_002867,CUST_00399,PROD_0028,NULL,2023-10-16,4,2499,9996,Processing
ORD_003347,CUST_00245,PROD_0028,SESS_001963,2023-02-01,1,2499,2499,Processing
ORD_002452,CUST_00935,PROD_0007,SESS_002275,2023-09-27,1,2498,2498,Cancelled
ORD_002101,CUST_00092,PROD_0035,SESS_004813,2023-04-27,4,399.99,1600,Cancelled
ORD_000169,CUST_00403,PROD_0035,SESS_003843,2023-11-07,3,399.99,1200,Cancelled
ORD_000700,CUST_00356,PROD_0009,SESS_000794,2023-01-23,5,3499,17495,Completed
ORD_002387,CUST_00337,PROD_0001,SESS_001112,2023-04-30,1,1199,1199,Cancelled
ORD_000413,CUST_00975,PROD_0036,SESS_002863,2023-03-21,1,199.99,200,Refunded
ORD_001085,CUST_00270,PROD_0013,SESS_002980,2023-08-08,2,1599.99,3200,Completed
ORD_000946,CUST_00278,PROD_0005,NULL,2023-10-15,3,999,2997,Processing
ORD_000968,CUST_00997,PROD_0036,SESS_004482,2023-03-02,5,199.99,1000,Processing
ORD_002418,CUST_00200,PROD_0002,SESS_003920,2023-02-17,5,799,3995,Completed
ORD_002532,CUST_00658,PROD_0041,NULL,2023-10-17,1,799,799,Processing
ORD_002623,CUST_00444,PROD_0017,NULL,2023-08-07,2,398,796,Completed
ORD_001015,CUST_00331,PROD_0039,SESS_004711,2023-01-21,3,229,687,Processing
ORD_001674,CUST_00291,PROD_0003,SESS_000986,2023-03-04,1,1299.99,1300,Refunded
ORD_003240,CUST_00282,PROD_0007,SESS_000408,2023-02-06,3,2498,7494,Completed
ORD_002486,CUST_00532,PROD_0030,NULL,2023-10-12,4,759,3036,Completed
ORD_001627,CUST_00919,PROD_0018,SESS_000225,2023-10-24,4,429,1716,Refunded
ORD_003157,CUST_00898,PROD_0025,SESS_004696,2023-03-26,3,3299,9897,Cancelled
ORD_000896,CUST_00073,PROD_0030,SESS_002433,2023-05-07,1,759,759,Cancelled
ORD_000719,CUST_00227,PROD_0005,SESS_001491,2023-08-18,4,999,3996,Completed
ORD_002088,CUST_00411,PROD_0023,SESS_001679,2023-09-19,1,1699.99,1700,Cancelled
ORD_000773,CUST_00209,PROD_0032,SESS_003472,2023-10-14,5,129,645,Refunded
ORD_002462,CUST_00936,PROD_0007,NULL,2023-11-21,1,2498,2498,Refunded
ORD_001311,CUST_00544,PROD_0029,NULL,2023-01-14,1,3996.95,3997,Completed
ORD_000488,CUST_00748,PROD_0035,SESS_004813,2023-10-25,3,399.99,1200,Completed
ORD_001148,CUST_00807,PROD_0013,SESS_003353,2023-11-09,5,1599.99,8000,Cancelled
ORD_002493,CUST_00085,PROD_0014,SESS_002777,2023-01-02,3,1249,3747,Cancelled
ORD_001643,CUST_00374,PROD_0006,NULL,2023-11-10,4,799.99,3200,Processing
ORD_002099,CUST_00483,PROD_0036,SESS_001767,2023-08-11,5,199.99,1000,Cancelled
ORD_003273,CUST_00505,PROD_0006,SESS_000658,2023-09-20,4,799.99,3200,Completed
ORD_001971,CUST_00361,PROD_0009,NULL,2023-01-03,5,3499,17495,Cancelled
ORD_001732,CUST_00584,PROD_0033,SESS_002268,2023-12-05,1,799,799,Completed
ORD_001581,CUST_00770,PROD_0040,NULL,2023-06-18,1,199.99,200,Cancelled
ORD_001323,CUST_00692,PROD_0012,SESS_000970,2023-01-16,2,1399.5,2799,Processing
ORD_002736,CUST_00215,PROD_0005,SESS_004339,2023-06-30,2,999,1998,Processing
ORD_001077,CUST_00072,PROD_0023,SESS_004846,2023-03-08,5,1699.99,8500,Cancelled
ORD_002837,CUST_00386,PROD_0039,SESS_000431,NULL,4,229,916,Refunded
ORD_001431,CUST_00446,PROD_0008,NULL,2023-08-22,1,699,699,Processing
ORD_002192,CUST_00057,PROD_0027,SESS_004426,2023-09-09,2,2498,4996,Cancelled
ORD_003213,CUST_00423,PROD_0021,SESS_003208,2023-04-14,4,229.99,920,Refunded
ORD_000558,CUST_00330,PROD_0015,SESS_000732,2023-03-06,5,2699.99,13500,Completed
ORD_002200,CUST_00237,PROD_0043,SESS_003197,NULL,2,2199,4398,Completed
ORD_001954,CUST_00457,PROD_0016,SESS_002254,2023-11-04,2,1450,2900,Completed
ORD_002819,CUST_00786,PROD_0022,NULL,2023-07-10,5,349.99,1750,Cancelled
ORD_002494,CUST_00401,PROD_0024,SESS_000423,2023-09-26,2,2499.99,5000,Refunded
ORD_003084,CUST_00136,PROD_0007,SESS_003232,2023-10-21,2,2498,4996,Cancelled
ORD_002016,CUST_00402,PROD_0026,SESS_003338,2023-05-29,5,599,2995,Processing
ORD_000354,CUST_00307,PROD_0019,SESS_000814,2023-07-03,5,249,1245,Completed
ORD_002148,CUST_00637,PROD_0005,SESS_001397,2023-09-25,5,999,4995,Completed
ORD_001417,CUST_00857,PROD_0040,SESS_000478,2023-10-08,3,199.99,600,Cancelled
ORD_001519,CUST_00224,PROD_0041,SESS_001518,2023-04-26,3,799,2397,Completed
ORD_000484,CUST_00676,PROD_0010,SESS_002123,2023-11-10,4,1299,5196,Completed
ORD_000716,CUST_00008,PROD_0038,NULL,2023-08-01,2,499.99,1000,Refunded
ORD_001524,CUST_00575,PROD_0035,SESS_003427,2023-11-23,5,399.99,2000,Completed
ORD_001793,CUST_00998,PROD_0020,SESS_001477,2023-08-15,4,349.95,1400,Refunded
ORD_002034,CUST_00705,PROD_0030,SESS_000948,2023-08-22,5,759,3795,Cancelled
ORD_000188,CUST_00933,PROD_0011,NULL,2023-03-14,5,1499,7495,Cancelled
ORD_000811,CUST_00838,PROD_0041,SESS_002074,2023-05-01,2,799,1598,Refunded
ORD_000198,CUST_00603,PROD_0003,SESS_004657,2023-03-24,3,1299.99,3900,Cancelled
ORD_001200,CUST_00518,PROD_0001,SESS_004447,2023-09-26,5,1199,5995,Completed
ORD_003330,CUST_00590,PROD_0033,SESS_003100,2023-02-26,2,799,1598,Cancelled
ORD_001889,CUST_00691,PROD_0015,SESS_001799,2023-01-08,2,2699.99,5400,Completed
ORD_002795,CUST_00302,PROD_0009,SESS_002949,2023-07-04,1,3499,3499,Processing
ORD_001975,CUST_999994,PROD_0040,SESS_001210,2023-12-16,2,199.99,400,Cancelled
ORD_003182,CUST_00396,PROD_0031,SESS_001847,2023-06-05,4,399.99,1600,Refunded
ORD_002320,CUST_00155,PROD_0043,NULL,2023-04-27,2,2199,4398,Cancelled
ORD_002043,CUST_00304,PROD_0013,SESS_004591,2023-06-18,2,1599.99,3200,Refunded
ORD_001239,CUST_00649,PROD_0020,SESS_001453,2023-04-05,1,349.95,350,Cancelled
ORD_000454,CUST_00912,PROD_0029,SESS_001017,2023-02-27,2,3996.95,7994,Completed
ORD_000767,CUST_00066,PROD_0026,SESS_004584,2023-11-03,1,599,599,Processing
ORD_000286,CUST_00284,PROD_0031,SESS_004680,2023-12-25,4,399.99,1600,Cancelled
ORD_002005,CUST_00661,PROD_0010,SESS_001632,2023-10-16,1,1299,1299,Cancelled
ORD_000683,CUST_00676,PROD_0004,SESS_002985,2023-11-22,4,1799.99,7200,Cancelled
ORD_002564,CUST_00316,PROD_0022,SESS_004794,2023-08-28,1,349.99,350,Cancelled
ORD_001061,CUST_999999,PROD_0008,NULL,2023-08-16,1,699,699,Refunded
ORD_002764,CUST_00450,PROD_0009,SESS_001954,2023-01-16,1,3499,3499,Refunded
ORD_002216,CUST_00555,PROD_0036,SESS_002651,2023-11-09,1,199.99,200,Processing
ORD_002527,CUST_00835,PROD_0009,SESS_001915,2023-02-07,3,3499,10497,Cancelled
ORD_002309,CUST_00718,PROD_0027,NULL,2023-08-20,5,2498,12490,Cancelled
ORD_003242,CUST_00506,PROD_0004,SESS_002621,2023-02-03,3,1799.99,5400,Cancelled
ORD_002349,CUST_00414,PROD_0021,SESS_002509,2023-09-24,4,229.99,920,Cancelled
ORD_000576,CUST_00597,PROD_0036,SESS_004289,2023-05-25,4,199.99,800,Cancelled
ORD_002938,CUST_00190,PROD_0004,NULL,2023-12-28,3,1799.99,5400,Completed
ORD_001509,CUST_00152,PROD_0013,SESS_003588,2023-02-04,4,1599.99,6400,Completed
ORD_001350,CUST_00649,PROD_0029,SESS_004148,2023-04-10,2,3996.95,7994,Completed
ORD_000311,CUST_999993,PROD_0025,SESS_001987,2023-07-10,2,3299,6598,Completed
ORD_000675,CUST_00581,PROD_0009,SESS_004851,2023-10-29,3,3499,10497,Processing
ORD_001362,CUST_00462,PROD_0026,SESS_003902,2023-03-03,5,599,2995,Completed
ORD_001757,CUST_00931,PROD_0024,SESS_001997,2023-03-14,4,2499.99,10000,Processing
ORD_000430,CUST_00387,PROD_0020,SESS_001103,2023-09-14,5,349.95,1750,Cancelled
ORD_001494,CUST_00443,PROD_0043,SESS_003547,2023-03-13,1,2199,2199,Cancelled
ORD_001387,CUST_00247,PROD_0034,SESS_000259,2023-05-22,3,899.99,2700,Completed
ORD_000386,CUST_00832,PROD_0039,SESS_002040,2023-07-03,5,229,1145,Completed
ORD_003009,CUST_999991,PROD_0016,SESS_003314,2023-11-30,4,1450,5800,Completed
ORD_001091,CUST_00783,PROD_0024,NULL,2023-07-07,5,2499.99,12500,Completed
ORD_001443,CUST_00678,PROD_0022,NULL,2023-03-05,5,349.99,1750,Cancelled
ORD_002248,CUST_00428,PROD_0002,SESS_003551,2023-08-16,2,799,1598,Cancelled
ORD_001720,CUST_00043,PROD_0003,SESS_003860,2023-11-15,2,1299.99,2600,Refunded
ORD_000114,CUST_00622,PROD_0012,SESS_004831,2023-10-06,3,1399.5,4198,Cancelled
ORD_000542,CUST_00206,PROD_0034,SESS_003869,2023-12-18,5,899.99,4500,Completed
ORD_000579,CUST_00452,PROD_0028,SESS_003632,2023-02-21,1,2499,2499,Cancelled
ORD_000234,CUST_00808,PROD_0029,SESS_001857,2023-11-14,4,3996.95,15988,Completed
ORD_002778,CUST_00074,PROD_0033,SESS_004251,2023-05-19,4,799,3196,Refunded
ORD_002273,CUST_00300,PROD_0033,SESS_003224,2023-11-06,3,799,2397,Refunded
ORD_001825,CUST_00601,PROD_0018,SESS_004132,2023-06-18,1,429,429,Processing
ORD_001278,CUST_00789,PROD_0039,SESS_000567,2023-09-13,2,229,458,Completed
ORD_000812,CUST_00926,PROD_0022,SESS_002295,2023-09-12,1,349.99,350,Processing
ORD_003419,CUST_00729,PROD_0008,NULL,2023-11-04,4,699,2796,Completed
ORD_001789,CUST_999999,PROD_0017,SESS_003343,2023-08-12,4,398,1592,Processing
ORD_003341,CUST_00280,PROD_0016,SESS_000437,2023-05-22,1,1450,1450,Cancelled
ORD_002401,CUST_999995,PROD_0013,SESS_002854,2023-01-17,3,1599.99,4800,Processing
ORD_002046,CUST_00298,PROD_0019,SESS_003197,2023-10-09,4,249,996,Cancelled
ORD_003385,CUST_00039,PROD_0020,NULL,2023-11-04,1,349.95,350,Cancelled
ORD_001560,CUST_00872,PROD_0038,NULL,2023-06-05,4,499.99,2000,Processing
ORD_002927,CUST_00735,PROD_0018,SESS_002147,2023-12-08,5,429,2145,Processing
ORD_003055,CUST_00841,PROD_0024,SESS_004442,2023-09-05,5,2499.99,12500,Completed
ORD_000102,CUST_00789,PROD_0025,SESS_001219,2023-12-07,2,3299,6598,Completed
ORD_000320,CUST_00781,PROD_0033,NULL,2023-07-13,4,799,3196,Cancelled
ORD_001950,CUST_00133,PROD_0016,SESS_000688,2023-05-19,5,1450,7250,Cancelled
ORD_003100,CUST_00565,PROD_0012,SESS_003873,2023-09-24,5,1399.5,6998,Refunded
ORD_000626,CUST_00510,PROD_0040,SESS_000160,2023-06-16,1,199.99,200,Completed
ORD_000075,CUST_999993,PROD_0014,SESS_003016,2023-11-10,1,1249,1249,Completed
ORD_003207,CUST_00068,PROD_0042,SESS_003073,2023-09-13,2,749.99,1500,Completed
ORD_001373,CUST_00704,PROD_0025,SESS_004011,2023-02-19,5,3299,16495,Processing
ORD_003134,CUST_00540,PROD_0034,SESS_003335,NULL,2,899.99,1800,Refunded
ORD_000335,CUST_00398,PROD_0003,SESS_002193,2023-07-31,2,1299.99,2600,Completed
ORD_003488,CUST_00671,PROD_0023,SESS_002403,2023-08-26,3,1699.99,5100,Processing
ORD_002291,CUST_00712,PROD_0035,NULL,2023-06-23,5,399.99,2000,Completed
ORD_003212,CUST_00420,PROD_0016,NULL,2023-08-11,2,1450,2900,Cancelled
ORD_000390,CUST_00580,PROD_0003,NULL,2023-05-18,2,1299.99,2600,Cancelled
ORD_002511,CUST_00253,PROD_0012,SESS_002446,2023-10-31,4,1399.5,5598,Cancelled
ORD_000462,CUST_00733,PROD_0007,SESS_000447,2023-08-17,3,2498,7494,Cancelled
ORD_001053,CUST_00971,PROD_0002,NULL,2023-07-08,5,799,3995,Completed
ORD_001727,CUST_00599,PROD_0010,SESS_001808,2023-02-12,4,1299,5196,Completed
ORD_000100,CUST_00989,PROD_0011,SESS_001649,2023-10-11,2,1499,2998,Processing
ORD_000929,CUST_999998,PROD_0027,SESS_003458,2023-08-23,4,2498,9992,Cancelled
ORD_000362,CUST_999996,PROD_0008,SESS_003430,2023-02-22,2,699,1398,Refunded
ORD_002791,CUST_00156,PROD_0027,SESS_000346,2023-07-30,5,2498,12490,Completed
ORD_001938,CUST_00298,PROD_0002,NULL,NULL,1,799,799,Refunded
ORD_002667,CUST_00420,PROD_0017,SESS_002964,2023-12-15,4,398,1592,Processing
ORD_000032,CUST_00837,PROD_0009,SESS_001048,2023-03-01,3,3499,10497,Completed
ORD_002517,CUST_00316,PROD_0001,SESS_003976,2023-10-20,3,1199,3597,Cancelled
ORD_001036,CUST_00048,PROD_0012,NULL,2023-05-21,5,1399.5,6998,Processing
ORD_000270,CUST_00721,PROD_0041,SESS_002774,2023-03-12,5,799,3995,Refunded
ORD_000541,CUST_00050,PROD_0019,SESS_000384,2023-06-09,4,249,996,Refunded
ORD_001528,CUST_00024,PROD_0013,SESS_004040,2023-02-12,4,1599.99,6400,Processing
ORD_001651,CUST_00233,PROD_0037,SESS_004438,2023-10-25,5,499.99,2500,Cancelled
ORD_000755,CUST_00707,PROD_0029,SESS_002768,2023-06-04,4,3996.95,15988,Refunded
ORD_003101,CUST_00201,PROD_0032,SESS_003077,2023-07-08,4,129,516,Completed
ORD_002875,CUST_00167,PROD_0025,NULL,2023-11-26,3,3299,9897,Refunded
ORD_002152,CUST_00445,PROD_0005,SESS_003507,2023-01-10,4,999,3996,Refunded
ORD_002585,CUST_00610,PROD_0007,SESS_004958,2023-10-16,3,2498,7494,Completed
ORD_000910,CUST_00058,PROD_0016,SESS_003199,2023-07-26,2,1450,2900,Completed
ORD_002196,CUST_00552,PROD_0005,NULL,2023-01-05,3,999,2997,Completed
ORD_001741,CUST_00809,PROD_0028,SESS_003983,2023-08-04,3,2499,7497,Processing
ORD_002839,CUST_00849,PROD_0041,NULL,2023-06-28,1,799,799,Cancelled
ORD_003348,CUST_00107,PROD_0026,NULL,2023-08-19,1,599,599,Cancelled
ORD_002766,CUST_00648,PROD_0021,NULL,2023-06-22,1,229.99,230,Refunded
ORD_001314,CUST_00240,PROD_0022,SESS_002307,2023-12-18,5,349.99,1750,Cancelled
ORD_003260,CUST_00778,PROD_0019,SESS_000425,2023-09-01,2,249,498,Refunded
ORD_000602,CUST_00803,PROD_0021,SESS_001189,2023-01-26,1,229.99,230,Completed
ORD_001369,CUST_00060,PROD_0036,NULL,2023-02-23,3,199.99,600,Processing
ORD_000039,CUST_00267,PROD_0018,SESS_003973,2023-09-05,4,429,1716,Cancelled
ORD_002633,CUST_00227,PROD_0005,SESS_000180,2023-10-16,4,999,3996,Refunded
ORD_001045,CUST_00992,PROD_0024,SESS_000762,2023-08-13,3,2499.99,7500,Processing
ORD_002095,CUST_00995,PROD_0016,SESS_002017,2023-04-23,2,1450,2900,Cancelled
ORD_002608,CUST_00959,PROD_0022,SESS_002652,2023-06-01,3,349.99,1050,Completed
ORD_002425,CUST_00934,PROD_0015,NULL,2023-05-29,5,2699.99,13500,Refunded
ORD_002834,CUST_00348,PROD_0004,SESS_002153,2023-08-04,5,1799.99,9000,Completed
ORD_000292,CUST_00191,PROD_0020,SESS_003406,2023-05-20,1,349.95,350,Processing
ORD_003249,CUST_00316,PROD_0007,SESS_004963,2023-06-09,2,2498,4996,Cancelled
ORD_003496,CUST_00779,PROD_0011,SESS_003423,2023-01-26,4,1499,5996,Processing
ORD_002604,CUST_00900,PROD_0042,SESS_004037,2023-07-16,3,749.99,2250,Cancelled
ORD_001133,CUST_00290,PROD_0011,SESS_000134,2023-04-19,5,1499,7495,Cancelled
ORD_000619,CUST_00084,PROD_0009,SESS_001364,2023-08-14,3,3499,10497,Processing
ORD_001616,CUST_00395,PROD_0032,NULL,2023-03-14,2,129,258,Processing
ORD_000595,CUST_00527,PROD_0010,SESS_001678,2023-06-13,2,1299,2598,Processing
ORD_002427,CUST_00114,PROD_0030,SESS_003381,NULL,2,759,1518,Completed
ORD_003314,CUST_00871,PROD_0030,SESS_004706,2023-10-12,1,759,759,Completed
ORD_002133,CUST_999994,PROD_0023,SESS_003915,2023-05-18,5,1699.99,8500,Cancelled
ORD_001558,CUST_00490,PROD_0017,SESS_003999,2023-11-06,3,398,1194,Cancelled
ORD_002521,CUST_00727,PROD_0016,SESS_001920,2023-01-17,2,1450,2900,Cancelled
ORD_002114,CUST_00224,PROD_0015,SESS_000103,2023-05-02,5,2699.99,13500,Cancelled
ORD_002111,CUST_999997,PROD_0006,SESS_000102,2023-12-19,3,799.99,2400,Cancelled
ORD_002311,CUST_00140,PROD_0005,SESS_004156,2023-08-20,2,999,1998,Cancelled
ORD_003210,CUST_00582,PROD_0014,SESS_003448,2023-02-25,5,1249,6245,Cancelled
ORD_002317,CUST_00611,PROD_0040,SESS_004049,2023-06-06,1,199.99,200,Cancelled
ORD_001001,CUST_00645,PROD_0032,SESS_001352,2023-10-31,1,129,129,Cancelled
ORD_001196,CUST_00380,PROD_0041,SESS_001244,2023-02-09,5,799,3995,Completed
ORD_000176,CUST_00165,PROD_0006,SESS_003625,2023-09-16,5,799.99,4000,Processing
ORD_000161,CUST_00938,PROD_0015,NULL,2023-03-28,4,2699.99,10800,Completed
ORD_000007,CUST_00560,PROD_0033,SESS_001860,2023-06-19,5,799,3995,Completed
ORD_002880,CUST_00573,PROD_0039,SESS_001309,2023-04-18,4,229,916,Completed
ORD_001337,CUST_00209,PROD_0008,SESS_002483,2023-01-27,3,699,2097,Completed
ORD_002583,CUST_00339,PROD_0011,SESS_001002,2023-06-24,2,1499,2998,Cancelled
ORD_002569,CUST_00377,PROD_0005,SESS_000292,2023-06-28,2,999,1998,Completed
ORD_001525,CUST_00082,PROD_0003,SESS_000168,2023-02-14,1,1299.99,1300,Refunded
ORD_002712,CUST_00681,PROD_0042,SESS_000972,2023-05-25,1,749.99,750,Processing
ORD_002762,CUST_00931,PROD_0039,NULL,2023-03-25,5,229,1145,Completed
ORD_001857,CUST_00557,PROD_0037,SESS_001136,2023-09-26,1,499.99,500,Completed
ORD_001920,CUST_00759,PROD_0029,SESS_000750,2023-08-15,1,3996.95,3997,Completed
ORD_002313,CUST_00297,PROD_0017,NULL,2023-08-04,4,398,1592,Refunded
ORD_000397,CUST_00179,PROD_0019,SESS_002275,2023-06-24,5,249,1245,Cancelled
ORD_000115,CUST_00961,PROD_0015,NULL,2023-02-27,4,2699.99,10800,Refunded
ORD_000761,CUST_00911,PROD_0042,SESS_002431,2023-11-05,1,749.99,750,Completed
ORD_003285,CUST_00502,PROD_0026,SESS_003875,2023-11-02,2,599,1198,Cancelled
ORD_003206,CUST_999997,PROD_0008,SESS_002703,2023-08-03,2,699,1398,Completed
ORD_000540,CUST_00792,PROD_0039,SESS_002012,2023-02-08,1,229,229,Cancelled
ORD_001225,CUST_00960,PROD_0020,SESS_003596,2023-05-06,4,349.95,1400,Completed
ORD_001496,CUST_00373,PROD_0028,SESS_004331,2023-09-10,1,2499,2499,Cancelled
ORD_000449,CUST_00460,PROD_0040,SESS_004462,2023-07-08,3,199.99,600,Refunded
ORD_001999,CUST_00044,PROD_0015,SESS_001647,2023-12-18,1,2699.99,2700,Completed
ORD_001688,CUST_00188,PROD_0008,NULL,2023-12-04,5,699,3495,Completed
ORD_002023,CUST_00972,PROD_0012,SESS_002512,2023-08-22,5,1399.5,6998,Cancelled
ORD_000823,CUST_00829,PROD_0006,NULL,2023-02-23,4,799.99,3200,Refunded
ORD_003143,CUST_00698,PROD_0024,NULL,2023-04-03,1,2499.99,2500,Completed
ORD_002860,CUST_00462,PROD_0002,SESS_001855,2023-04-27,4,799,3196,Processing
ORD_002602,CUST_00708,PROD_0020,NULL,2023-03-01,5,349.95,1750,Cancelled
ORD_000749,CUST_00166,PROD_0002,SESS_003062,2023-06-04,1,799,799,Cancelled
ORD_000628,CUST_00073,PROD_0004,SESS_000391,2023-04-17,1,1799.99,1800,Completed
ORD_001415,CUST_00520,PROD_0041,SESS_004179,2023-05-03,1,799,799,Cancelled
ORD_002768,CUST_00202,PROD_0031,NULL,2023-02-14,2,399.99,800,Processing
ORD_001979,CUST_00402,PROD_0030,NULL,2023-06-21,4,759,3036,Cancelled
ORD_002977,CUST_00961,PROD_0038,SESS_004095,2023-03-13,2,499.99,1000,Cancelled
ORD_001127,CUST_00841,PROD_0030,NULL,2023-10-18,5,759,3795,Cancelled
ORD_001539,CUST_00744,PROD_0023,SESS_000930,2023-11-14,2,1699.99,3400,Cancelled
ORD_000805,CUST_00268,PROD_0020,SESS_002758,2023-07-01,5,349.95,1750,Processing
ORD_000662,CUST_00528,PROD_0013,SESS_001858,2023-12-01,2,1599.99,3200,Cancelled
ORD_001621,CUST_999998,PROD_0001,SESS_002472,2023-06-10,4,1199,4796,Refunded
ORD_002138,CUST_00144,PROD_0019,SESS_002969,2023-10-18,4,249,996,Completed
ORD_003479,CUST_00117,PROD_0040,NULL,2023-04-11,3,199.99,600,Cancelled
ORD_003311,CUST_00288,PROD_0027,SESS_000445,2023-03-29,4,2498,9992,Cancelled
ORD_002441,CUST_00866,PROD_0031,SESS_002493,2023-06-04,1,399.99,400,Completed
ORD_002001,CUST_00636,PROD_0023,SESS_002618,2023-02-06,1,1699.99,1700,Cancelled
ORD_001502,CUST_00450,PROD_0011,SESS_003413,2023-12-02,3,1499,4497,Refunded
ORD_001340,CUST_00029,PROD_0010,SESS_002343,2023-08-07,1,1299,1299,Processing
ORD_000006,CUST_00605,PROD_0017,NULL,2023-12-10,3,398,1194,Completed
ORD_002679,CUST_00383,PROD_0020,SESS_004171,2023-02-06,4,349.95,1400,Processing
ORD_001149,CUST_00873,PROD_0041,SESS_004028,2023-10-18,5,799,3995,Cancelled
ORD_000665,CUST_00172,PROD_0012,SESS_000738,2023-08-27,5,1399.5,6998,Cancelled
ORD_003227,CUST_00992,PROD_0004,SESS_003110,2023-05-15,2,1799.99,3600,Cancelled
ORD_000842,CUST_00697,PROD_0024,NULL,2023-06-14,5,2499.99,12500,Cancelled
ORD_003036,CUST_00766,PROD_0036,SESS_002224,2023-01-04,5,199.99,1000,Completed
ORD_001356,CUST_00116,PROD_0031,SESS_004028,2023-03-18,5,399.99,2000,Processing
ORD_001226,CUST_00853,PROD_0002,SESS_003389,2023-02-12,2,799,1598,Completed
ORD_000537,CUST_00133,PROD_0023,NULL,2023-07-17,2,1699.99,3400,Cancelled
ORD_000834,CUST_00848,PROD_0012,SESS_001887,2023-07-10,2,1399.5,2799,Cancelled
ORD_003422,CUST_00984,PROD_0010,NULL,2023-07-10,4,1299,5196,Completed
ORD_003205,CUST_00381,PROD_0042,NULL,2023-09-18,5,749.99,3750,Cancelled
ORD_000873,CUST_00616,PROD_0024,SESS_000360,2023-07-18,5,2499.99,12500,Refunded
ORD_002283,CUST_00998,PROD_0019,SESS_003493,2023-11-24,2,249,498,Cancelled
ORD_001919,CUST_00720,PROD_0038,SESS_004714,2023-07-31,5,499.99,2500,Cancelled
ORD_003371,CUST_00289,PROD_0015,SESS_000445,2023-02-25,1,2699.99,2700,Refunded
ORD_000727,CUST_00525,PROD_0019,NULL,2023-06-23,5,249,1245,Completed
ORD_002422,CUST_00185,PROD_0039,SESS_004980,2023-01-16,1,229,229,Cancelled
ORD_001349,CUST_00923,PROD_0027,SESS_003416,2023-02-02,2,2498,4996,Completed
ORD_002472,CUST_00903,PROD_0014,SESS_004497,2023-01-10,1,1249,1249,Refunded
ORD_001748,CUST_00249,PROD_0006,SESS_003968,2023-08-29,3,799.99,2400,Refunded
ORD_003004,CUST_00583,PROD_0001,SESS_003670,2023-11-24,5,1199,5995,Completed
ORD_001097,CUST_00830,PROD_0020,NULL,NULL,2,349.95,700,Cancelled
ORD_003307,CUST_00516,PROD_0037,SESS_000308,2023-09-18,2,499.99,1000,Completed
ORD_001615,CUST_00051,PROD_0010,SESS_001864,2023-01-14,4,1299,5196,Cancelled
ORD_000159,CUST_00552,PROD_0002,SESS_001673,2023-03-10,4,799,3196,Refunded
ORD_003177,CUST_00712,PROD_0013,SESS_003609,2023-10-05,5,1599.99,8000,Refunded
ORD_000432,CUST_00427,PROD_0013,SESS_004698,2023-12-07,5,1599.99,8000,Completed
ORD_000412,CUST_00125,PROD_0040,SESS_002854,2023-01-28,4,199.99,800,Processing
ORD_000614,CUST_00155,PROD_0004,SESS_000237,2023-05-19,5,1799.99,9000,Completed
ORD_001891,CUST_00164,PROD_0043,SESS_004143,2023-11-10,3,2199,6597,Refunded
ORD_001489,CUST_00535,PROD_0010,NULL,2023-05-16,3,1299,3897,Cancelled
ORD_001409,CUST_999995,PROD_0025,SESS_001221,2023-08-12,1,3299,3299,Processing
ORD_002668,CUST_00201,PROD_0020,SESS_000032,2023-07-22,5,349.95,1750,Completed
ORD_000886,CUST_00829,PROD_0027,SESS_003136,2023-05-04,1,2498,2498,Completed
ORD_001784,CUST_00676,PROD_0023,SESS_003151,2023-03-13,1,1699.99,1700,Cancelled
ORD_001291,CUST_00066,PROD_0029,NULL,2023-10-05,3,3996.95,11991,Processing
ORD_000605,CUST_00547,PROD_0008,SESS_002385,2023-12-12,3,699,2097,Refunded
ORD_000031,CUST_999991,PROD_0019,SESS_000867,2023-03-09,4,249,996,Cancelled
ORD_002380,CUST_00042,PROD_0008,NULL,2023-02-18,5,699,3495,Completed
ORD_000264,CUST_999992,PROD_0025,SESS_001330,2023-04-02,2,3299,6598,Cancelled
ORD_002831,CUST_00641,PROD_0037,SESS_002685,2023-02-11,2,499.99,1000,Completed
ORD_000248,CUST_00859,PROD_0027,SESS_000234,2023-04-01,2,2498,4996,Processing
ORD_000853,CUST_00433,PROD_0001,SESS_000443,2023-07-17,4,1199,4796,Completed
ORD_003148,CUST_00288,PROD_0029,SESS_001434,2023-09-12,5,3996.95,19985,Cancelled
ORD_000371,CUST_00452,PROD_0029,SESS_003582,2023-06-26,4,3996.95,15988,Refunded
ORD_000200,CUST_00391,PROD_0017,SESS_000822,2023-02-01,5,398,1990,Refunded
ORD_000533,CUST_00138,PROD_0038,SESS_001462,2023-02-23,2,499.99,1000,Cancelled
ORD_001692,CUST_00733,PROD_0019,SESS_001092,2023-12-05,3,249,747,Refunded
ORD_001378,CUST_00854,PROD_0010,NULL,2023-02-08,2,1299,2598,Refunded
ORD_001223,CUST_00855,PROD_0038,NULL,2023-05-16,5,499.99,2500,Completed
ORD_000629,CUST_00691,PROD_0009,SESS_002116,2023-11-29,3,3499,10497,Cancelled
ORD_000776,CUST_00740,PROD_0035,SESS_004853,2023-11-22,3,399.99,1200,Refunded
ORD_000456,CUST_00183,PROD_0029,SESS_001344,2023-10-14,2,3996.95,7994,Completed
ORD_001241,CUST_00152,PROD_0011,SESS_002967,2023-06-17,5,1499,7495,Completed
ORD_001198,CUST_00622,PROD_0001,SESS_000173,2023-03-24,5,1199,5995,Completed
ORD_000358,CUST_00943,PROD_0022,SESS_003591,2023-05-23,2,349.99,700,Processing
ORD_001846,CUST_00976,PROD_0034,NULL,2023-08-11,1,899.99,900,Cancelled
ORD_002607,CUST_00794,PROD_0028,SESS_001225,2023-05-30,5,2499,12495,Completed
ORD_002363,CUST_00367,PROD_0039,SESS_000506,2023-03-11,1,229,229,Refunded
ORD_000149,CUST_00722,PROD_0038,SESS_004610,2023-08-08,4,499.99,2000,Cancelled
ORD_003002,CUST_00116,PROD_0033,NULL,2023-09-23,5,799,3995,Cancelled
ORD_000208,CUST_00598,PROD_0025,SESS_002861,2023-12-04,3,3299,9897,Completed
ORD_000888,CUST_00116,PROD_0014,SESS_000466,2023-11-18,2,1249,2498,Processing
ORD_003487,CUST_00623,PROD_0036,SESS_000980,2023-06-23,2,199.99,400,Completed
ORD_000047,CUST_00915,PROD_0017,NULL,2023-06-08,4,398,1592,Completed
ORD_000948,CUST_00984,PROD_0008,NULL,2023-02-19,5,699,3495,Cancelled
ORD_002820,CUST_00071,PROD_0004,SESS_001529,2023-08-28,5,1799.99,9000,Cancelled
ORD_003386,CUST_00561,PROD_0034,SESS_001148,2023-05-29,5,899.99,4500,Cancelled
ORD_001317,CUST_00605,PROD_0028,SESS_002749,2023-05-30,5,2499,12495,Cancelled
ORD_001719,CUST_999996,PROD_0017,NULL,2023-04-24,5,398,1990,Cancelled
ORD_003187,CUST_00032,PROD_0021,SESS_000807,2023-12-18,5,229.99,1150,Completed
ORD_000236,CUST_00322,PROD_0027,SESS_000124,2023-09-28,1,2498,2498,Processing
ORD_001254,CUST_00734,PROD_0039,SESS_000588,2023-03-14,5,229,1145,Cancelled
ORD_002476,CUST_00866,PROD_0027,SESS_000132,2023-05-18,3,2498,7494,Cancelled
ORD_000218,CUST_00338,PROD_0017,SESS_003902,2023-10-21,1,398,398,Cancelled
ORD_001006,CUST_00299,PROD_0040,SESS_004486,2023-09-10,1,199.99,200,Completed
ORD_002398,CUST_00958,PROD_0005,SESS_002085,2023-11-09,2,999,1998,Refunded
ORD_002672,CUST_00220,PROD_0006,SESS_004132,2023-09-16,4,799.99,3200,Processing
ORD_001818,CUST_00251,PROD_0038,SESS_002731,2023-05-15,2,499.99,1000,Refunded
ORD_002730,CUST_00649,PROD_0026,SESS_000724,2023-04-21,2,599,1198,Completed
ORD_001733,CUST_00028,PROD_0030,SESS_004257,2023-04-20,4,759,3036,Refunded
ORD_003069,CUST_00301,PROD_0012,SESS_004399,2023-10-16,1,1399.5,1400,Refunded
ORD_000676,CUST_00587,PROD_0030,SESS_003998,2023-01-30,3,759,2277,Cancelled
ORD_001593,CUST_00940,PROD_0019,SESS_001248,2023-09-21,1,249,249,Completed
ORD_002184,CUST_999996,PROD_0033,SESS_002586,2023-01-07,3,799,2397,Refunded
ORD_000010,CUST_00082,PROD_0018,SESS_001720,2023-08-05,5,429,2145,Completed
ORD_002393,CUST_00532,PROD_0042,NULL,2023-12-10,1,749.99,750,Completed
ORD_000230,CUST_00636,PROD_0003,SESS_001382,2023-12-06,2,1299.99,2600,Completed
ORD_002009,CUST_00686,PROD_0027,SESS_001842,2023-03-04,2,2498,4996,Cancelled
ORD_002660,CUST_00924,PROD_0031,SESS_004598,2023-11-22,5,399.99,2000,Cancelled
ORD_000581,CUST_00417,PROD_0015,SESS_001672,NULL,1,2699.99,2700,Cancelled
ORD_001427,CUST_00713,PROD_0036,SESS_003101,2023-09-27,1,199.99,200,Completed
ORD_002129,CUST_00629,PROD_0006,NULL,2023-05-20,2,799.99,1600,Cancelled
ORD_002386,CUST_00911,PROD_0001,SESS_003199,2023-11-19,3,1199,3597,Processing
ORD_000126,CUST_00751,PROD_0033,SESS_002701,2023-10-17,4,799,3196,Completed
ORD_000210,CUST_00848,PROD_0028,SESS_004735,2023-11-04,1,2499,2499,Processing
ORD_002865,CUST_00719,PROD_0011,SESS_003046,2023-10-26,5,1499,7495,Cancelled
ORD_001648,CUST_00591,PROD_0017,SESS_000271,2023-02-15,4,398,1592,Processing
ORD_003192,CUST_00924,PROD_0026,SESS_001008,2023-09-19,1,599,599,Cancelled
ORD_000281,CUST_00989,PROD_0037,NULL,2023-03-13,5,499.99,2500,Completed
ORD_002968,CUST_00929,PROD_0030,SESS_004474,2023-03-04,1,759,759,Completed
ORD_001926,CUST_999998,PROD_0037,SESS_001528,2023-06-16,5,499.99,2500,Refunded
ORD_002525,CUST_00387,PROD_0017,NULL,2023-12-29,2,398,796,Completed
ORD_003121,CUST_00116,PROD_0004,NULL,2023-03-06,1,1799.99,1800,Cancelled
ORD_002104,CUST_999998,PROD_0012,SESS_000946,2023-02-26,4,1399.5,5598,Cancelled
ORD_002189,CUST_00884,PROD_0024,NULL,2023-01-25,1,2499.99,2500,Cancelled
ORD_000338,CUST_00414,PROD_0022,SESS_000610,2023-07-28,3,349.99,1050,Cancelled
ORD_001135,CUST_00340,PROD_0043,NULL,2023-09-21,1,2199,2199,Refunded
ORD_002941,CUST_00363,PROD_0013,SESS_003255,NULL,3,1599.99,4800,Completed
ORD_000603,CUST_00253,PROD_0035,SESS_003562,2023-12-07,5,399.99,2000,Completed
ORD_001447,CUST_00046,PROD_0026,SESS_001477,2023-03-11,4,599,2396,Cancelled
ORD_003432,CUST_00100,PROD_0034,SESS_000687,2023-06-09,5,899.99,4500,Completed
ORD_001126,CUST_00339,PROD_0023,SESS_001492,2023-12-26,1,1699.99,1700,Completed
ORD_002268,CUST_00968,PROD_0006,SESS_003820,2023-06-18,4,799.99,3200,Refunded
ORD_000021,CUST_00750,PROD_0019,SESS_004332,2023-09-12,5,249,1245,Cancelled
ORD_002304,CUST_00120,PROD_0002,SESS_001026,2023-02-28,5,799,3995,Completed
ORD_001227,CUST_00034,PROD_0024,SESS_003750,2023-08-20,3,2499.99,7500,Completed
ORD_000097,CUST_00596,PROD_0029,SESS_003804,2023-04-21,2,3996.95,7994,Refunded
ORD_002552,CUST_00230,PROD_0017,SESS_001815,2023-02-15,3,398,1194,Cancelled
ORD_002944,CUST_00359,PROD_0001,NULL,2023-03-19,1,1199,1199,Completed
ORD_001713,CUST_00460,PROD_0013,SESS_000073,2023-04-12,1,1599.99,1600,Completed
ORD_001027,CUST_00866,PROD_0011,SESS_003315,2023-05-17,3,1499,4497,Completed
ORD_002636,CUST_00946,PROD_0030,SESS_003304,2023-01-02,5,759,3795,Completed
ORD_002724,CUST_00731,PROD_0013,SESS_002019,2023-05-22,2,1599.99,3200,Processing
ORD_001063,CUST_00808,PROD_0023,SESS_004232,2023-04-15,4,1699.99,6800,Processing
ORD_002771,CUST_00056,PROD_0005,SESS_001614,2023-01-05,2,999,1998,Processing
ORD_001018,CUST_00097,PROD_0037,SESS_003711,2023-01-06,4,499.99,2000,Completed
ORD_002139,CUST_00044,PROD_0017,SESS_000700,2023-12-27,2,398,796,Processing
ORD_001898,CUST_00778,PROD_0015,SESS_004544,2023-08-18,2,2699.99,5400,Completed
ORD_000349,CUST_00353,PROD_0007,SESS_004647,2023-12-05,3,2498,7494,Cancelled
ORD_002857,CUST_00141,PROD_0003,SESS_002848,2023-04-09,3,1299.99,3900,Cancelled
ORD_000351,CUST_00473,PROD_0014,NULL,2023-07-20,1,1249,1249,Completed
ORD_002443,CUST_00020,PROD_0006,SESS_002528,2023-10-16,2,799.99,1600,Processing
ORD_002557,CUST_00502,PROD_0015,NULL,2023-02-14,5,2699.99,13500,Cancelled
ORD_001708,CUST_00061,PROD_0003,NULL,2023-11-19,5,1299.99,6500,Cancelled
ORD_000988,CUST_00981,PROD_0014,SESS_002643,2023-02-07,4,1249,4996,Completed
ORD_003493,CUST_00641,PROD_0025,SESS_002869,NULL,2,3299,6598,Cancelled
ORD_001746,CUST_00061,PROD_0014,SESS_000249,2023-01-30,4,1249,4996,Completed
ORD_002510,CUST_00936,PROD_0012,SESS_000141,2023-02-24,1,1399.5,1400,Processing
ORD_001211,CUST_00295,PROD_0035,SESS_003236,2023-02-03,3,399.99,1200,Cancelled
ORD_000565,CUST_00528,PROD_0034,NULL,2023-05-14,4,899.99,3600,Cancelled
ORD_000128,CUST_999991,PROD_0026,SESS_002047,2023-03-28,1,599,599,Processing
ORD_003339,CUST_00475,PROD_0020,NULL,2023-05-03,3,349.95,1050,Cancelled
ORD_001430,CUST_00304,PROD_0028,SESS_002718,2023-08-20,3,2499,7497,Cancelled
ORD_001338,CUST_00989,PROD_0034,SESS_003831,2023-04-30,5,899.99,4500,Completed
ORD_002240,CUST_00514,PROD_0003,SESS_000241,2023-11-25,3,1299.99,3900,Processing
ORD_000660,CUST_00828,PROD_0002,NULL,2023-06-16,1,799,799,Cancelled
ORD_001325,CUST_00430,PROD_0037,SESS_000231,2023-04-23,1,499.99,500,Cancelled
ORD_000743,CUST_00234,PROD_0026,NULL,2023-02-06,4,599,2396,Completed
ORD_000181,CUST_999999,PROD_0006,NULL,2023-06-27,3,799.99,2400,Processing
ORD_001116,CUST_00824,PROD_0011,SESS_000122,2023-04-09,5,1499,7495,Refunded
ORD_003277,CUST_00212,PROD_0029,SESS_000075,2023-11-06,4,3996.95,15988,Refunded
ORD_000350,CUST_00152,PROD_0003,SESS_000306,2023-12-11,1,1299.99,1300,Completed
ORD_000514,CUST_00128,PROD_0035,SESS_001953,2023-04-01,1,399.99,400,Processing
ORD_003446,CUST_00633,PROD_0008,SESS_003270,2023-09-06,5,699,3495,Completed
ORD_002908,CUST_00489,PROD_0030,SESS_000496,2023-04-16,1,759,759,Completed
ORD_002013,CUST_00830,PROD_0016,SESS_001325,2023-10-12,4,1450,5800,Refunded
ORD_000225,CUST_00674,PROD_0013,SESS_004461,2023-03-01,1,1599.99,1600,Cancelled
ORD_000087,CUST_00792,PROD_0034,SESS_004153,2023-11-20,2,899.99,1800,Refunded
ORD_000082,CUST_00380,PROD_0012,SESS_003124,2023-02-06,1,1399.5,1400,Cancelled
ORD_003376,CUST_00905,PROD_0012,SESS_000180,2023-10-14,4,1399.5,5598,Completed
ORD_001865,CUST_00094,PROD_0033,NULL,2023-12-01,2,799,1598,Completed
ORD_003087,CUST_00629,PROD_0011,SESS_002046,2024-01-01,4,1499,5996,Processing
ORD_000832,CUST_00776,PROD_0025,NULL,2023-04-30,1,3299,3299,Refunded
ORD_003065,CUST_00680,PROD_0008,SESS_000754,2023-06-24,2,699,1398,Refunded
ORD_001794,CUST_00005,PROD_0031,SESS_003862,2023-12-01,1,399.99,400,Cancelled
ORD_001800,CUST_00761,PROD_0017,SESS_004841,2023-01-09,2,398,796,Refunded
ORD_000786,CUST_00719,PROD_0037,NULL,2023-03-02,3,499.99,1500,Completed
ORD_002490,CUST_00784,PROD_0004,SESS_003742,2023-03-30,3,1799.99,5400,Cancelled
ORD_001526,CUST_00532,PROD_0018,SESS_003005,2023-11-17,4,429,1716,Completed
ORD_003459,CUST_00324,PROD_0036,SESS_001814,2023-07-20,3,199.99,600,Refunded
ORD_002836,CUST_00170,PROD_0043,SESS_001354,2023-06-10,3,2199,6597,Cancelled
ORD_001480,CUST_00877,PROD_0012,SESS_001117,2023-04-20,2,1399.5,2799,Cancelled
ORD_000369,CUST_00198,PROD_0005,SESS_003814,2023-09-04,4,999,3996,Cancelled
ORD_001603,CUST_00872,PROD_0008,NULL,2023-03-18,5,699,3495,Refunded
ORD_002474,CUST_00495,PROD_0028,SESS_000655,2023-12-17,2,2499,4998,Cancelled
ORD_002597,CUST_00718,PROD_0027,SESS_002597,2023-01-13,1,2498,2498,Cancelled
ORD_001407,CUST_00021,PROD_0030,SESS_002601,2023-01-24,4,759,3036,Cancelled
ORD_000750,CUST_00588,PROD_0001,SESS_004199,2023-11-19,1,1199,1199,Refunded
ORD_001115,CUST_00202,PROD_0031,SESS_000899,2023-11-03,5,399.99,2000,Refunded
ORD_001497,CUST_00417,PROD_0016,SESS_003890,2023-07-24,1,1450,1450,Cancelled
ORD_000395,CUST_00165,PROD_0022,SESS_002537,2023-08-05,1,349.99,350,Processing
ORD_000711,CUST_00261,PROD_0030,NULL,2023-10-12,2,759,1518,Cancelled
ORD_002423,CUST_00263,PROD_0004,SESS_003124,2023-03-26,3,1799.99,5400,Cancelled
ORD_002570,CUST_00738,PROD_0022,SESS_001792,2023-07-22,3,349.99,1050,Refunded
ORD_002103,CUST_00826,PROD_0005,SESS_000862,NULL,1,999,999,Completed
ORD_000441,CUST_00387,PROD_0034,SESS_002542,2023-08-07,3,899.99,2700,Cancelled
ORD_000532,CUST_00478,PROD_0003,NULL,2023-02-12,3,1299.99,3900,Cancelled
ORD_003229,CUST_00412,PROD_0012,NULL,2023-10-03,4,1399.5,5598,Cancelled
ORD_002547,CUST_00921,PROD_0016,SESS_002970,2023-05-11,1,1450,1450,Cancelled
ORD_001094,CUST_00441,PROD_0043,NULL,2023-12-24,2,2199,4398,Completed
ORD_002866,CUST_00059,PROD_0005,SESS_000869,2023-09-02,1,999,999,Refunded
ORD_001416,CUST_00975,PROD_0043,NULL,2023-08-19,2,2199,4398,Cancelled
ORD_001968,CUST_00315,PROD_0009,SESS_001995,2023-09-27,3,3499,10497,Processing
ORD_000543,CUST_00009,PROD_0003,NULL,2023-05-18,1,1299.99,1300,Refunded
ORD_000162,CUST_00346,PROD_0034,SESS_003061,2023-09-01,5,899.99,4500,Cancelled
ORD_001140,CUST_00371,PROD_0025,SESS_000247,2023-09-21,5,3299,16495,Completed
ORD_000184,CUST_00156,PROD_0037,NULL,2023-02-05,3,499.99,1500,Cancelled
ORD_002286,CUST_00600,PROD_0034,SESS_004319,2023-11-17,1,899.99,900,Completed
ORD_002922,CUST_00698,PROD_0021,SESS_001375,2023-10-16,2,229.99,460,Completed
ORD_000523,CUST_00924,PROD_0024,NULL,2023-03-09,4,2499.99,10000,Processing
ORD_000517,CUST_00480,PROD_0003,SESS_000160,2023-02-01,2,1299.99,2600,Cancelled
ORD_001471,CUST_00765,PROD_0002,NULL,NULL,4,799,3196,Cancelled
ORD_000173,CUST_00325,PROD_0022,SESS_003552,2023-09-17,2,349.99,700,Cancelled
ORD_000640,CUST_00570,PROD_0013,NULL,2023-03-20,3,1599.99,4800,Cancelled
ORD_001864,CUST_00397,PROD_0007,SESS_000720,2023-06-26,2,2498,4996,Cancelled
ORD_000040,CUST_00264,PROD_0024,SESS_000013,2023-04-15,3,2499.99,7500,Processing
ORD_002772,CUST_00737,PROD_0005,SESS_001848,2023-02-10,4,999,3996,Processing
ORD_001942,CUST_00734,PROD_0043,SESS_000485,2023-08-06,5,2199,10995,Cancelled
ORD_001144,CUST_999992,PROD_0038,SESS_003722,2023-11-14,2,499.99,1000,Completed
ORD_001292,CUST_999995,PROD_0005,SESS_000801,2023-07-19,1,999,999,Completed
ORD_003324,CUST_00065,PROD_0019,SESS_002338,2023-04-03,3,249,747,Completed
ORD_003033,CUST_00307,PROD_0024,NULL,2023-10-14,2,2499.99,5000,Processing
ORD_003292,CUST_00673,PROD_0016,SESS_004967,NULL,3,1450,4350,Completed
ORD_000084,CUST_00967,PROD_0012,NULL,2023-01-19,1,1399.5,1400,Completed
ORD_002247,CUST_00583,PROD_0027,SESS_004572,2023-08-26,1,2498,2498,Completed
ORD_000396,CUST_00558,PROD_0042,SESS_001989,2023-08-17,4,749.99,3000,Cancelled
ORD_002496,CUST_00086,PROD_0015,SESS_003296,2023-11-14,5,2699.99,13500,Completed
ORD_000227,CUST_00742,PROD_0031,SESS_004257,2023-02-28,1,399.99,400,Cancelled
ORD_000835,CUST_00667,PROD_0042,SESS_004181,2023-04-29,1,749.99,750,Cancelled
ORD_002840,CUST_999994,PROD_0003,SESS_003732,2023-01-05,4,1299.99,5200,Completed
ORD_001131,CUST_00053,PROD_0010,SESS_004985,2023-07-01,4,1299,5196,Processing
ORD_001813,CUST_00112,PROD_0017,SESS_001634,2023-09-13,3,398,1194,Cancelled
ORD_000534,CUST_00075,PROD_0040,SESS_002801,2023-11-19,4,199.99,800,Completed
ORD_002873,CUST_00207,PROD_0037,SESS_001429,2023-12-17,4,499.99,2000,Processing
ORD_002451,CUST_999992,PROD_0032,SESS_001920,2023-11-18,5,129,645,Cancelled
ORD_002907,CUST_00412,PROD_0040,SESS_001615,2023-06-06,1,199.99,200,Completed
ORD_000066,CUST_00823,PROD_0039,SESS_001820,2023-02-05,3,229,687,Cancelled
ORD_002086,CUST_00653,PROD_0016,SESS_000883,2023-11-17,3,1450,4350,Completed
ORD_002999,CUST_00983,PROD_0033,NULL,2023-04-15,5,799,3995,Completed
ORD_000355,CUST_00652,PROD_0007,NULL,2023-06-17,4,2498,9992,Completed
ORD_002746,CUST_00358,PROD_0010,SESS_004804,2023-09-22,5,1299,6495,Cancelled
ORD_003173,CUST_00747,PROD_0042,SESS_001613,2023-09-30,1,749.99,750,Processing
ORD_002383,CUST_00136,PROD_0018,SESS_004023,2023-03-24,2,429,858,Processing
ORD_002674,CUST_00752,PROD_0043,SESS_000821,2023-08-24,1,2199,2199,Cancelled
ORD_002897,CUST_00837,PROD_0008,SESS_004736,2023-05-26,4,699,2796,Completed
ORD_000846,CUST_00524,PROD_0002,SESS_001481,2023-03-14,3,799,2397,Cancelled
ORD_002881,CUST_00813,PROD_0035,SESS_000058,2023-03-05,4,399.99,1600,Completed
ORD_001348,CUST_00265,PROD_0035,SESS_004680,2023-05-30,4,399.99,1600,Completed
ORD_002091,CUST_999991,PROD_0028,NULL,2023-06-03,3,2499,7497,Completed
ORD_001786,CUST_00353,PROD_0003,SESS_002681,2023-07-12,5,1299.99,6500,Refunded
ORD_000473,CUST_00243,PROD_0015,SESS_001007,2023-05-08,1,2699.99,2700,Processing
ORD_002218,CUST_00538,PROD_0020,SESS_000688,2023-07-22,1,349.95,350,Refunded
ORD_002456,CUST_00110,PROD_0002,SESS_003885,2023-10-24,2,799,1598,Completed
ORD_000803,CUST_00704,PROD_0022,SESS_000576,NULL,3,349.99,1050,Completed
ORD_000310,CUST_00541,PROD_0002,SESS_002708,2023-12-26,2,799,1598,Processing
ORD_001808,CUST_00541,PROD_0031,SESS_004369,2023-11-10,3,399.99,1200,Completed
ORD_003014,CUST_00481,PROD_0005,SESS_000981,2023-04-29,5,999,4995,Cancelled
ORD_000869,CUST_00621,PROD_0027,SESS_001294,2023-03-05,5,2498,12490,Processing
ORD_001901,CUST_00363,PROD_0028,SESS_000239,2023-05-02,1,2499,2499,Completed
ORD_000324,CUST_00285,PROD_0041,SESS_002251,2023-09-03,5,799,3995,Completed
ORD_000259,CUST_00252,PROD_0017,SESS_004226,2023-09-10,3,398,1194,Cancelled
ORD_000955,CUST_00809,PROD_0015,SESS_001288,2023-11-04,3,2699.99,8100,Cancelled
ORD_002279,CUST_999995,PROD_0003,SESS_002405,2023-03-17,2,1299.99,2600,Processing
ORD_002420,CUST_00010,PROD_0001,SESS_003869,2023-11-14,3,1199,3597,Cancelled
ORD_001714,CUST_00756,PROD_0001,SESS_002718,2023-08-22,4,1199,4796,Completed
ORD_002900,CUST_00284,PROD_0012,SESS_000452,2023-03-07,4,1399.5,5598,Completed
ORD_002639,CUST_999996,PROD_0037,SESS_000469,2023-08-31,2,499.99,1000,Cancelled
ORD_001753,CUST_00071,PROD_0009,NULL,2023-08-30,5,3499,17495,Cancelled
ORD_001076,CUST_00410,PROD_0020,NULL,2023-04-03,4,349.95,1400,Completed
ORD_003142,CUST_00224,PROD_0031,NULL,2023-01-17,1,399.99,400,Cancelled
ORD_001255,CUST_00023,PROD_0020,SESS_002632,2023-04-14,3,349.95,1050,Completed
ORD_003434,CUST_00735,PROD_0019,SESS_002748,2023-02-23,5,249,1245,Completed
ORD_002895,CUST_00245,PROD_0030,SESS_002719,2023-02-06,3,759,2277,Refunded
ORD_001400,CUST_00842,PROD_0039,SESS_004109,2023-08-16,4,229,916,Refunded
ORD_003139,CUST_00931,PROD_0023,SESS_003738,2023-04-26,4,1699.99,6800,Cancelled
ORD_000657,CUST_999996,PROD_0012,SESS_001564,2023-06-09,4,1399.5,5598,Cancelled
ORD_002611,CUST_00954,PROD_0016,SESS_000049,2023-06-19,1,1450,1450,Refunded
ORD_001117,CUST_00612,PROD_0008,SESS_000934,2023-11-20,3,699,2097,Cancelled
ORD_003318,CUST_00157,PROD_0028,SESS_003034,2023-08-17,5,2499,12495,Cancelled
ORD_001654,CUST_00206,PROD_0020,SESS_000416,2023-12-06,4,349.95,1400,Processing
ORD_000074,CUST_00291,PROD_0016,SESS_004610,2023-11-12,2,1450,2900,Completed
ORD_002147,CUST_999997,PROD_0026,SESS_001001,2023-11-17,5,599,2995,Cancelled
ORD_000515,CUST_00476,PROD_0035,SESS_001416,2023-06-17,1,399.99,400,Cancelled
ORD_001440,CUST_00255,PROD_0015,SESS_002341,2023-11-10,5,2699.99,13500,Completed
ORD_002505,CUST_00359,PROD_0015,SESS_000813,2023-01-02,1,2699.99,2700,Completed
ORD_003250,CUST_00051,PROD_0002,SESS_000251,2023-11-16,2,799,1598,Processing
ORD_001734,CUST_00610,PROD_0034,SESS_001573,2023-05-09,3,899.99,2700,Refunded
ORD_002214,CUST_00259,PROD_0031,SESS_000186,2023-06-12,1,399.99,400,Completed
ORD_000418,CUST_00241,PROD_0033,NULL,2023-05-22,3,799,2397,Refunded
ORD_001559,CUST_00502,PROD_0034,NULL,2023-03-25,4,899.99,3600,Processing
ORD_000314,CUST_00830,PROD_0039,SESS_002496,2023-05-11,4,229,916,Cancelled
ORD_001771,CUST_999995,PROD_0032,SESS_001793,2023-04-12,1,129,129,Refunded
ORD_002838,CUST_00587,PROD_0021,NULL,2023-12-06,1,229.99,230,Cancelled
ORD_000119,CUST_00180,PROD_0042,SESS_004349,2023-09-08,1,749.99,750,Completed
ORD_001795,CUST_00624,PROD_0023,SESS_003083,2023-11-28,2,1699.99,3400,Cancelled
ORD_001276,CUST_00585,PROD_0034,SESS_004909,2023-04-26,3,899.99,2700,Cancelled
ORD_001571,CUST_00725,PROD_0004,SESS_004815,2023-02-03,2,1799.99,3600,Cancelled
ORD_000809,CUST_00494,PROD_0021,SESS_001152,2023-09-02,2,229.99,460,Cancelled
ORD_000318,CUST_00915,PROD_0003,SESS_000011,2023-08-21,3,1299.99,3900,Cancelled
ORD_002631,CUST_00344,PROD_0006,SESS_004645,2023-09-04,1,799.99,800,Completed
ORD_001220,CUST_00933,PROD_0012,SESS_001035,2023-08-26,1,1399.5,1400,Completed
ORD_002405,CUST_00564,PROD_0031,SESS_000839,2023-08-05,4,399.99,1600,Cancelled
ORD_002250,CUST_00215,PROD_0032,NULL,2023-10-02,1,129,129,Processing
ORD_001958,CUST_00202,PROD_0016,NULL,2023-02-17,5,1450,7250,Completed
ORD_000463,CUST_999992,PROD_0005,SESS_003777,2023-01-11,5,999,4995,Cancelled
ORD_002278,CUST_00905,PROD_0014,SESS_002523,2023-03-25,4,1249,4996,Cancelled
ORD_000450,CUST_00139,PROD_0012,NULL,2023-06-20,5,1399.5,6998,Cancelled
ORD_003413,CUST_00270,PROD_0031,NULL,2023-02-10,5,399.99,2000,Cancelled
ORD_001817,CUST_999999,PROD_0022,SESS_003429,2023-03-15,4,349.99,1400,Processing
ORD_001743,CUST_00372,PROD_0026,SESS_002069,2023-02-06,1,599,599,Refunded
ORD_000178,CUST_00554,PROD_0021,SESS_002491,2023-11-04,3,229.99,690,Processing
ORD_001925,CUST_00540,PROD_0008,SESS_002012,2023-01-04,5,699,3495,Refunded
ORD_000140,CUST_00989,PROD_0011,SESS_002617,2023-03-06,5,1499,7495,Cancelled
ORD_001375,CUST_00202,PROD_0024,SESS_001674,2023-03-24,4,2499.99,10000,Refunded
ORD_002785,CUST_00159,PROD_0040,SESS_000843,2023-05-10,5,199.99,1000,Completed
ORD_000001,CUST_00287,PROD_0008,NULL,2023-10-27,2,699,1398,Cancelled
ORD_003478,CUST_999995,PROD_0027,SESS_004467,2023-10-18,3,2498,7494,Completed
ORD_000088,CUST_00833,PROD_0024,SESS_004875,2023-07-19,2,2499.99,5000,Cancelled
ORD_001487,CUST_00716,PROD_0006,SESS_002276,2023-10-06,3,799.99,2400,Processing
ORD_001955,CUST_00659,PROD_0017,SESS_001493,2023-04-27,4,398,1592,Cancelled
ORD_001791,CUST_00096,PROD_0030,SESS_003074,NULL,2,759,1518,Completed
ORD_002949,CUST_00049,PROD_0027,SESS_004201,2023-04-11,5,2498,12490,Refunded
ORD_000893,CUST_999996,PROD_0003,SESS_004292,2023-03-27,4,1299.99,5200,Completed
ORD_000404,CUST_00036,PROD_0041,SESS_004964,2023-03-21,1,799,799,Completed
ORD_002606,CUST_00687,PROD_0013,SESS_001829,2023-12-08,5,1599.99,8000,Refunded
ORD_002537,CUST_00729,PROD_0034,SESS_003935,2023-04-29,3,899.99,2700,Cancelled
ORD_003448,CUST_00281,PROD_0023,SESS_000004,2023-08-23,1,1699.99,1700,Cancelled
ORD_001841,CUST_00512,PROD_0022,SESS_004330,2023-10-31,2,349.99,700,Processing
ORD_002539,CUST_00837,PROD_0010,SESS_002426,2023-10-31,3,1299,3897,Completed
ORD_000235,CUST_00418,PROD_0012,SESS_004476,2023-06-24,3,1399.5,4198,Completed
ORD_002014,CUST_00861,PROD_0019,NULL,2023-07-12,5,249,1245,Completed
ORD_002967,CUST_00636,PROD_0039,SESS_003155,2023-01-23,2,229,458,Cancelled
ORD_000409,CUST_00393,PROD_0033,SESS_004329,2023-01-16,4,799,3196,Completed
ORD_001807,CUST_00592,PROD_0023,SESS_001549,2023-12-21,3,1699.99,5100,Completed
ORD_001765,CUST_00138,PROD_0032,SESS_003377,2023-12-15,2,129,258,Refunded
ORD_000167,CUST_00889,PROD_0007,SESS_003696,2023-01-17,2,2498,4996,Refunded
ORD_001028,CUST_00958,PROD_0009,SESS_003620,2023-03-31,4,3499,13996,Processing
ORD_000158,CUST_00663,PROD_0031,SESS_004825,2023-12-29,2,399.99,800,Completed
ORD_001422,CUST_00391,PROD_0015,NULL,2024-01-01,2,2699.99,5400,Processing
ORD_000389,CUST_00833,PROD_0001,SESS_001626,2023-01-28,4,1199,4796,Cancelled
ORD_002026,CUST_00639,PROD_0038,NULL,2023-01-18,5,499.99,2500,Completed
ORD_002163,CUST_00030,PROD_0041,SESS_001640,2023-06-11,4,799,3196,Cancelled
ORD_001203,CUST_00382,PROD_0016,SESS_001253,2023-11-24,1,1450,1450,Refunded
ORD_002428,CUST_00343,PROD_0024,SESS_001249,2023-09-17,5,2499.99,12500,Processing
ORD_002397,CUST_00997,PROD_0011,SESS_000421,2023-07-04,2,1499,2998,Processing
ORD_000494,CUST_00592,PROD_0030,NULL,2023-08-15,1,759,759,Cancelled
ORD_000713,CUST_00545,PROD_0019,SESS_004244,2023-05-22,2,249,498,Refunded
ORD_000393,CUST_00333,PROD_0025,SESS_002720,2023-03-26,1,3299,3299,Refunded
ORD_000511,CUST_00453,PROD_0039,NULL,2023-06-16,1,229,229,Cancelled
ORD_001062,CUST_00596,PROD_0015,SESS_004078,2023-04-20,3,2699.99,8100,Refunded
ORD_001532,CUST_00038,PROD_0009,SESS_004699,2023-03-22,4,3499,13996,Completed
ORD_002090,CUST_00573,PROD_0016,SESS_002640,2023-12-23,2,1450,2900,Refunded
ORD_003483,CUST_00136,PROD_0009,SESS_001225,2023-05-31,4,3499,13996,Processing
ORD_001186,CUST_999992,PROD_0024,SESS_002975,2023-01-30,3,2499.99,7500,Processing
ORD_001503,CUST_00110,PROD_0038,SESS_000357,2023-09-24,4,499.99,2000,Processing
ORD_000822,CUST_00800,PROD_0015,SESS_004794,2023-04-15,4,2699.99,10800,Completed
ORD_001759,CUST_00793,PROD_0032,SESS_004269,2023-08-11,3,129,387,Processing
ORD_002554,CUST_00485,PROD_0014,SESS_000701,2023-03-15,5,1249,6245,Processing
ORD_002987,CUST_00861,PROD_0020,SESS_001392,2023-03-25,4,349.95,1400,Cancelled
ORD_000679,CUST_00497,PROD_0030,NULL,2023-01-21,5,759,3795,Cancelled
ORD_002076,CUST_00586,PROD_0030,SESS_001476,2023-02-08,2,759,1518,Completed
ORD_001051,CUST_00434,PROD_0016,SESS_004713,2023-09-27,5,1450,7250,Completed
ORD_001614,CUST_00668,PROD_0024,SESS_000656,2023-02-02,4,2499.99,10000,Completed
ORD_000103,CUST_00239,PROD_0041,SESS_000600,2023-11-10,4,799,3196,Completed
ORD_000958,CUST_00166,PROD_0014,SESS_004503,NULL,5,1249,6245,Cancelled
ORD_003304,CUST_00547,PROD_0004,SESS_001746,2023-07-13,2,1799.99,3600,Cancelled
ORD_002578,CUST_00344,PROD_0043,NULL,2023-10-16,2,2199,4398,Cancelled
ORD_001071,CUST_00614,PROD_0013,SESS_003021,2023-10-11,3,1599.99,4800,Cancelled
ORD_002054,CUST_00324,PROD_0013,SESS_001455,2023-09-10,4,1599.99,6400,Processing
ORD_001604,CUST_00509,PROD_0033,SESS_000764,2023-07-05,4,799,3196,Cancelled
ORD_002726,CUST_00637,PROD_0009,SESS_003083,2023-05-14,4,3499,13996,Cancelled
ORD_001839,CUST_00764,PROD_0032,SESS_003460,2023-03-19,1,129,129,Completed
ORD_000725,CUST_00821,PROD_0042,SESS_001324,2023-11-02,4,749.99,3000,Completed
ORD_001345,CUST_00875,PROD_0028,SESS_000876,2023-12-19,5,2499,12495,Completed
ORD_001100,CUST_999992,PROD_0015,SESS_002109,2023-06-29,3,2699.99,8100,Completed
ORD_002934,CUST_00926,PROD_0023,SESS_002859,2023-08-29,4,1699.99,6800,Completed
ORD_001235,CUST_00592,PROD_0040,SESS_000061,2023-01-15,2,199.99,400,Processing
ORD_000795,CUST_00958,PROD_0022,SESS_000386,2023-01-17,4,349.99,1400,Cancelled
ORD_002817,CUST_00260,PROD_0025,SESS_004362,2023-02-28,3,3299,9897,Refunded
ORD_003000,CUST_00958,PROD_0022,SESS_004943,2023-12-28,2,349.99,700,Cancelled
ORD_001289,CUST_00360,PROD_0016,SESS_000078,2023-06-24,1,1450,1450,Cancelled
ORD_000252,CUST_00602,PROD_0013,SESS_003112,2023-02-01,5,1599.99,8000,Processing
ORD_003391,CUST_00548,PROD_0036,SESS_004836,2023-07-19,2,199.99,400,Completed
ORD_003241,CUST_00499,PROD_0002,SESS_004171,2023-04-22,5,799,3995,Completed
ORD_002649,CUST_00235,PROD_0018,SESS_002923,2023-08-01,2,429,858,Cancelled
ORD_002056,CUST_00112,PROD_0027,SESS_003202,2023-04-20,5,2498,12490,Refunded
ORD_002760,CUST_00455,PROD_0030,SESS_004314,2023-04-13,1,759,759,Completed
ORD_003112,CUST_00292,PROD_0021,SESS_003467,2023-09-22,3,229.99,690,Cancelled
ORD_000529,CUST_00303,PROD_0035,SESS_003398,2023-04-01,5,399.99,2000,Cancelled
ORD_001234,CUST_00375,PROD_0041,SESS_004280,2023-09-24,5,799,3995,Completed
ORD_002729,CUST_00964,PROD_0039,NULL,2023-04-16,2,229,458,Completed
ORD_001685,CUST_00547,PROD_0031,SESS_004367,NULL,5,399.99,2000,Cancelled
ORD_001170,CUST_00519,PROD_0040,SESS_004960,2023-11-08,2,199.99,400,Completed
ORD_000014,CUST_00337,PROD_0029,SESS_002741,2023-03-03,4,3996.95,15988,Refunded
ORD_001897,CUST_00439,PROD_0042,SESS_004456,2023-05-13,4,749.99,3000,Cancelled
ORD_003382,CUST_00411,PROD_0020,SESS_003646,2023-08-25,1,349.95,350,Cancelled
ORD_002294,CUST_00279,PROD_0008,SESS_004116,2023-12-22,4,699,2796,Cancelled
ORD_000196,CUST_00187,PROD_0038,SESS_004911,2023-10-09,4,499.99,2000,Completed
ORD_000204,CUST_00529,PROD_0002,NULL,2023-01-20,1,799,799,Completed
ORD_002018,CUST_00497,PROD_0042,SESS_002495,2023-02-28,3,749.99,2250,Completed
ORD_000424,CUST_00519,PROD_0007,SESS_000895,2023-10-09,2,2498,4996,Refunded
ORD_001572,CUST_00196,PROD_0003,SESS_004022,2023-08-08,2,1299.99,2600,Processing
ORD_003178,CUST_00865,PROD_0026,SESS_002200,2023-04-21,2,599,1198,Completed
ORD_002144,CUST_00072,PROD_0011,SESS_004349,2023-02-09,3,1499,4497,Cancelled
ORD_000763,CUST_999991,PROD_0038,SESS_004605,2023-04-12,4,499.99,2000,Processing
ORD_000758,CUST_00551,PROD_0018,SESS_004083,2023-01-24,2,429,858,Refunded
ORD_001397,CUST_00409,PROD_0008,SESS_002817,2023-02-19,1,699,699,Processing
ORD_002790,CUST_00586,PROD_0008,SESS_001260,2023-09-08,2,699,1398,Completed
ORD_000423,CUST_00056,PROD_0027,SESS_002099,2023-07-18,1,2498,2498,Processing
ORD_003246,CUST_00254,PROD_0024,SESS_002588,2023-03-28,4,2499.99,10000,Processing
ORD_002271,CUST_00866,PROD_0022,NULL,NULL,4,349.99,1400,Cancelled
ORD_001043,CUST_00726,PROD_0043,SESS_003065,2023-11-29,2,2199,4398,Processing
ORD_000612,CUST_00124,PROD_0008,SESS_000987,2023-06-13,1,699,699,Processing
ORD_003461,CUST_00642,PROD_0021,NULL,2023-07-11,2,229.99,460,Cancelled
ORD_000258,CUST_00207,PROD_0042,SESS_003469,2023-06-27,1,749.99,750,Completed
ORD_002509,CUST_00587,PROD_0020,SESS_000203,2023-05-18,5,349.95,1750,Processing
ORD_000283,CUST_00572,PROD_0011,NULL,2023-05-04,3,1499,4497,Completed
ORD_001041,CUST_00294,PROD_0017,SESS_003848,2023-07-25,1,398,398,Cancelled
ORD_003234,CUST_00429,PROD_0012,SESS_003705,2023-09-21,3,1399.5,4198,Cancelled
ORD_002650,CUST_00705,PROD_0016,SESS_000828,2023-08-11,5,1450,7250,Processing
ORD_000315,CUST_00159,PROD_0033,SESS_002535,2023-12-13,3,799,2397,Completed
ORD_001749,CUST_00895,PROD_0016,NULL,2023-03-28,1,1450,1450,Cancelled
ORD_002276,CUST_00512,PROD_0032,SESS_002445,2023-03-28,1,129,129,Completed
ORD_000703,CUST_00062,PROD_0002,SESS_000567,2023-02-19,4,799,3196,Completed
ORD_003063,CUST_00564,PROD_0026,SESS_002970,2023-04-27,4,599,2396,Processing
ORD_000504,CUST_00717,PROD_0012,NULL,NULL,4,1399.5,5598,Processing
ORD_003180,CUST_00430,PROD_0031,NULL,2023-02-10,3,399.99,1200,Completed
ORD_000275,CUST_00223,PROD_0011,SESS_001675,2023-04-14,2,1499,2998,Completed
ORD_000509,CUST_00408,PROD_0024,NULL,2023-07-17,2,2499.99,5000,Refunded
ORD_000849,CUST_00311,PROD_0003,NULL,2023-11-03,2,1299.99,2600,Completed
ORD_003351,CUST_00891,PROD_0037,NULL,2023-01-18,4,499.99,2000,Processing
ORD_002459,CUST_00572,PROD_0043,SESS_002085,2023-01-13,3,2199,6597,Completed
ORD_001521,CUST_999991,PROD_0023,SESS_002540,2023-05-06,5,1699.99,8500,Cancelled
ORD_002531,CUST_00053,PROD_0009,NULL,2023-03-02,3,3499,10497,Processing
ORD_000373,CUST_00094,PROD_0027,NULL,2023-09-24,3,2498,7494,Completed
ORD_001395,CUST_00668,PROD_0017,SESS_003514,2023-11-06,5,398,1990,Cancelled
ORD_002361,CUST_00378,PROD_0021,SESS_000863,2023-07-04,3,229.99,690,Completed
ORD_002546,CUST_00411,PROD_0024,SESS_004217,2023-08-27,2,2499.99,5000,Completed
ORD_002591,CUST_00828,PROD_0033,SESS_000248,2023-07-09,3,799,2397,Completed
ORD_000109,CUST_00830,PROD_0020,SESS_000823,2023-02-14,1,349.95,350,Processing
ORD_000684,CUST_00704,PROD_0019,NULL,2023-05-08,2,249,498,Refunded
ORD_002222,CUST_00858,PROD_0006,SESS_004451,2023-04-21,2,799.99,1600,Completed
ORD_001819,CUST_00475,PROD_0012,SESS_004431,2023-10-29,3,1399.5,4198,Refunded
ORD_000998,CUST_00558,PROD_0007,SESS_002436,2023-01-30,5,2498,12490,Cancelled
ORD_001680,CUST_00778,PROD_0002,SESS_004283,2023-01-14,1,799,799,Processing
ORD_002513,CUST_00411,PROD_0034,SESS_000453,2023-05-18,3,899.99,2700,Cancelled
ORD_001177,CUST_00389,PROD_0027,SESS_003208,2023-08-16,5,2498,12490,Refunded
ORD_001347,CUST_00516,PROD_0027,SESS_003907,2023-02-10,2,2498,4996,Completed
ORD_000552,CUST_999994,PROD_0036,SESS_000417,2024-01-01,2,199.99,400,Completed
ORD_000745,CUST_00278,PROD_0012,SESS_001821,2023-07-04,5,1399.5,6998,Refunded
ORD_001251,CUST_00684,PROD_0006,SESS_002472,2023-12-12,5,799.99,4000,Completed
ORD_000277,CUST_00364,PROD_0011,NULL,2023-12-25,2,1499,2998,Refunded
ORD_002484,CUST_00948,PROD_0030,SESS_001184,NULL,1,759,759,Cancelled
ORD_003426,CUST_00628,PROD_0008,NULL,2023-11-11,2,699,1398,Processing
ORD_003154,CUST_00663,PROD_0016,NULL,2023-11-28,4,1450,5800,Cancelled
ORD_002485,CUST_00746,PROD_0014,SESS_002798,2023-01-27,2,1249,2498,Refunded
ORD_002419,CUST_00114,PROD_0021,SESS_001096,2023-12-21,2,229.99,460,Refunded
ORD_001763,CUST_00399,PROD_0025,SESS_003556,2023-07-26,4,3299,13196,Cancelled
ORD_001629,CUST_999991,PROD_0042,SESS_000739,2023-12-10,4,749.99,3000,Processing
ORD_001081,CUST_00642,PROD_0011,SESS_000814,2023-05-23,5,1499,7495,Processing
ORD_002048,CUST_00123,PROD_0034,NULL,2023-02-11,1,899.99,900,Cancelled
ORD_000632,CUST_00890,PROD_0022,SESS_004595,2023-03-09,2,349.99,700,Completed
ORD_002003,CUST_00881,PROD_0033,SESS_004932,2023-09-19,1,799,799,Cancelled
ORD_000156,CUST_00810,PROD_0032,SESS_003826,2023-09-27,3,129,387,Cancelled
ORD_002089,CUST_00462,PROD_0032,SESS_000922,2023-01-07,2,129,258,Completed
ORD_000694,CUST_00023,PROD_0016,SESS_002607,2023-08-22,2,1450,2900,Cancelled
ORD_000486,CUST_00022,PROD_0043,SESS_000036,2023-11-01,2,2199,4398,Completed
ORD_003467,CUST_00239,PROD_0009,NULL,2023-02-26,5,3499,17495,Processing
ORD_001396,CUST_00063,PROD_0015,SESS_000815,2023-05-13,5,2699.99,13500,Refunded
ORD_000983,CUST_00684,PROD_0020,NULL,2023-10-07,1,349.95,350,Processing
ORD_001262,CUST_00215,PROD_0019,NULL,2023-01-26,1,249,249,Refunded
ORD_000080,CUST_00240,PROD_0017,NULL,2023-08-02,4,398,1592,Processing
ORD_002828,CUST_00632,PROD_0041,SESS_003261,2023-12-16,5,799,3995,Cancelled
ORD_002256,CUST_00570,PROD_0007,NULL,2023-09-26,1,2498,2498,Cancelled
ORD_001557,CUST_00876,PROD_0042,SESS_003622,2023-06-02,5,749.99,3750,Completed
ORD_003282,CUST_00363,PROD_0011,SESS_000048,2023-06-18,5,1499,7495,Refunded
ORD_002186,CUST_00890,PROD_0024,SESS_003386,2023-06-27,5,2499.99,12500,Completed
ORD_002390,CUST_00742,PROD_0021,SESS_004492,2023-09-01,5,229.99,1150,Cancelled
ORD_000262,CUST_00065,PROD_0005,SESS_003112,2023-08-04,4,999,3996,Cancelled
ORD_000095,CUST_00505,PROD_0032,SESS_004878,2023-06-17,3,129,387,Cancelled
ORD_001290,CUST_00557,PROD_0040,SESS_003299,2023-12-20,5,199.99,1000,Cancelled
ORD_001976,CUST_00696,PROD_0011,SESS_000305,2023-06-20,3,1499,4497,Completed
ORD_001402,CUST_999991,PROD_0010,SESS_001532,2023-11-21,3,1299,3897,Refunded
ORD_001579,CUST_00647,PROD_0043,SESS_003436,2023-01-06,3,2199,6597,Cancelled
ORD_001900,CUST_00391,PROD_0040,SESS_003109,2023-08-02,1,199.99,200,Cancelled
ORD_000446,CUST_00467,PROD_0029,SESS_003476,2023-07-10,3,3996.95,11991,Refunded
ORD_002534,CUST_00628,PROD_0017,NULL,2023-05-09,5,398,1990,Processing
ORD_003427,CUST_00445,PROD_0028,NULL,2023-11-19,1,2499,2499,Refunded
ORD_001677,CUST_00824,PROD_0001,SESS_001998,2023-12-31,1,1199,1199,Completed
ORD_001697,CUST_00954,PROD_0035,SESS_002988,2023-01-07,2,399.99,800,Cancelled
ORD_002841,CUST_00178,PROD_0038,SESS_001320,2023-02-21,5,499.99,2500,Cancelled
ORD_002562,CUST_00166,PROD_0034,SESS_003205,2023-06-13,2,899.99,1800,Cancelled
ORD_000147,CUST_00146,PROD_0007,SESS_004569,2023-12-04,3,2498,7494,Completed
ORD_002223,CUST_00063,PROD_0019,SESS_002962,2023-09-05,1,249,249,Cancelled
ORD_003396,CUST_00921,PROD_0004,SESS_004862,2023-09-27,4,1799.99,7200,Cancelled
ORD_001702,CUST_00038,PROD_0012,SESS_000620,2023-12-19,4,1399.5,5598,Completed
ORD_002435,CUST_00012,PROD_0027,SESS_004944,2023-07-02,5,2498,12490,Refunded
ORD_001469,CUST_00531,PROD_0039,SESS_000827,NULL,3,229,687,Processing
ORD_001982,CUST_00007,PROD_0019,SESS_001721,2023-07-09,5,249,1245,Completed
ORD_002702,CUST_00265,PROD_0021,SESS_004412,2023-02-20,3,229.99,690,Processing
ORD_001598,CUST_00835,PROD_0020,NULL,2023-03-27,5,349.95,1750,Processing
ORD_002919,CUST_00757,PROD_0027,SESS_000075,2023-09-30,1,2498,2498,Processing
ORD_001082,CUST_00842,PROD_0026,SESS_000082,2023-09-11,2,599,1198,Cancelled
ORD_000069,CUST_00247,PROD_0004,SESS_002886,2023-09-15,4,1799.99,7200,Cancelled
ORD_001777,CUST_00530,PROD_0026,SESS_000375,2023-08-13,4,599,2396,Processing
ORD_000049,CUST_00083,PROD_0033,SESS_000915,2023-07-12,1,799,799,Cancelled
ORD_001054,CUST_00094,PROD_0028,SESS_004016,2023-10-01,1,2499,2499,Cancelled
ORD_002809,CUST_00762,PROD_0015,SESS_004490,2023-04-15,3,2699.99,8100,Completed
ORD_000604,CUST_00752,PROD_0009,SESS_001920,2023-04-26,5,3499,17495,Completed
ORD_001217,CUST_00213,PROD_0031,SESS_000377,2023-08-16,3,399.99,1200,Completed
ORD_002140,CUST_00364,PROD_0013,NULL,2023-09-10,2,1599.99,3200,Cancelled
ORD_001429,CUST_00194,PROD_0007,SESS_004836,2023-05-28,2,2498,4996,Processing
ORD_000691,CUST_00344,PROD_0034,SESS_002403,2023-06-09,4,899.99,3600,Completed
ORD_003320,CUST_00722,PROD_0021,SESS_001077,2023-12-23,2,229.99,460,Refunded
ORD_001468,CUST_00676,PROD_0032,NULL,2023-12-22,2,129,258,Completed
ORD_001382,CUST_00140,PROD_0016,SESS_003403,2023-06-29,1,1450,1450,Completed
ORD_002207,CUST_00503,PROD_0017,SESS_000079,2023-06-08,3,398,1194,Completed
ORD_000394,CUST_00630,PROD_0030,SESS_001298,2023-08-09,2,759,1518,Refunded
ORD_000453,CUST_00679,PROD_0026,SESS_001842,2023-06-06,4,599,2396,Refunded
ORD_000231,CUST_00189,PROD_0040,SESS_002538,2023-11-11,4,199.99,800,Refunded
ORD_001321,CUST_00586,PROD_0038,SESS_001659,2023-02-20,5,499.99,2500,Refunded
ORD_000042,CUST_00877,PROD_0036,SESS_004950,2023-10-13,4,199.99,800,Processing
ORD_000992,CUST_00684,PROD_0028,SESS_001447,2023-07-07,1,2499,2499,Processing
ORD_002946,CUST_00141,PROD_0014,SESS_001238,2023-03-26,2,1249,2498,Completed
ORD_000055,CUST_00682,PROD_0017,NULL,2023-03-12,1,398,398,Completed
ORD_002641,CUST_00846,PROD_0013,SESS_002203,2023-09-22,1,1599.99,1600,Cancelled
ORD_001730,CUST_00923,PROD_0017,NULL,2023-06-01,1,398,398,Refunded
ORD_003417,CUST_00657,PROD_0024,SESS_000135,2023-03-10,2,2499.99,5000,Cancelled
ORD_001531,CUST_00161,PROD_0013,SESS_004518,2023-11-16,4,1599.99,6400,Completed
ORD_002985,CUST_00921,PROD_0001,SESS_002945,2023-12-07,2,1199,2398,Completed
ORD_003477,CUST_00116,PROD_0005,SESS_003212,2023-02-06,1,999,999,Completed
ORD_000428,CUST_00841,PROD_0032,SESS_003148,2023-07-26,5,129,645,Completed
ORD_002612,CUST_999995,PROD_0037,SESS_003574,2023-02-19,4,499.99,2000,Processing
ORD_001324,CUST_00955,PROD_0030,SESS_002787,2023-12-16,4,759,3036,Processing
ORD_000365,CUST_999999,PROD_0026,SESS_004837,2023-12-26,1,599,599,Cancelled
ORD_002146,CUST_00155,PROD_0028,SESS_000074,2023-12-27,2,2499,4998,Cancelled
ORD_002394,CUST_00178,PROD_0029,NULL,2023-01-02,5,3996.95,19985,Completed
ORD_001492,CUST_00134,PROD_0010,SESS_001479,2023-05-07,5,1299,6495,Cancelled
ORD_000868,CUST_00304,PROD_0041,SESS_002963,2023-07-20,2,799,1598,Completed
ORD_003270,CUST_00843,PROD_0012,SESS_002216,2023-02-28,1,1399.5,1400,Processing
ORD_000062,CUST_00948,PROD_0008,NULL,2023-04-15,3,699,2097,Refunded
ORD_000206,CUST_00447,PROD_0034,NULL,2023-02-19,5,899.99,4500,Completed
ORD_002722,CUST_00974,PROD_0029,SESS_004899,2023-05-24,2,3996.95,7994,Completed
ORD_002720,CUST_00942,PROD_0006,SESS_003314,2023-11-16,5,799.99,4000,Completed
ORD_000414,CUST_00785,PROD_0006,SESS_002456,2023-07-15,4,799.99,3200,Cancelled
ORD_000403,CUST_00827,PROD_0039,NULL,2023-06-27,4,229,916,Processing
ORD_000333,CUST_00779,PROD_0016,SESS_003439,2023-09-27,2,1450,2900,Completed
ORD_000037,CUST_00326,PROD_0031,SESS_004192,2023-09-19,3,399.99,1200,Completed
ORD_001010,CUST_00048,PROD_0006,SESS_004116,2023-02-01,4,799.99,3200,Cancelled
ORD_001169,CUST_00670,PROD_0023,SESS_002660,2023-12-18,1,1699.99,1700,Cancelled
ORD_002326,CUST_00554,PROD_0006,SESS_000033,2023-09-28,2,799.99,1600,Cancelled
ORD_000165,CUST_00288,PROD_0013,SESS_001617,2023-12-07,3,1599.99,4800,Cancelled
ORD_002728,CUST_00496,PROD_0021,SESS_004632,2023-09-23,2,229.99,460,Cancelled
ORD_002027,CUST_00197,PROD_0025,NULL,2023-09-19,5,3299,16495,Cancelled
ORD_000151,CUST_00470,PROD_0028,SESS_003650,2023-08-04,2,2499,4998,Completed
ORD_000207,CUST_00586,PROD_0019,NULL,2023-08-17,2,249,498,Processing
ORD_001108,CUST_00720,PROD_0042,SESS_001043,2023-10-17,5,749.99,3750,Processing
ORD_002117,CUST_00238,PROD_0041,SESS_004307,2023-09-15,5,799,3995,Processing
ORD_001722,CUST_00325,PROD_0024,SESS_003611,2023-10-09,2,2499.99,5000,Cancelled
ORD_001439,CUST_00031,PROD_0027,SESS_000037,2023-12-17,3,2498,7494,Processing
ORD_002499,CUST_00419,PROD_0029,NULL,2023-03-07,5,3996.95,19985,Cancelled
ORD_003400,CUST_00414,PROD_0037,SESS_001172,2023-12-05,3,499.99,1500,Completed
ORD_001493,CUST_00440,PROD_0007,NULL,2023-03-05,5,2498,12490,Cancelled
ORD_001335,CUST_00258,PROD_0031,SESS_003184,2023-08-28,3,399.99,1200,Completed
ORD_001863,CUST_00930,PROD_0015,NULL,2023-03-13,1,2699.99,2700,Cancelled
ORD_000817,CUST_00185,PROD_0036,SESS_003708,2023-05-21,5,199.99,1000,Completed
ORD_001660,CUST_00562,PROD_0037,SESS_003093,2023-06-01,4,499.99,2000,Completed
ORD_000503,CUST_00404,PROD_0025,SESS_000983,2023-05-23,4,3299,13196,Completed
ORD_000754,CUST_00009,PROD_0028,NULL,2023-02-07,5,2499,12495,Cancelled
ORD_002050,CUST_00132,PROD_0013,SESS_003958,2023-01-29,2,1599.99,3200,Refunded
ORD_002859,CUST_00625,PROD_0022,SESS_003419,2023-03-01,3,349.99,1050,Cancelled
ORD_002125,CUST_00584,PROD_0002,SESS_000311,2023-12-27,2,799,1598,Completed
ORD_003161,CUST_00533,PROD_0008,SESS_003298,2023-05-30,2,699,1398,Completed
ORD_001238,CUST_00704,PROD_0030,SESS_002580,2023-02-25,4,759,3036,Cancelled
ORD_000707,CUST_00994,PROD_0039,NULL,2023-02-10,3,229,687,Refunded
ORD_001004,CUST_00505,PROD_0005,SESS_000563,2023-09-14,4,999,3996,Completed
ORD_002123,CUST_00743,PROD_0005,SESS_003299,2023-01-18,5,999,4995,Completed
ORD_000960,CUST_00082,PROD_0004,NULL,2023-10-04,5,1799.99,9000,Refunded
ORD_002461,CUST_00488,PROD_0033,SESS_003039,2023-02-21,5,799,3995,Processing
ORD_001476,CUST_00989,PROD_0031,SESS_002529,2023-05-13,3,399.99,1200,Processing
ORD_001563,CUST_00537,PROD_0039,SESS_004012,2023-02-18,5,229,1145,Cancelled
ORD_000911,CUST_00538,PROD_0020,SESS_004145,2023-11-07,4,349.95,1400,Completed
ORD_001485,CUST_00642,PROD_0015,SESS_003499,2023-02-28,4,2699.99,10800,Completed
ORD_003279,CUST_00274,PROD_0016,SESS_002585,2023-10-09,4,1450,5800,Completed
ORD_000697,CUST_00904,PROD_0031,SESS_003182,2023-11-15,5,399.99,2000,Processing
ORD_001104,CUST_00282,PROD_0009,SESS_003701,2023-07-10,1,3499,3499,Cancelled
ORD_000474,CUST_00773,PROD_0007,SESS_002549,2023-07-01,3,2498,7494,Cancelled
ORD_000380,CUST_00655,PROD_0025,SESS_000840,2023-09-11,3,3299,9897,Completed
ORD_000689,CUST_00822,PROD_0040,NULL,2023-10-24,1,199.99,200,Refunded
ORD_002212,CUST_00567,PROD_0030,NULL,2023-08-30,5,759,3795,Completed
ORD_001886,CUST_00678,PROD_0019,SESS_004184,2023-01-03,2,249,498,Refunded
ORD_002110,CUST_00097,PROD_0028,SESS_003623,2023-04-12,4,2499,9996,Cancelled
ORD_000560,CUST_00025,PROD_0043,NULL,2023-04-05,3,2199,6597,Refunded
ORD_002698,CUST_00030,PROD_0027,SESS_002185,2023-02-27,2,2498,4996,Completed
ORD_002635,CUST_00655,PROD_0024,NULL,2023-02-10,5,2499.99,12500,Cancelled
ORD_003424,CUST_00010,PROD_0014,SESS_002767,2023-07-07,3,1249,3747,Completed
ORD_001263,CUST_00010,PROD_0013,SESS_002791,2023-10-03,5,1599.99,8000,Completed
ORD_000991,CUST_00332,PROD_0024,SESS_003907,2023-04-17,1,2499.99,2500,Completed
ORD_000247,CUST_00349,PROD_0024,SESS_003094,2023-12-10,3,2499.99,7500,Completed
ORD_002810,CUST_00761,PROD_0032,SESS_001182,2023-10-15,1,129,129,Processing
ORD_003135,CUST_00517,PROD_0003,SESS_003608,2023-12-07,1,1299.99,1300,Cancelled
ORD_002337,CUST_00700,PROD_0022,SESS_001609,2023-06-16,1,349.99,350,Processing
ORD_002030,CUST_00515,PROD_0042,SESS_003319,2023-04-30,4,749.99,3000,Completed
ORD_002717,CUST_00097,PROD_0026,NULL,2023-11-29,3,599,1797,Processing
ORD_002781,CUST_00416,PROD_0008,SESS_001236,NULL,1,699,699,Refunded
ORD_000969,CUST_00082,PROD_0028,NULL,2023-12-06,2,2499,4998,Completed
ORD_000059,CUST_00534,PROD_0035,SESS_000709,2023-01-27,4,399.99,1600,Completed
ORD_002962,CUST_00885,PROD_0015,SESS_003827,2023-10-20,1,2699.99,2700,Cancelled
ORD_001156,CUST_00008,PROD_0030,SESS_001081,2023-07-25,2,759,1518,Cancelled
ORD_003281,CUST_00858,PROD_0031,SESS_003290,2023-12-07,1,399.99,400,Cancelled
ORD_002445,CUST_00161,PROD_0024,SESS_002434,2023-09-01,4,2499.99,10000,Completed
ORD_002824,CUST_00597,PROD_0003,SESS_002811,2023-03-10,4,1299.99,5200,Completed
ORD_002807,CUST_00370,PROD_0015,SESS_001132,2023-12-28,4,2699.99,10800,Completed
ORD_000561,CUST_00607,PROD_0030,SESS_004346,2023-04-14,2,759,1518,Refunded
ORD_003024,CUST_00442,PROD_0025,SESS_000328,2023-03-25,1,3299,3299,Completed
ORD_002072,CUST_00591,PROD_0014,SESS_002026,2023-10-15,4,1249,4996,Cancelled
ORD_001194,CUST_00753,PROD_0035,SESS_002850,2023-08-07,2,399.99,800,Completed
ORD_001710,CUST_00900,PROD_0030,NULL,2023-08-01,1,759,759,Completed
ORD_000856,CUST_00805,PROD_0037,SESS_000027,2023-01-16,2,499.99,1000,Cancelled
ORD_000859,CUST_00306,PROD_0040,NULL,2023-05-26,4,199.99,800,Refunded
ORD_000251,CUST_00780,PROD_0035,SESS_004615,2023-08-28,3,399.99,1200,Cancelled
ORD_001923,CUST_00596,PROD_0038,SESS_001497,2023-01-14,3,499.99,1500,Completed
ORD_003275,CUST_00201,PROD_0032,SESS_000199,2023-08-12,5,129,645,Completed
ORD_003233,CUST_00982,PROD_0040,SESS_003694,2023-02-01,5,199.99,1000,Refunded
ORD_000864,CUST_00565,PROD_0017,SESS_001078,2023-11-11,2,398,796,Processing
ORD_001191,CUST_00346,PROD_0005,SESS_001582,2023-09-11,1,999,999,Processing
ORD_001537,CUST_00195,PROD_0038,NULL,2023-08-27,5,499.99,2500,Completed
ORD_000746,CUST_00081,PROD_0007,SESS_004247,2023-12-22,2,2498,4996,Processing
ORD_002142,CUST_00192,PROD_0028,SESS_003996,2023-03-15,3,2499,7497,Refunded
ORD_001652,CUST_00171,PROD_0035,SESS_004316,2023-02-03,3,399.99,1200,Cancelled
ORD_002864,CUST_00341,PROD_0008,NULL,2023-05-08,3,699,2097,Completed
ORD_002628,CUST_00291,PROD_0034,SESS_003563,2023-08-04,4,899.99,3600,Completed
ORD_002786,CUST_00748,PROD_0014,SESS_003427,2023-04-06,2,1249,2498,Completed
ORD_001052,CUST_00024,PROD_0028,SESS_003012,2023-03-16,5,2499,12495,Completed
ORD_002400,CUST_00041,PROD_0043,SESS_004944,2023-08-15,4,2199,8796,Cancelled
ORD_000434,CUST_00883,PROD_0032,SESS_001905,2023-05-29,2,129,258,Completed
ORD_002298,CUST_00916,PROD_0008,SESS_000867,2023-11-24,3,699,2097,Refunded
ORD_002878,CUST_00863,PROD_0006,SESS_004956,2023-10-17,5,799.99,4000,Completed
ORD_001449,CUST_00770,PROD_0033,SESS_001175,2023-05-28,2,799,1598,Processing
ORD_000772,CUST_00180,PROD_0031,SESS_000744,2023-01-15,3,399.99,1200,Completed
ORD_000105,CUST_00076,PROD_0020,SESS_003318,2023-06-22,4,349.95,1400,Completed
ORD_001657,CUST_00402,PROD_0017,SESS_000936,2023-08-13,4,398,1592,Completed
ORD_001534,CUST_00560,PROD_0016,NULL,2023-07-16,2,1450,2900,Processing
ORD_002498,CUST_00910,PROD_0003,SESS_001937,2023-09-26,3,1299.99,3900,Cancelled
ORD_000658,CUST_00478,PROD_0025,NULL,2023-02-06,3,3299,9897,Refunded
ORD_003169,CUST_00586,PROD_0022,SESS_000179,2023-11-07,5,349.99,1750,Completed
ORD_000573,CUST_00379,PROD_0021,SESS_000203,2023-07-03,3,229.99,690,Refunded
ORD_001940,CUST_00796,PROD_0027,SESS_004165,2023-07-23,5,2498,12490,Completed
ORD_002465,CUST_00179,PROD_0023,SESS_004720,2023-04-27,4,1699.99,6800,Completed
ORD_002302,CUST_00517,PROD_0024,SESS_000307,2023-12-11,5,2499.99,12500,Cancelled
ORD_003312,CUST_00276,PROD_0041,SESS_000921,2023-09-18,5,799,3995,Processing
ORD_002829,CUST_00025,PROD_0034,SESS_004446,2023-02-13,4,899.99,3600,Cancelled
ORD_002022,CUST_00191,PROD_0023,NULL,2023-11-14,3,1699.99,5100,Cancelled
ORD_000215,CUST_00523,PROD_0027,SESS_002755,2023-07-24,1,2498,2498,Refunded
ORD_001305,CUST_00373,PROD_0028,SESS_003330,2023-12-25,3,2499,7497,Cancelled
ORD_000804,CUST_00173,PROD_0040,SESS_002068,2023-09-17,3,199.99,600,Completed
ORD_002345,CUST_00867,PROD_0037,SESS_003279,2023-12-13,2,499.99,1000,Completed
ORD_000863,CUST_00338,PROD_0042,SESS_001492,2023-07-16,1,749.99,750,Cancelled
ORD_000004,CUST_00782,PROD_0001,SESS_001334,2023-01-15,3,1199,3597,Processing
ORD_002620,CUST_00526,PROD_0025,SESS_003832,2023-05-20,2,3299,6598,Completed
ORD_003350,CUST_00210,PROD_0018,SESS_000391,2023-09-17,2,429,858,Cancelled
ORD_002523,CUST_00899,PROD_0032,NULL,2023-05-11,5,129,645,Completed
ORD_000182,CUST_00245,PROD_0026,SESS_000025,2023-10-20,3,599,1797,Cancelled
ORD_001619,CUST_00907,PROD_0005,SESS_004058,2023-01-21,5,999,4995,Completed
ORD_002732,CUST_00638,PROD_0016,SESS_000635,2023-07-26,4,1450,5800,Refunded
ORD_001797,CUST_00865,PROD_0016,NULL,2023-02-28,4,1450,5800,Cancelled
ORD_000399,CUST_00489,PROD_0032,NULL,2023-06-18,4,129,516,Refunded
ORD_000678,CUST_00075,PROD_0010,SESS_000182,2023-05-28,1,1299,1299,Completed
ORD_003498,CUST_00597,PROD_0010,SESS_002033,2023-07-01,3,1299,3897,Completed
ORD_003052,CUST_00017,PROD_0030,SESS_002863,2023-01-31,2,759,1518,Processing
ORD_002470,CUST_00305,PROD_0013,SESS_000720,2023-04-01,5,1599.99,8000,Processing
ORD_002094,CUST_00122,PROD_0037,SESS_004751,2023-08-01,5,499.99,2500,Refunded
ORD_000307,CUST_00470,PROD_0039,SESS_002514,2023-02-13,4,229,916,Cancelled
ORD_000768,CUST_00670,PROD_0004,SESS_004078,2023-06-03,2,1799.99,3600,Completed
ORD_003018,CUST_00124,PROD_0040,SESS_003635,2023-11-30,2,199.99,400,Refunded
ORD_002957,CUST_00995,PROD_0022,SESS_001261,2023-09-24,4,349.99,1400,Processing
ORD_002958,CUST_00346,PROD_0018,SESS_001351,2023-09-26,4,429,1716,Processing
ORD_001592,CUST_00138,PROD_0018,NULL,2023-08-06,1,429,429,Cancelled
ORD_000071,CUST_00869,PROD_0028,SESS_003912,2023-06-17,4,2499,9996,Completed
ORD_000545,CUST_00242,PROD_0042,SESS_002421,2023-06-25,3,749.99,2250,Cancelled
ORD_003406,CUST_00262,PROD_0003,SESS_002483,2023-08-30,1,1299.99,1300,Completed
ORD_000836,CUST_00662,PROD_0030,SESS_000099,2023-09-12,5,759,3795,Cancelled
ORD_002166,CUST_00020,PROD_0026,SESS_002378,2023-06-05,5,599,2995,Cancelled
ORD_003171,CUST_999996,PROD_0026,SESS_003668,2023-08-15,1,599,599,Completed
ORD_003404,CUST_00457,PROD_0020,SESS_005000,2023-12-17,3,349.95,1050,Cancelled
ORD_000590,CUST_00571,PROD_0041,SESS_001259,2023-08-19,2,799,1598,Completed
ORD_000570,CUST_00436,PROD_0008,SESS_000784,2023-08-10,2,699,1398,Completed
ORD_000368,CUST_00726,PROD_0013,NULL,NULL,2,1599.99,3200,Cancelled
ORD_001389,CUST_00837,PROD_0028,SESS_003417,2023-04-05,5,2499,12495,Cancelled
ORD_003455,CUST_999991,PROD_0001,SESS_004352,2023-06-20,1,1199,1199,Processing
ORD_000615,CUST_00579,PROD_0035,SESS_001132,2023-12-22,4,399.99,1600,Completed
ORD_001869,CUST_00738,PROD_0041,NULL,2023-11-14,4,799,3196,Processing
ORD_001250,CUST_00873,PROD_0041,NULL,2023-05-22,1,799,799,Cancelled
ORD_000878,CUST_00723,PROD_0040,SESS_000852,2023-04-25,2,199.99,400,Cancelled
ORD_000482,CUST_00378,PROD_0039,SESS_004946,2023-08-19,3,229,687,Cancelled
ORD_000197,CUST_999993,PROD_0037,SESS_001857,2023-09-18,5,499.99,2500,Completed
ORD_000099,CUST_00664,PROD_0009,NULL,2023-01-15,3,3499,10497,Refunded
ORD_002580,CUST_00189,PROD_0014,SESS_001160,2023-05-24,2,1249,2498,Completed
ORD_002914,CUST_00848,PROD_0031,SESS_002674,2023-11-07,3,399.99,1200,Cancelled
ORD_001718,CUST_00760,PROD_0001,SESS_002870,2023-12-24,5,1199,5995,Cancelled
ORD_002098,CUST_00614,PROD_0025,SESS_000133,2023-10-14,3,3299,9897,Completed
ORD_003497,CUST_00349,PROD_0008,SESS_003388,2023-01-31,1,699,699,Processing
ORD_002191,CUST_00283,PROD_0018,SESS_001159,2023-10-03,1,429,429,Cancelled
ORD_002617,CUST_00580,PROD_0013,SESS_000449,2023-08-28,1,1599.99,1600,Refunded
ORD_000353,CUST_00399,PROD_0010,SESS_000545,2023-08-22,2,1299,2598,Cancelled
ORD_001008,CUST_00340,PROD_0004,SESS_000827,2023-06-17,5,1799.99,9000,Refunded
ORD_000256,CUST_00662,PROD_0042,SESS_004607,2023-10-17,4,749.99,3000,Refunded
ORD_000357,CUST_00896,PROD_0015,SESS_003158,2023-08-15,3,2699.99,8100,Completed
ORD_001626,CUST_00908,PROD_0041,SESS_001356,2023-10-20,4,799,3196,Completed
ORD_001932,CUST_00268,PROD_0043,SESS_001543,2023-03-11,1,2199,2199,Cancelled
ORD_000300,CUST_00343,PROD_0002,NULL,2023-09-12,3,799,2397,Cancelled
ORD_001433,CUST_00388,PROD_0043,SESS_000329,2023-01-06,3,2199,6597,Cancelled
ORD_002131,CUST_00960,PROD_0020,SESS_002384,2023-10-13,1,349.95,350,Refunded
ORD_000821,CUST_00406,PROD_0011,SESS_001178,2023-02-20,3,1499,4497,Completed
ORD_000671,CUST_00210,PROD_0011,SESS_001854,2023-05-20,1,1499,1499,Cancelled
ORD_003360,CUST_00253,PROD_0015,NULL,2023-12-10,4,2699.99,10800,Completed
ORD_003190,CUST_00527,PROD_0035,SESS_003999,2023-05-14,3,399.99,1200,Processing
ORD_002614,CUST_00113,PROD_0020,SESS_004955,2023-07-23,5,349.95,1750,Cancelled
ORD_002408,CUST_00022,PROD_0011,SESS_001139,2023-08-08,1,1499,1499,Cancelled
ORD_002449,CUST_00008,PROD_0002,SESS_001724,2023-02-15,2,799,1598,Completed
ORD_002676,CUST_00044,PROD_0017,SESS_002991,2023-11-26,3,398,1194,Completed
ORD_002622,CUST_00609,PROD_0031,SESS_004507,2023-01-31,3,399.99,1200,Processing
ORD_000635,CUST_00105,PROD_0027,SESS_001070,2023-09-17,4,2498,9992,Completed
ORD_002805,CUST_00980,PROD_0003,SESS_002513,2023-07-29,3,1299.99,3900,Cancelled
ORD_003359,CUST_00907,PROD_0040,SESS_001130,2023-03-23,3,199.99,600,Refunded
ORD_002657,CUST_00747,PROD_0035,SESS_003059,2023-08-21,3,399.99,1200,Completed
ORD_000219,CUST_00156,PROD_0006,NULL,2023-04-08,5,799.99,4000,Refunded
ORD_001009,CUST_00296,PROD_0018,NULL,2023-06-14,2,429,858,Completed
ORD_000237,CUST_00644,PROD_0004,SESS_003337,2023-06-24,1,1799.99,1800,Completed
ORD_003367,CUST_00427,PROD_0041,SESS_000580,2023-11-02,2,799,1598,Completed
ORD_002275,CUST_00442,PROD_0024,SESS_001370,2023-12-31,4,2499.99,10000,Cancelled
ORD_001981,CUST_00832,PROD_0010,SESS_002109,2023-04-15,1,1299,1299,Processing
ORD_001245,CUST_00131,PROD_0032,SESS_001295,2023-03-03,2,129,258,Completed
ORD_001687,CUST_00356,PROD_0042,SESS_004422,2023-02-26,5,749.99,3750,Processing
ORD_003045,CUST_00129,PROD_0008,SESS_000652,2023-06-01,3,699,2097,Cancelled
ORD_000957,CUST_00393,PROD_0004,SESS_003892,2023-04-03,2,1799.99,3600,Completed
ORD_000026,CUST_00576,PROD_0035,SESS_003898,2023-02-27,3,399.99,1200,Cancelled
ORD_001644,CUST_999991,PROD_0039,NULL,2023-10-09,5,229,1145,Processing
ORD_000011,CUST_999996,PROD_0002,SESS_000836,2023-11-13,3,799,2397,Cancelled
ORD_000900,CUST_00109,PROD_0031,SESS_004536,2023-08-25,3,399.99,1200,Completed
ORD_000577,CUST_00953,PROD_0011,SESS_004886,2023-02-21,5,1499,7495,Completed
ORD_003287,CUST_00160,PROD_0039,SESS_002791,2023-04-22,1,229,229,Cancelled
ORD_003444,CUST_00392,PROD_0003,SESS_000528,2023-05-01,1,1299.99,1300,Refunded
ORD_002327,CUST_999992,PROD_0037,SESS_003404,2023-05-01,1,499.99,500,Completed
ORD_001776,CUST_00683,PROD_0011,SESS_003948,2023-09-25,5,1499,7495,Refunded
ORD_001167,CUST_00815,PROD_0026,SESS_000234,2023-07-04,1,599,599,Cancelled
ORD_003032,CUST_999999,PROD_0007,SESS_002350,2023-03-17,4,2498,9992,Completed
ORD_000416,CUST_00779,PROD_0001,SESS_003665,2023-09-19,1,1199,1199,Processing
ORD_003184,CUST_00511,PROD_0028,SESS_000805,2023-04-19,2,2499,4998,Refunded
ORD_001064,CUST_00876,PROD_0003,SESS_004743,2023-12-19,3,1299.99,3900,Cancelled
ORD_002243,CUST_00380,PROD_0013,SESS_000003,2023-12-25,1,1599.99,1600,Cancelled
ORD_002740,CUST_00477,PROD_0027,SESS_002992,2023-12-27,4,2498,9992,Refunded
ORD_000760,CUST_00133,PROD_0026,NULL,2023-04-18,3,599,1797,Cancelled
ORD_001386,CUST_00405,PROD_0027,NULL,2023-01-29,1,2498,2498,Completed
ORD_000655,CUST_00651,PROD_0014,SESS_000860,2023-10-22,5,1249,6245,Cancelled
ORD_001202,CUST_00391,PROD_0018,NULL,2023-10-26,1,429,429,Completed
ORD_003023,CUST_00456,PROD_0014,SESS_003775,2023-06-21,2,1249,2498,Cancelled
ORD_002175,CUST_00737,PROD_0030,SESS_002925,2023-10-29,3,759,2277,Cancelled
ORD_003089,CUST_00541,PROD_0039,SESS_002262,2023-01-04,4,229,916,Completed
ORD_003375,CUST_00311,PROD_0031,SESS_004610,2023-06-03,1,399.99,400,Completed
ORD_001844,CUST_00941,PROD_0008,SESS_001167,2023-07-14,2,699,1398,Processing
ORD_002953,CUST_00632,PROD_0029,NULL,2023-02-06,2,3996.95,7994,Refunded
ORD_001483,CUST_00555,PROD_0005,SESS_004194,2023-10-16,5,999,4995,Cancelled
ORD_001541,CUST_00727,PROD_0003,SESS_004431,2023-04-26,2,1299.99,2600,Cancelled
ORD_002150,CUST_00315,PROD_0034,NULL,2023-10-04,2,899.99,1800,Cancelled
ORD_002019,CUST_00737,PROD_0028,SESS_001201,2023-11-08,5,2499,12495,Refunded
ORD_000783,CUST_00896,PROD_0039,NULL,2023-07-21,4,229,916,Processing
ORD_000544,CUST_00447,PROD_0015,SESS_002577,2023-06-09,5,2699.99,13500,Completed
ORD_000329,CUST_00480,PROD_0013,SESS_000735,2023-10-07,5,1599.99,8000,Refunded
ORD_003075,CUST_00096,PROD_0043,SESS_000656,2023-01-01,4,2199,8796,Cancelled
ORD_000254,CUST_00205,PROD_0006,SESS_000405,2023-11-25,3,799.99,2400,Processing
ORD_002656,CUST_00084,PROD_0024,SESS_002049,2023-08-25,4,2499.99,10000,Completed
ORD_003428,CUST_00622,PROD_0007,SESS_002038,2023-12-06,1,2498,2498,Completed
ORD_001228,CUST_00290,PROD_0016,SESS_004890,2023-10-23,5,1450,7250,Refunded
ORD_001112,CUST_00392,PROD_0033,NULL,2023-12-03,4,799,3196,Refunded
ORD_002305,CUST_00870,PROD_0016,SESS_002240,2023-05-09,5,1450,7250,Refunded
ORD_000282,CUST_00049,PROD_0003,SESS_004791,2023-03-01,3,1299.99,3900,Cancelled
ORD_002413,CUST_00342,PROD_0003,NULL,2023-05-17,1,1299.99,1300,Processing
ORD_002812,CUST_00728,PROD_0007,SESS_003131,2023-08-02,1,2498,2498,Completed
ORD_003046,CUST_00528,PROD_0022,SESS_003782,2023-11-05,2,349.99,700,Processing
ORD_001282,CUST_00901,PROD_0005,SESS_001068,2023-10-03,2,999,1998,Completed
ORD_000972,CUST_00245,PROD_0043,SESS_003488,2023-02-03,1,2199,2199,Cancelled
ORD_002417,CUST_00779,PROD_0030,NULL,2023-09-29,1,759,759,Completed
ORD_000485,CUST_00440,PROD_0038,SESS_001948,2023-01-03,2,499.99,1000,Completed
ORD_002940,CUST_00721,PROD_0012,SESS_004601,2023-08-04,2,1399.5,2799,Processing
ORD_002643,CUST_00183,PROD_0003,NULL,2023-04-03,1,1299.99,1300,Cancelled
ORD_000668,CUST_00161,PROD_0036,SESS_003802,2023-07-22,4,199.99,800,Processing
ORD_003401,CUST_00617,PROD_0014,SESS_001337,2023-11-01,4,1249,4996,Cancelled
ORD_000971,CUST_00731,PROD_0005,NULL,2023-05-19,5,999,4995,Cancelled
ORD_000898,CUST_00389,PROD_0033,SESS_004039,2023-08-30,2,799,1598,Cancelled
ORD_001612,CUST_00505,PROD_0014,SESS_004375,2023-04-27,3,1249,3747,Cancelled
ORD_001279,CUST_00972,PROD_0017,SESS_000370,2023-07-08,3,398,1194,Cancelled
ORD_001274,CUST_00153,PROD_0023,SESS_002147,2023-12-25,4,1699.99,6800,Cancelled
ORD_000698,CUST_00730,PROD_0033,SESS_004322,2023-02-22,3,799,2397,Processing
ORD_002984,CUST_00166,PROD_0019,SESS_002148,2023-10-09,5,249,1245,Completed
ORD_002575,CUST_00172,PROD_0013,SESS_004362,2023-12-27,4,1599.99,6400,Processing
ORD_002229,CUST_00633,PROD_0012,SESS_002139,2023-09-25,2,1399.5,2799,Completed
ORD_001283,CUST_00468,PROD_0013,SESS_002758,2023-08-11,5,1599.99,8000,Cancelled
ORD_002429,CUST_00505,PROD_0014,NULL,2023-05-14,2,1249,2498,Cancelled
ORD_002947,CUST_00415,PROD_0009,SESS_001064,2023-09-02,3,3499,10497,Processing
ORD_001037,CUST_00457,PROD_0026,SESS_002506,2023-07-19,3,599,1797,Refunded
ORD_001206,CUST_00432,PROD_0039,SESS_001412,2023-08-02,4,229,916,Cancelled
ORD_001438,CUST_00743,PROD_0007,NULL,2023-01-10,5,2498,12490,Cancelled
ORD_002665,CUST_00374,PROD_0010,SESS_003965,2023-03-16,4,1299,5196,Cancelled
ORD_000005,CUST_00575,PROD_0033,SESS_003132,2023-03-10,3,799,2397,Completed
ORD_000112,CUST_00423,PROD_0028,SESS_004426,2023-11-01,1,2499,2499,Cancelled
ORD_000057,CUST_00462,PROD_0043,SESS_004480,2023-05-18,1,2199,2199,Processing
ORD_002898,CUST_00843,PROD_0035,NULL,2023-02-22,2,399.99,800,Cancelled
ORD_001928,CUST_00815,PROD_0016,SESS_000238,2023-02-22,4,1450,5800,Cancelled
ORD_002092,CUST_00950,PROD_0014,SESS_003377,2023-12-24,1,1249,1249,Completed
ORD_001845,CUST_00179,PROD_0017,SESS_003979,2023-04-08,4,398,1592,Completed
ORD_002158,CUST_00931,PROD_0013,NULL,2023-04-03,5,1599.99,8000,Cancelled
ORD_000792,CUST_00604,PROD_0016,SESS_000046,2023-08-19,4,1450,5800,Completed
ORD_001744,CUST_00131,PROD_0025,NULL,2023-01-02,2,3299,6598,Completed
ORD_002357,CUST_00947,PROD_0023,SESS_003097,2023-09-06,1,1699.99,1700,Processing
ORD_002960,CUST_00569,PROD_0002,NULL,2023-07-13,1,799,799,Refunded
ORD_002491,CUST_00116,PROD_0016,NULL,2023-06-29,2,1450,2900,Cancelled
ORD_000741,CUST_999992,PROD_0013,SESS_002262,2023-04-25,1,1599.99,1600,Cancelled
ORD_001625,CUST_00482,PROD_0029,SESS_002406,2023-12-12,4,3996.95,15988,Processing
ORD_000525,CUST_00930,PROD_0012,SESS_003437,2023-01-01,4,1399.5,5598,Refunded
ORD_000943,CUST_00692,PROD_0026,SESS_003151,2023-02-12,1,599,599,Completed
ORD_003003,CUST_999992,PROD_0036,SESS_004197,2023-05-28,4,199.99,800,Processing
ORD_000194,CUST_00144,PROD_0010,SESS_001980,2023-03-19,4,1299,5196,Refunded
ORD_000139,CUST_00099,PROD_0032,NULL,2023-09-26,3,129,387,Cancelled
ORD_002249,CUST_00905,PROD_0039,SESS_004204,2023-12-15,4,229,916,Processing
ORD_000436,CUST_00396,PROD_0012,SESS_004023,2023-08-20,2,1399.5,2799,Processing
ORD_002083,CUST_00628,PROD_0011,SESS_002919,2023-04-27,5,1499,7495,Completed
ORD_000309,CUST_999991,PROD_0007,SESS_003954,2023-02-06,4,2498,9992,Cancelled
ORD_003015,CUST_00838,PROD_0023,SESS_000727,2023-12-31,2,1699.99,3400,Refunded
ORD_000402,CUST_00397,PROD_0030,SESS_003517,2023-04-29,4,759,3036,Cancelled
ORD_002794,CUST_00973,PROD_0011,SESS_002373,2023-04-25,4,1499,5996,Cancelled
ORD_000882,CUST_00595,PROD_0019,SESS_002744,2023-02-18,4,249,996,Refunded
ORD_002787,CUST_00463,PROD_0028,SESS_004971,2023-08-27,3,2499,7497,Completed
ORD_000596,CUST_00231,PROD_0028,SESS_003211,2023-01-30,1,2499,2499,Completed
ORD_000530,CUST_00522,PROD_0024,SESS_002357,2023-10-16,5,2499.99,12500,Cancelled
ORD_001237,CUST_00941,PROD_0036,SESS_004387,2023-10-10,5,199.99,1000,Refunded
ORD_000289,CUST_00691,PROD_0009,SESS_002607,2023-11-15,2,3499,6998,Refunded
ORD_003158,CUST_00442,PROD_0027,SESS_001971,2023-04-04,5,2498,12490,Completed
ORD_000455,CUST_00387,PROD_0032,SESS_000386,2023-11-12,2,129,258,Cancelled
ORD_000477,CUST_00984,PROD_0006,SESS_003598,2023-04-29,2,799.99,1600,Processing
ORD_000343,CUST_00792,PROD_0039,SESS_000974,2023-03-13,1,229,229,Cancelled
ORD_001918,CUST_999993,PROD_0007,NULL,2023-10-28,4,2498,9992,Completed
ORD_002619,CUST_00651,PROD_0006,NULL,2023-07-11,3,799.99,2400,Completed
ORD_002190,CUST_00253,PROD_0029,SESS_003001,2023-04-24,4,3996.95,15988,Cancelled
ORD_000738,CUST_00586,PROD_0035,SESS_000172,2023-06-29,1,399.99,400,Completed
ORD_002566,CUST_00469,PROD_0040,SESS_003756,2023-03-30,2,199.99,400,Cancelled
ORD_000025,CUST_00186,PROD_0035,SESS_002407,2023-12-04,3,399.99,1200,Refunded
ORD_001770,CUST_00815,PROD_0018,SESS_001154,2023-08-22,2,429,858,Cancelled
ORD_001962,CUST_00076,PROD_0012,SESS_003366,2023-04-30,1,1399.5,1400,Completed
ORD_003193,CUST_00388,PROD_0028,SESS_002192,2023-02-14,3,2499,7497,Completed
ORD_000110,CUST_00874,PROD_0009,SESS_002264,2023-02-25,2,3499,6998,Cancelled
ORD_001610,CUST_00919,PROD_0038,SESS_001402,2023-04-01,3,499.99,1500,Cancelled
ORD_002565,CUST_00846,PROD_0002,SESS_000275,2023-09-19,2,799,1598,Processing
ORD_001840,CUST_00283,PROD_0012,SESS_001501,2023-09-13,4,1399.5,5598,Completed
ORD_001996,CUST_00206,PROD_0032,SESS_000763,2023-03-04,4,129,516,Completed
ORD_003058,CUST_00539,PROD_0041,SESS_001787,2023-06-16,5,799,3995,Cancelled
ORD_002292,CUST_00250,PROD_0037,SESS_000278,2023-04-02,5,499.99,2500,Cancelled
ORD_002454,CUST_00934,PROD_0040,SESS_000710,2023-11-19,5,199.99,1000,Refunded
ORD_000801,CUST_00639,PROD_0018,SESS_004646,2023-10-15,4,429,1716,Cancelled
ORD_002424,CUST_00888,PROD_0003,SESS_001662,2023-06-10,5,1299.99,6500,Completed
ORD_002087,CUST_999994,PROD_0032,SESS_000436,2023-01-29,3,129,387,Processing
ORD_001406,CUST_999991,PROD_0018,SESS_001595,2023-01-29,3,429,1287,Completed
ORD_000070,CUST_00784,PROD_0022,SESS_003958,2023-05-14,2,349.99,700,Cancelled
ORD_001272,CUST_00894,PROD_0008,SESS_002420,2023-01-07,3,699,2097,Cancelled
ORD_001587,CUST_999997,PROD_0012,SESS_004575,2023-07-15,2,1399.5,2799,Completed
ORD_000242,CUST_00918,PROD_0020,NULL,2023-11-13,4,349.95,1400,Completed
ORD_001075,CUST_00653,PROD_0029,SESS_000861,2023-02-21,4,3996.95,15988,Completed
ORD_002632,CUST_00009,PROD_0029,SESS_000398,2023-01-22,5,3996.95,19985,Completed
ORD_003421,CUST_00640,PROD_0043,NULL,2023-11-10,3,2199,6597,Cancelled
ORD_002519,CUST_999991,PROD_0010,SESS_001300,2023-02-22,1,1299,1299,Completed
ORD_000086,CUST_999992,PROD_0019,NULL,2023-08-06,2,249,498,Cancelled
ORD_003278,CUST_00657,PROD_0034,SESS_001167,2023-05-10,2,899.99,1800,Completed
ORD_002188,CUST_00955,PROD_0031,SESS_003542,2023-01-08,1,399.99,400,Processing
ORD_002403,CUST_00655,PROD_0033,NULL,2023-05-24,5,799,3995,Completed
ORD_002479,CUST_00742,PROD_0022,SESS_004940,2023-02-25,1,349.99,350,Refunded
ORD_000410,CUST_00885,PROD_0026,SESS_002888,2023-10-17,1,599,599,Processing
ORD_003256,CUST_00176,PROD_0006,SESS_002807,2023-09-30,5,799.99,4000,Cancelled
ORD_000135,CUST_00382,PROD_0003,SESS_003158,2023-05-11,3,1299.99,3900,Cancelled
ORD_000478,CUST_00205,PROD_0029,SESS_003218,2023-09-20,3,3996.95,11991,Cancelled
ORD_001330,CUST_00437,PROD_0032,SESS_003656,2023-02-03,3,129,387,Refunded
ORD_000854,CUST_00103,PROD_0010,SESS_003965,2023-11-13,5,1299,6495,Cancelled
ORD_001778,CUST_00469,PROD_0031,SESS_004735,2023-07-29,3,399.99,1200,Refunded
ORD_003126,CUST_00225,PROD_0007,SESS_000064,2023-03-14,3,2498,7494,Completed
ORD_000752,CUST_999997,PROD_0003,SESS_001709,2023-03-06,5,1299.99,6500,Cancelled
ORD_001550,CUST_00605,PROD_0041,SESS_003699,2023-01-16,3,799,2397,Completed
ORD_000460,CUST_00921,PROD_0023,SESS_002830,2023-07-06,2,1699.99,3400,Processing
ORD_000874,CUST_00621,PROD_0016,SESS_004463,2023-06-05,4,1450,5800,Refunded
ORD_002680,CUST_00227,PROD_0027,SESS_002698,2023-05-24,4,2498,9992,Cancelled
ORD_003219,CUST_00109,PROD_0018,SESS_000665,2023-12-04,4,429,1716,Processing
ORD_000469,CUST_00156,PROD_0024,NULL,2023-10-26,5,2499.99,12500,Refunded
ORD_001546,CUST_00339,PROD_0003,SESS_001551,2023-03-18,2,1299.99,2600,Completed
ORD_000740,CUST_00030,PROD_0021,SESS_001364,2023-09-26,5,229.99,1150,Processing
ORD_001675,CUST_00973,PROD_0041,NULL,2023-10-21,2,799,1598,Cancelled
ORD_001026,CUST_00017,PROD_0032,SESS_001464,2023-11-26,5,129,645,Cancelled
ORD_000637,CUST_00666,PROD_0035,SESS_003255,2023-12-04,4,399.99,1600,Completed
ORD_002508,CUST_999994,PROD_0032,SESS_003782,2023-03-23,4,129,516,Processing
ORD_000774,CUST_00944,PROD_0010,NULL,2023-08-29,4,1299,5196,Completed
ORD_002274,CUST_00030,PROD_0013,NULL,2023-01-27,1,1599.99,1600,Processing
ORD_003088,CUST_00835,PROD_0017,SESS_001789,2023-10-23,1,398,398,Cancelled
ORD_002367,CUST_00403,PROD_0002,SESS_002964,2023-12-22,2,799,1598,Cancelled
ORD_000642,CUST_00056,PROD_0023,NULL,2023-08-25,4,1699.99,6800,Completed
ORD_003019,CUST_00334,PROD_0025,NULL,2023-02-04,5,3299,16495,Cancelled
ORD_000214,CUST_999994,PROD_0036,SESS_002522,2023-08-24,4,199.99,800,Completed
ORD_001109,CUST_00199,PROD_0010,SESS_003313,2023-04-02,2,1299,2598,Refunded
ORD_002442,CUST_00499,PROD_0001,SESS_004587,2023-09-13,3,1199,3597,Cancelled
ORD_001421,CUST_00471,PROD_0010,SESS_003646,2023-07-28,2,1299,2598,Completed
ORD_003146,CUST_00820,PROD_0027,SESS_004279,2023-08-05,1,2498,2498,Cancelled
ORD_003328,CUST_00364,PROD_0003,SESS_004669,2023-10-29,5,1299.99,6500,Processing
ORD_000883,CUST_00250,PROD_0002,SESS_000075,2023-05-26,2,799,1598,Completed
ORD_000963,CUST_00378,PROD_0025,SESS_004809,2023-11-13,5,3299,16495,Cancelled
ORD_001681,CUST_00134,PROD_0021,SESS_000038,2023-08-06,2,229.99,460,Refunded
ORD_001937,CUST_00911,PROD_0018,SESS_002280,2023-07-13,2,429,858,Refunded
ORD_000634,CUST_00988,PROD_0005,NULL,2023-08-11,4,999,3996,Cancelled
ORD_002500,CUST_00724,PROD_0013,NULL,2023-08-29,1,1599.99,1600,Completed
ORD_000364,CUST_00221,PROD_0031,SESS_001336,2023-06-13,1,399.99,400,Cancelled
ORD_001830,CUST_00658,PROD_0002,SESS_001790,2023-02-07,1,799,799,Completed
ORD_002851,CUST_00968,PROD_0016,SESS_002836,2023-08-03,4,1450,5800,Processing
ORD_000631,CUST_999997,PROD_0003,SESS_004734,NULL,4,1299.99,5200,Refunded
ORD_000547,CUST_00273,PROD_0025,SESS_002373,2023-05-23,3,3299,9897,Completed
ORD_002457,CUST_00538,PROD_0013,SESS_003063,2023-03-07,3,1599.99,4800,Cancelled
ORD_002436,CUST_00092,PROD_0040,SESS_002610,2023-07-30,4,199.99,800,Processing
ORD_002990,CUST_00406,PROD_0022,NULL,2023-02-19,4,349.99,1400,Refunded
ORD_002290,CUST_00671,PROD_0043,SESS_002737,2023-06-06,4,2199,8796,Completed
ORD_001173,CUST_00415,PROD_0021,SESS_003167,2023-05-28,1,229.99,230,Processing
ORD_003007,CUST_00211,PROD_0001,SESS_004478,2023-03-26,5,1199,5995,Cancelled
ORD_002258,CUST_00708,PROD_0001,SESS_000436,2023-12-17,4,1199,4796,Cancelled
ORD_001990,CUST_00611,PROD_0008,NULL,2023-11-24,1,699,699,Cancelled
ORD_002141,CUST_00810,PROD_0039,SESS_000818,2023-03-30,5,229,1145,Cancelled
ORD_002204,CUST_00575,PROD_0021,SESS_001741,2023-11-04,4,229.99,920,Completed
ORD_003472,CUST_00728,PROD_0004,SESS_002270,2023-10-26,3,1799.99,5400,Cancelled
ORD_003334,CUST_00870,PROD_0042,NULL,2023-01-30,2,749.99,1500,Refunded
ORD_002378,CUST_00153,PROD_0025,SESS_003757,2023-01-01,5,3299,16495,Processing
ORD_000378,CUST_00417,PROD_0037,SESS_002605,2023-02-28,1,499.99,500,Completed
ORD_002948,CUST_00108,PROD_0018,NULL,2023-03-12,5,429,2145,Completed
ORD_000192,CUST_00424,PROD_0006,SESS_004930,2023-09-04,5,799.99,4000,Cancelled
ORD_002692,CUST_00519,PROD_0037,SESS_003569,2023-07-30,1,499.99,500,Cancelled
ORD_000443,CUST_00122,PROD_0030,SESS_000123,2023-09-19,5,759,3795,Cancelled
ORD_000816,CUST_00634,PROD_0025,SESS_004362,2023-11-21,3,3299,9897,Completed
ORD_002132,CUST_00744,PROD_0021,NULL,2023-05-05,5,229.99,1150,Processing
ORD_001798,CUST_00872,PROD_0034,SESS_003689,2023-05-05,1,899.99,900,Cancelled
ORD_002954,CUST_00088,PROD_0003,SESS_000865,2023-12-22,4,1299.99,5200,Processing
ORD_001758,CUST_00411,PROD_0026,NULL,2023-08-25,5,599,2995,Completed
ORD_003008,CUST_00715,PROD_0041,NULL,2023-09-16,2,799,1598,Cancelled
ORD_003296,CUST_00428,PROD_0031,SESS_002432,2023-12-24,1,399.99,400,Completed
ORD_000180,CUST_00503,PROD_0011,SESS_003167,2023-06-16,3,1499,4497,Refunded
ORD_000524,CUST_00692,PROD_0025,SESS_000400,2023-02-22,4,3299,13196,Refunded
ORD_003464,CUST_00888,PROD_0014,SESS_000020,2023-06-24,3,1249,3747,Cancelled
ORD_002642,CUST_00809,PROD_0009,SESS_001827,2023-11-13,2,3499,6998,Completed
ORD_001997,CUST_00556,PROD_0023,NULL,2023-01-12,3,1699.99,5100,Completed
ORD_001158,CUST_00807,PROD_0034,SESS_003648,2023-03-26,3,899.99,2700,Refunded
ORD_000238,CUST_00269,PROD_0012,NULL,2023-01-20,3,1399.5,4198,Cancelled
ORD_001533,CUST_00330,PROD_0040,SESS_004985,2023-06-22,2,199.99,400,Processing
ORD_000078,CUST_00976,PROD_0005,NULL,2023-09-26,1,999,999,Refunded
ORD_001536,CUST_00952,PROD_0007,NULL,2023-10-29,3,2498,7494,Refunded
ORD_001207,CUST_00368,PROD_0020,SESS_000712,2023-12-27,4,349.95,1400,Cancelled
ORD_003172,CUST_999998,PROD_0028,NULL,2023-01-05,5,2499,12495,Refunded
ORD_002559,CUST_00444,PROD_0003,SESS_003018,2023-03-12,3,1299.99,3900,Refunded
ORD_001300,CUST_999991,PROD_0037,SESS_001986,2023-05-19,4,499.99,2000,Processing
ORD_002178,CUST_00872,PROD_0021,SESS_000755,2023-02-16,2,229.99,460,Processing
ORD_001404,CUST_00203,PROD_0029,SESS_003621,2023-12-04,1,3996.95,3997,Processing
ORD_002446,CUST_00609,PROD_0006,SESS_004852,2023-07-06,1,799.99,800,Processing
ORD_002135,CUST_00143,PROD_0026,NULL,2023-02-13,2,599,1198,Completed
ORD_001481,CUST_00428,PROD_0015,NULL,2023-11-22,2,2699.99,5400,Cancelled
ORD_001602,CUST_00742,PROD_0022,SESS_000750,2023-04-10,5,349.99,1750,Processing
ORD_001960,CUST_00686,PROD_0032,SESS_000146,2023-05-26,2,129,258,Processing
ORD_000996,CUST_00759,PROD_0030,SESS_002462,2023-08-23,1,759,759,Refunded
ORD_002847,CUST_00849,PROD_0026,SESS_001935,2023-12-21,5,599,2995,Cancelled
ORD_001953,CUST_00808,PROD_0001,SESS_004452,2023-04-07,5,1199,5995,Processing
ORD_003274,CUST_00639,PROD_0007,SESS_001907,2023-04-05,4,2498,9992,Cancelled
ORD_003068,CUST_00808,PROD_0010,SESS_004196,2023-11-25,4,1299,5196,Cancelled
ORD_001164,CUST_00876,PROD_0007,NULL,2023-12-08,3,2498,7494,Completed
ORD_001585,CUST_00964,PROD_0021,NULL,2023-04-01,3,229.99,690,Refunded
ORD_000620,CUST_00048,PROD_0014,SESS_002470,NULL,2,1249,2498,Refunded
ORD_002402,CUST_00512,PROD_0007,NULL,2023-10-09,1,2498,2498,Cancelled
ORD_001538,CUST_00350,PROD_0030,SESS_003898,2023-11-08,4,759,3036,Cancelled
ORD_000068,CUST_00693,PROD_0028,SESS_003812,2023-11-09,5,2499,12495,Completed
ORD_001599,CUST_00180,PROD_0009,SESS_004462,2023-06-25,5,3499,17495,Processing
ORD_000724,CUST_00943,PROD_0036,SESS_003930,2023-10-05,1,199.99,200,Cancelled
ORD_000301,CUST_00390,PROD_0029,SESS_003387,2023-06-02,1,3996.95,3997,Refunded
ORD_003119,CUST_00089,PROD_0002,NULL,2023-10-05,1,799,799,Refunded
ORD_002664,CUST_00427,PROD_0037,SESS_002323,2023-12-26,5,499.99,2500,Cancelled
ORD_003388,CUST_00832,PROD_0006,SESS_002730,2023-03-07,1,799.99,800,Completed
ORD_003300,CUST_00313,PROD_0011,SESS_004509,2023-07-16,5,1499,7495,Cancelled
ORD_001360,CUST_00527,PROD_0038,SESS_001669,NULL,3,499.99,1500,Cancelled
ORD_002870,CUST_999991,PROD_0002,SESS_004264,2023-11-28,3,799,2397,Refunded
ORD_002734,CUST_00739,PROD_0013,NULL,2023-01-07,3,1599.99,4800,Cancelled
ORD_000860,CUST_00087,PROD_0027,NULL,2023-08-03,1,2498,2498,Processing
ORD_000487,CUST_00642,PROD_0025,SESS_004861,2023-05-21,3,3299,9897,Refunded
ORD_002634,CUST_00412,PROD_0043,SESS_004116,2023-01-31,3,2199,6597,Refunded
ORD_002869,CUST_00745,PROD_0006,SESS_003501,2024-01-01,4,799.99,3200,Completed
ORD_001153,CUST_00456,PROD_0005,SESS_000259,2023-09-19,5,999,4995,Completed
ORD_001854,CUST_00277,PROD_0035,SESS_000663,2023-05-20,4,399.99,1600,Completed
ORD_002610,CUST_00819,PROD_0003,NULL,2023-01-26,2,1299.99,2600,Cancelled
ORD_000408,CUST_00984,PROD_0043,SESS_001465,2023-03-07,2,2199,4398,Completed
ORD_001070,CUST_00802,PROD_0018,SESS_002708,2023-06-07,5,429,2145,Refunded
ORD_001799,CUST_00298,PROD_0004,SESS_001142,2023-07-16,2,1799.99,3600,Completed
ORD_001332,CUST_00800,PROD_0037,SESS_000537,2023-10-17,3,499.99,1500,Cancelled
ORD_000666,CUST_00722,PROD_0018,SESS_001177,2023-09-11,1,429,429,Cancelled
ORD_003370,CUST_00208,PROD_0036,SESS_002668,2023-08-09,2,199.99,400,Cancelled
ORD_001899,CUST_00152,PROD_0025,NULL,2023-09-05,2,3299,6598,Completed
ORD_000643,CUST_00885,PROD_0027,SESS_002629,2023-01-25,5,2498,12490,Cancelled
ORD_000177,CUST_00653,PROD_0033,SESS_002350,2023-08-05,5,799,3995,Completed
ORD_002028,CUST_00670,PROD_0035,SESS_002025,2023-10-19,1,399.99,400,Cancelled
ORD_002404,CUST_00594,PROD_0024,SESS_004664,2023-02-24,3,2499.99,7500,Processing
ORD_000787,CUST_00617,PROD_0040,SESS_004887,2023-11-02,5,199.99,1000,Cancelled
ORD_002017,CUST_00074,PROD_0043,NULL,2023-05-12,4,2199,8796,Completed
ORD_001717,CUST_00015,PROD_0035,NULL,2023-10-25,2,399.99,800,Completed
ORD_003132,CUST_00037,PROD_0018,SESS_003096,2023-11-29,3,429,1287,Completed
ORD_000092,CUST_00134,PROD_0040,SESS_003403,2023-08-19,4,199.99,800,Completed
ORD_000154,CUST_00037,PROD_0022,SESS_004188,2023-04-04,4,349.99,1400,Cancelled
ORD_001178,CUST_00333,PROD_0018,SESS_004551,2023-06-15,3,429,1287,Cancelled
ORD_000729,CUST_00506,PROD_0025,SESS_003474,2023-09-05,3,3299,9897,Completed
ORD_001972,CUST_00248,PROD_0015,SESS_000875,2023-01-30,5,2699.99,13500,Cancelled
ORD_000531,CUST_00065,PROD_0015,SESS_001715,2023-01-25,1,2699.99,2700,Completed
ORD_003387,CUST_00410,PROD_0019,SESS_003783,2023-01-10,5,249,1245,Processing
ORD_002155,CUST_00677,PROD_0040,SESS_002434,2023-09-10,3,199.99,600,Cancelled
ORD_001428,CUST_00498,PROD_0013,SESS_004058,2023-02-13,2,1599.99,3200,Completed
ORD_002180,CUST_00479,PROD_0026,SESS_003720,2023-11-21,1,599,599,Cancelled
ORD_002980,CUST_00948,PROD_0031,SESS_001773,2023-08-30,2,399.99,800,Processing
ORD_002480,CUST_00694,PROD_0002,NULL,2023-02-16,1,799,799,Processing
ORD_002121,CUST_00856,PROD_0013,SESS_004288,2023-11-07,4,1599.99,6400,Completed
ORD_003044,CUST_00230,PROD_0014,SESS_003707,2023-09-02,4,1249,4996,Cancelled
ORD_002514,CUST_00390,PROD_0028,SESS_000542,2023-02-08,1,2499,2499,Cancelled
ORD_002930,CUST_00481,PROD_0019,SESS_002818,2023-07-12,3,249,747,Completed
ORD_002770,CUST_999999,PROD_0024,NULL,2023-02-02,5,2499.99,12500,Refunded
ORD_000496,CUST_00235,PROD_0001,SESS_003618,2023-10-04,4,1199,4796,Cancelled
ORD_002616,CUST_00995,PROD_0035,SESS_000447,2023-07-13,4,399.99,1600,Completed
ORD_003072,CUST_00336,PROD_0010,NULL,2023-10-16,2,1299,2598,Refunded
ORD_002381,CUST_00607,PROD_0021,SESS_002054,2023-08-21,2,229.99,460,Cancelled
ORD_000152,CUST_00647,PROD_0020,SESS_001910,2023-04-20,4,349.95,1400,Cancelled
ORD_000695,CUST_00530,PROD_0035,SESS_001877,2023-02-04,3,399.99,1200,Cancelled
ORD_001365,CUST_00484,PROD_0033,SESS_000288,2023-02-09,3,799,2397,Refunded
ORD_001739,CUST_00939,PROD_0022,NULL,NULL,3,349.99,1050,Completed
ORD_000168,CUST_00210,PROD_0010,NULL,2023-02-02,1,1299,1299,Completed
ORD_001118,CUST_00134,PROD_0032,SESS_002848,2023-11-06,5,129,645,Cancelled
ORD_002615,CUST_00090,PROD_0029,SESS_004516,2023-01-09,5,3996.95,19985,Completed
ORD_001342,CUST_00903,PROD_0007,SESS_004059,2023-01-28,1,2498,2498,Completed
ORD_002044,CUST_999995,PROD_0020,SESS_000961,2023-10-02,3,349.95,1050,Refunded
ORD_003096,CUST_00691,PROD_0031,SESS_000170,2023-08-21,4,399.99,1600,Cancelled
ORD_002801,CUST_00075,PROD_0008,SESS_002510,2023-03-09,5,699,3495,Cancelled
ORD_000825,CUST_00812,PROD_0029,SESS_003749,2023-11-29,3,3996.95,11991,Completed
ORD_002277,CUST_999999,PROD_0018,SESS_003272,2023-04-05,5,429,2145,Refunded
ORD_000728,CUST_00775,PROD_0043,SESS_000933,2023-02-06,3,2199,6597,Refunded
ORD_000609,CUST_00492,PROD_0015,NULL,2023-08-03,3,2699.99,8100,Completed
ORD_003129,CUST_00211,PROD_0020,SESS_004970,2023-10-16,3,349.95,1050,Refunded
ORD_000344,CUST_00540,PROD_0033,SESS_004667,2023-08-05,2,799,1598,Refunded
ORD_002959,CUST_00605,PROD_0007,SESS_002130,2023-07-22,3,2498,7494,Cancelled
ORD_000041,CUST_00236,PROD_0027,SESS_000357,2023-08-16,4,2498,9992,Refunded
ORD_003070,CUST_00880,PROD_0042,SESS_001147,2023-08-31,5,749.99,3750,Refunded
ORD_002224,CUST_00183,PROD_0040,SESS_003315,2023-08-15,1,199.99,200,Completed
ORD_000101,CUST_00741,PROD_0026,SESS_004217,2023-03-24,5,599,2995,Cancelled
ORD_002324,CUST_00868,PROD_0033,SESS_003630,2023-03-23,5,799,3995,Cancelled
ORD_000993,CUST_00824,PROD_0010,NULL,2023-01-02,3,1299,3897,Refunded
ORD_000986,CUST_00301,PROD_0007,NULL,2023-09-27,2,2498,4996,Processing
ORD_002455,CUST_00074,PROD_0019,SESS_001534,2023-02-02,3,249,747,Cancelled
ORD_002162,CUST_00596,PROD_0034,SESS_000922,2023-09-22,2,899.99,1800,Completed
ORD_000639,CUST_00548,PROD_0040,SESS_002483,2023-12-01,4,199.99,800,Completed
ORD_002495,CUST_00516,PROD_0040,SESS_000355,2023-06-26,2,199.99,400,Processing
ORD_001466,CUST_00817,PROD_0040,NULL,2023-08-01,5,199.99,1000,Processing
ORD_000498,CUST_00688,PROD_0020,NULL,2023-08-28,1,349.95,350,Cancelled
ORD_002235,CUST_00220,PROD_0012,SESS_000359,2023-08-26,3,1399.5,4198,Processing
ORD_001745,CUST_00763,PROD_0010,NULL,2023-04-28,2,1299,2598,Completed
ORD_000284,CUST_00803,PROD_0015,SESS_001408,2023-07-30,3,2699.99,8100,Cancelled
ORD_000667,CUST_00064,PROD_0029,NULL,2023-10-21,3,3996.95,11991,Cancelled
ORD_002414,CUST_00132,PROD_0028,SESS_002017,2023-02-23,4,2499,9996,Cancelled
ORD_002336,CUST_00245,PROD_0034,SESS_002888,2023-12-26,1,899.99,900,Processing
ORD_003108,CUST_00067,PROD_0033,SESS_004563,2023-09-25,3,799,2397,Processing
ORD_000056,CUST_00421,PROD_0013,SESS_002558,2023-05-03,4,1599.99,6400,Processing
ORD_003294,CUST_00207,PROD_0043,SESS_001855,2023-01-25,5,2199,10995,Completed
ORD_001843,CUST_00590,PROD_0004,SESS_002981,2023-12-23,1,1799.99,1800,Refunded
ORD_001706,CUST_00144,PROD_0036,SESS_000212,2023-12-12,5,199.99,1000,Cancelled
ORD_001215,CUST_00765,PROD_0020,SESS_001099,2023-12-17,4,349.95,1400,Completed
ORD_002122,CUST_00595,PROD_0030,SESS_002620,2023-11-14,3,759,2277,Processing
ORD_002410,CUST_00203,PROD_0028,SESS_004527,2023-11-06,3,2499,7497,Processing
ORD_000917,CUST_00644,PROD_0030,SESS_004434,2023-01-15,2,759,1518,Refunded
ORD_001764,CUST_00471,PROD_0012,SESS_003753,2023-09-20,3,1399.5,4198,Completed
ORD_000670,CUST_999994,PROD_0004,SESS_002174,2023-10-22,1,1799.99,1800,Processing
ORD_002920,CUST_00999,PROD_0042,SESS_001065,2023-03-03,2,749.99,1500,Cancelled
ORD_001760,CUST_00551,PROD_0001,NULL,2023-04-15,5,1199,5995,Processing
ORD_001204,CUST_00795,PROD_0023,SESS_001559,2023-11-28,3,1699.99,5100,Refunded
ORD_002627,CUST_00744,PROD_0040,SESS_001266,2023-07-18,2,199.99,400,Processing
ORD_001927,CUST_00563,PROD_0029,SESS_000776,NULL,4,3996.95,15988,Refunded
ORD_002713,CUST_00191,PROD_0032,SESS_004033,2023-12-07,1,129,129,Completed
ORD_002080,CUST_00327,PROD_0014,NULL,NULL,5,1249,6245,Cancelled
ORD_002217,CUST_00153,PROD_0004,SESS_004814,2023-08-08,2,1799.99,3600,Processing
ORD_002738,CUST_00328,PROD_0031,SESS_001865,2023-12-27,4,399.99,1600,Processing
ORD_002520,CUST_00725,PROD_0032,SESS_002337,2023-09-15,1,129,129,Refunded
ORD_002797,CUST_00202,PROD_0042,SESS_003107,2023-01-29,1,749.99,750,Completed
ORD_001358,CUST_999996,PROD_0043,SESS_001575,2023-04-04,2,2199,4398,Completed
ORD_000806,CUST_00547,PROD_0041,NULL,2023-08-23,3,799,2397,Completed
ORD_000599,CUST_00246,PROD_0037,SESS_002606,2023-12-15,3,499.99,1500,Cancelled
ORD_002497,CUST_00077,PROD_0009,SESS_003501,2023-01-18,1,3499,3499,Completed
ORD_001914,CUST_00204,PROD_0019,SESS_001677,2023-07-20,3,249,747,Completed
ORD_002972,CUST_00875,PROD_0029,SESS_003822,2023-08-31,1,3996.95,3997,Processing
ORD_003366,CUST_00655,PROD_0028,NULL,2023-01-18,4,2499,9996,Processing
ORD_001243,CUST_00525,PROD_0013,SESS_000449,2023-05-24,2,1599.99,3200,Cancelled
ORD_000704,CUST_00783,PROD_0013,SESS_001028,2023-02-04,4,1599.99,6400,Cancelled
ORD_000567,CUST_00362,PROD_0023,SESS_000441,2023-08-25,5,1699.99,8500,Completed
ORD_000548,CUST_00797,PROD_0002,SESS_002692,2023-02-11,3,799,2397,Completed
ORD_000027,CUST_00606,PROD_0002,SESS_001345,2023-03-10,1,799,799,Completed
ORD_001068,CUST_00917,PROD_0011,SESS_002163,2023-01-19,3,1499,4497,Cancelled
ORD_003085,CUST_00637,PROD_0040,SESS_004675,2023-03-28,1,199.99,200,Cancelled
ORD_003415,CUST_00740,PROD_0037,SESS_002444,2023-05-19,3,499.99,1500,Cancelled
ORD_001303,CUST_999995,PROD_0005,SESS_002682,2023-04-30,1,999,999,Cancelled
ORD_002093,CUST_999996,PROD_0031,SESS_001688,2023-04-06,5,399.99,2000,Processing
ORD_002758,CUST_00469,PROD_0031,NULL,2023-05-15,3,399.99,1200,Refunded
ORD_003191,CUST_00861,PROD_0001,SESS_004594,2023-12-16,5,1199,5995,Cancelled
ORD_001222,CUST_00545,PROD_0042,SESS_004403,2023-04-11,2,749.99,1500,Cancelled
ORD_000751,CUST_00780,PROD_0028,SESS_002728,2023-04-29,4,2499,9996,Processing
ORD_000438,CUST_00006,PROD_0034,NULL,2023-01-08,2,899.99,1800,Cancelled
ORD_003225,CUST_00831,PROD_0016,SESS_004287,2023-05-13,4,1450,5800,Completed
ORD_003317,CUST_00456,PROD_0020,SESS_003442,2023-06-09,4,349.95,1400,Processing
ORD_001862,CUST_00458,PROD_0022,SESS_004756,2023-08-30,1,349.99,350,Cancelled
ORD_001105,CUST_00871,PROD_0022,SESS_002004,2023-08-08,4,349.99,1400,Completed
ORD_000125,CUST_00451,PROD_0038,SESS_003602,2023-07-01,5,499.99,2500,Cancelled
ORD_002711,CUST_00986,PROD_0039,SESS_003707,2023-09-29,3,229,687,Cancelled
ORD_000002,CUST_00318,PROD_0027,SESS_004093,2023-11-13,5,2498,12490,Cancelled
ORD_003238,CUST_00378,PROD_0029,SESS_002983,2023-09-18,5,3996.95,19985,Cancelled
ORD_000327,CUST_00523,PROD_0012,SESS_000395,2023-10-03,2,1399.5,2799,Processing
ORD_001040,CUST_00178,PROD_0036,SESS_000829,2023-02-06,2,199.99,400,Cancelled
ORD_001230,CUST_00960,PROD_0030,SESS_004047,2023-10-25,5,759,3795,Cancelled
ORD_001005,CUST_00891,PROD_0032,SESS_002612,2023-05-07,5,129,645,Completed
ORD_001871,CUST_00001,PROD_0011,SESS_002629,2023-05-14,5,1499,7495,Cancelled
ORD_003038,CUST_00374,PROD_0002,SESS_002981,2023-08-09,5,799,3995,Cancelled
ORD_000535,CUST_00353,PROD_0007,SESS_000840,2023-09-06,2,2498,4996,Cancelled
ORD_002902,CUST_00099,PROD_0027,SESS_004868,2023-02-22,4,2498,9992,Completed
ORD_001728,CUST_999998,PROD_0019,SESS_000332,2023-07-27,1,249,249,Completed
ORD_000586,CUST_00282,PROD_0010,SESS_000498,2023-03-30,3,1299,3897,Cancelled
ORD_000065,CUST_00546,PROD_0009,SESS_000681,2023-11-13,4,3499,13996,Cancelled
ORD_003117,CUST_00567,PROD_0012,NULL,2023-05-09,1,1399.5,1400,Refunded
ORD_000061,CUST_00228,PROD_0041,SESS_002433,2023-07-09,1,799,799,Cancelled
ORD_000492,CUST_00152,PROD_0014,SESS_004605,2023-10-27,1,1249,1249,Completed
ORD_003181,CUST_00356,PROD_0008,SESS_003744,2023-05-27,5,699,3495,Completed
ORD_003194,CUST_00692,PROD_0024,SESS_003548,2023-05-13,3,2499.99,7500,Completed
ORD_002267,CUST_00785,PROD_0022,SESS_001894,2023-12-09,4,349.99,1400,Completed
ORD_000897,CUST_00397,PROD_0004,SESS_002925,2023-04-22,4,1799.99,7200,Processing
ORD_003017,CUST_00641,PROD_0043,SESS_003956,2023-10-29,4,2199,8796,Completed
ORD_002369,CUST_00224,PROD_0027,SESS_004078,2023-02-05,1,2498,2498,Completed
ORD_001957,CUST_00484,PROD_0012,NULL,2023-01-20,1,1399.5,1400,Completed
ORD_003080,CUST_00634,PROD_0020,SESS_004200,2023-03-07,3,349.95,1050,Completed
ORD_001917,CUST_00888,PROD_0029,SESS_001529,2023-03-07,2,3996.95,7994,Refunded
ORD_002492,CUST_00538,PROD_0036,SESS_004175,2023-06-19,2,199.99,400,Processing
ORD_003409,CUST_00374,PROD_0037,SESS_001488,2023-03-17,1,499.99,500,Refunded
ORD_003257,CUST_00191,PROD_0032,SESS_002736,2023-09-02,1,129,129,Cancelled
ORD_003175,CUST_00369,PROD_0003,SESS_004976,2023-11-10,1,1299.99,1300,Processing
ORD_000985,CUST_00839,PROD_0032,SESS_003997,2023-05-04,1,129,129,Completed
ORD_000398,CUST_00697,PROD_0039,NULL,2023-07-07,5,229,1145,Completed
ORD_001318,CUST_00222,PROD_0025,SESS_000068,2023-07-07,2,3299,6598,Cancelled
ORD_003110,CUST_00915,PROD_0016,NULL,2023-02-14,4,1450,5800,Completed
ORD_000122,CUST_00918,PROD_0004,SESS_000687,2023-01-29,3,1799.99,5400,Processing
ORD_002773,CUST_999994,PROD_0037,SESS_003617,2023-03-07,2,499.99,1000,Refunded
ORD_001567,CUST_00948,PROD_0030,NULL,2023-07-28,5,759,3795,Processing
ORD_001985,CUST_00836,PROD_0035,SESS_003335,2023-10-31,1,399.99,400,Cancelled
ORD_002727,CUST_00005,PROD_0019,SESS_000790,2023-03-30,2,249,498,Completed
ORD_002174,CUST_00801,PROD_0036,SESS_002235,2023-07-02,5,199.99,1000,Refunded
ORD_000459,CUST_00597,PROD_0040,SESS_001564,2023-06-09,1,199.99,200,Cancelled
ORD_000989,CUST_00090,PROD_0030,SESS_000421,2023-12-29,2,759,1518,Cancelled
ORD_002334,CUST_00693,PROD_0004,SESS_002628,2023-10-22,1,1799.99,1800,Completed
ORD_000574,CUST_00316,PROD_0022,SESS_000856,2023-05-14,5,349.99,1750,Completed
ORD_002549,CUST_00246,PROD_0014,SESS_002720,2023-10-31,5,1249,6245,Completed
ORD_000951,CUST_00961,PROD_0003,SESS_002765,2023-12-19,2,1299.99,2600,Completed
ORD_000982,CUST_00194,PROD_0025,NULL,2023-01-15,3,3299,9897,Processing
ORD_001408,CUST_00501,PROD_0006,SESS_002935,2023-01-27,3,799.99,2400,Cancelled
ORD_000536,CUST_00275,PROD_0019,SESS_002823,2023-11-13,1,249,249,Processing
ORD_000840,CUST_00180,PROD_0010,SESS_002172,2023-01-13,2,1299,2598,Completed
ORD_001435,CUST_00186,PROD_0023,SESS_004918,2023-08-31,4,1699.99,6800,Processing
ORD_002979,CUST_00373,PROD_0030,SESS_004553,2023-11-11,4,759,3036,Cancelled
ORD_001868,CUST_00584,PROD_0005,NULL,2023-11-10,5,999,4995,Cancelled
ORD_001455,CUST_00881,PROD_0027,SESS_003124,2023-12-22,3,2498,7494,Completed
ORD_002971,CUST_00457,PROD_0012,SESS_001656,2023-12-13,1,1399.5,1400,Completed
ORD_003308,CUST_00980,PROD_0013,SESS_004387,2023-05-27,2,1599.99,3200,Cancelled
ORD_001821,CUST_00568,PROD_0015,SESS_004689,2023-09-05,3,2699.99,8100,Refunded
ORD_003363,CUST_00783,PROD_0006,SESS_004595,2023-05-08,5,799.99,4000,Completed
ORD_000052,CUST_00675,PROD_0010,NULL,2023-05-24,2,1299,2598,Refunded
ORD_001092,CUST_00233,PROD_0001,SESS_003747,2023-10-23,4,1199,4796,Processing
ORD_000193,CUST_00441,PROD_0030,SESS_001866,2023-04-22,4,759,3036,Cancelled
ORD_000470,CUST_00712,PROD_0022,NULL,2023-05-31,2,349.99,700,Cancelled
ORD_001320,CUST_00357,PROD_0036,NULL,2023-09-21,1,199.99,200,Completed
ORD_003402,CUST_00615,PROD_0025,NULL,2023-07-21,5,3299,16495,Completed
ORD_002748,CUST_00595,PROD_0028,NULL,2023-08-31,4,2499,9996,Cancelled
ORD_002296,CUST_00071,PROD_0012,NULL,2023-04-29,2,1399.5,2799,Completed
ORD_003066,CUST_00408,PROD_0009,SESS_000765,2023-08-04,3,3499,10497,Refunded
ORD_001859,CUST_00254,PROD_0030,SESS_001897,2023-07-02,3,759,2277,Completed
ORD_000826,CUST_00755,PROD_0023,SESS_001848,2023-04-25,4,1699.99,6800,Refunded
ORD_000866,CUST_999993,PROD_0019,SESS_002745,2023-03-05,1,249,249,Cancelled
ORD_001822,CUST_00709,PROD_0007,SESS_001127,2023-09-15,5,2498,12490,Processing
ORD_000499,CUST_999996,PROD_0022,SESS_002862,2023-11-16,4,349.99,1400,Cancelled
ORD_002793,CUST_00044,PROD_0031,NULL,2023-04-07,3,399.99,1200,Completed
ORD_001103,CUST_00978,PROD_0019,SESS_000019,2023-02-09,1,249,249,Completed
ORD_000977,CUST_00632,PROD_0020,SESS_004070,2023-08-31,1,349.95,350,Completed
ORD_000426,CUST_00809,PROD_0015,SESS_001507,2023-08-31,1,2699.99,2700,Refunded
ORD_000189,CUST_00999,PROD_0006,SESS_001091,2023-02-28,4,799.99,3200,Cancelled
ORD_000295,CUST_00391,PROD_0024,SESS_003107,2023-08-10,3,2499.99,7500,Cancelled
ORD_003202,CUST_00031,PROD_0006,SESS_004812,2023-03-02,3,799.99,2400,Processing
ORD_000229,CUST_00401,PROD_0004,SESS_002570,2023-12-08,4,1799.99,7200,Refunded
ORD_002918,CUST_00750,PROD_0020,SESS_003825,2023-02-21,5,349.95,1750,Refunded
ORD_001042,CUST_00482,PROD_0029,NULL,2023-09-19,2,3996.95,7994,Refunded
ORD_002061,CUST_00384,PROD_0035,SESS_001508,2023-01-17,1,399.99,400,Cancelled
ORD_002890,CUST_00833,PROD_0040,NULL,2023-12-09,4,199.99,800,Refunded
ORD_000472,CUST_00461,PROD_0033,SESS_003578,2023-01-05,1,799,799,Completed
ORD_001906,CUST_999995,PROD_0042,NULL,2023-04-12,1,749.99,750,Processing
ORD_001623,CUST_00308,PROD_0032,NULL,2023-02-10,1,129,129,Refunded
ORD_000802,CUST_00505,PROD_0019,NULL,NULL,5,249,1245,Completed
ORD_001488,CUST_00685,PROD_0035,NULL,2023-02-25,5,399.99,2000,Processing
ORD_002366,CUST_00020,PROD_0032,SESS_000385,2023-12-26,2,129,258,Refunded
ORD_001129,CUST_00140,PROD_0019,SESS_004113,2023-08-20,5,249,1245,Completed
ORD_002154,CUST_00500,PROD_0039,SESS_001775,2023-09-24,4,229,916,Cancelled
ORD_002332,CUST_00720,PROD_0022,SESS_001006,2023-09-02,1,349.99,350,Cancelled
ORD_002209,CUST_00407,PROD_0019,SESS_003442,2023-02-21,2,249,498,Cancelled
ORD_003054,CUST_00267,PROD_0012,SESS_001369,2023-02-04,1,1399.5,1400,Cancelled
ORD_002107,CUST_00019,PROD_0001,SESS_002705,2023-07-17,2,1199,2398,Completed
ORD_002992,CUST_00271,PROD_0006,SESS_003992,2023-07-07,3,799.99,2400,Completed
ORD_003329,CUST_999991,PROD_0030,SESS_004277,2023-10-07,5,759,3795,Completed
ORD_000216,CUST_00317,PROD_0027,SESS_002955,2023-01-06,2,2498,4996,Completed
ORD_002145,CUST_00371,PROD_0030,SESS_001648,2023-11-17,5,759,3795,Processing
ORD_000895,CUST_00487,PROD_0019,SESS_000478,2023-06-02,2,249,498,Refunded
ORD_002924,CUST_00927,PROD_0038,SESS_002090,2023-06-23,4,499.99,2000,Refunded
ORD_001633,CUST_00400,PROD_0033,SESS_002976,2023-07-01,5,799,3995,Cancelled
ORD_003253,CUST_00526,PROD_0026,SESS_002990,2023-01-08,5,599,2995,Completed
ORD_001446,CUST_00879,PROD_0036,SESS_003923,2023-03-18,2,199.99,400,Cancelled
ORD_000157,CUST_00751,PROD_0042,SESS_003909,2023-02-13,1,749.99,750,Completed
ORD_002603,CUST_00151,PROD_0020,NULL,2023-01-05,1,349.95,350,Cancelled
ORD_002961,CUST_00363,PROD_0001,SESS_003186,2023-08-03,2,1199,2398,Completed
ORD_003437,CUST_00990,PROD_0005,SESS_001317,2023-09-18,3,999,2997,Processing
ORD_002974,CUST_00347,PROD_0033,SESS_004878,2023-11-30,3,799,2397,Completed
ORD_001737,CUST_00119,PROD_0035,SESS_000170,2023-09-29,5,399.99,2000,Completed
ORD_002528,CUST_00721,PROD_0002,SESS_000023,2023-06-14,1,799,799,Refunded
ORD_001641,CUST_00697,PROD_0030,SESS_004613,2023-03-15,3,759,2277,Completed
ORD_001552,CUST_00003,PROD_0007,NULL,2023-09-06,5,2498,12490,Processing
ORD_002855,CUST_00492,PROD_0019,NULL,2023-09-11,5,249,1245,Completed
ORD_003109,CUST_00790,PROD_0025,SESS_000498,2023-02-26,4,3299,13196,Completed
ORD_001506,CUST_00310,PROD_0033,SESS_000786,2023-06-18,4,799,3196,Cancelled
ORD_002932,CUST_00805,PROD_0024,SESS_000387,2023-11-02,2,2499.99,5000,Cancelled
ORD_003433,CUST_00926,PROD_0034,SESS_001212,2023-07-25,2,899.99,1800,Completed
ORD_003027,CUST_00209,PROD_0033,SESS_003497,2023-10-11,1,799,799,Cancelled
ORD_000848,CUST_00806,PROD_0021,SESS_002698,2023-12-22,4,229.99,920,Cancelled
ORD_000939,CUST_00244,PROD_0013,SESS_000201,2023-10-20,5,1599.99,8000,Refunded
ORD_002354,CUST_00768,PROD_0019,SESS_000886,2023-10-19,4,249,996,Cancelled
ORD_001046,CUST_00492,PROD_0008,SESS_001312,2023-03-30,3,699,2097,Completed
ORD_000757,CUST_00992,PROD_0003,NULL,2023-09-09,5,1299.99,6500,Processing
ORD_002936,CUST_00143,PROD_0041,SESS_000948,2023-10-14,1,799,799,Completed
ORD_000974,CUST_00995,PROD_0037,SESS_003995,2023-04-12,5,499.99,2500,Processing
ORD_003016,CUST_999992,PROD_0019,SESS_002024,NULL,4,249,996,Refunded
ORD_002434,CUST_00237,PROD_0037,SESS_002214,2023-05-01,4,499.99,2000,Processing
ORD_002821,CUST_00527,PROD_0032,SESS_003304,2023-06-29,1,129,129,Completed
ORD_000392,CUST_00147,PROD_0036,SESS_000607,2023-06-24,5,199.99,1000,Processing
ORD_002062,CUST_00446,PROD_0028,SESS_003847,2023-05-26,1,2499,2499,Cancelled
ORD_000550,CUST_00680,PROD_0029,NULL,2023-11-04,2,3996.95,7994,Cancelled
ORD_003118,CUST_00502,PROD_0029,SESS_000261,2023-03-12,3,3996.95,11991,Completed
ORD_001501,CUST_00286,PROD_0021,SESS_002198,2023-11-10,4,229.99,920,Completed
ORD_001991,CUST_00522,PROD_0030,SESS_000150,2023-04-04,5,759,3795,Cancelled
ORD_001106,CUST_999996,PROD_0008,NULL,2023-06-17,5,699,3495,Cancelled
ORD_000889,CUST_00552,PROD_0032,SESS_003180,2023-05-24,5,129,645,Cancelled
ORD_002926,CUST_999997,PROD_0022,NULL,2023-04-15,5,349.99,1750,Processing
ORD_001260,CUST_00309,PROD_0012,SESS_003963,2023-03-16,5,1399.5,6998,Cancelled
ORD_000079,CUST_999994,PROD_0003,NULL,2023-08-24,4,1299.99,5200,Completed
ORD_002550,CUST_00923,PROD_0035,SESS_002633,2023-05-09,1,399.99,400,Completed
ORD_000546,CUST_00972,PROD_0002,SESS_002174,2023-12-14,1,799,799,Processing
ORD_001025,CUST_00164,PROD_0023,NULL,2023-06-06,1,1699.99,1700,Cancelled
ORD_000753,CUST_00648,PROD_0005,SESS_002338,2023-03-09,2,999,1998,Completed
ORD_002745,CUST_00496,PROD_0008,SESS_004866,2023-10-28,3,699,2097,Cancelled
ORD_001280,CUST_00799,PROD_0021,SESS_002970,2023-06-08,1,229.99,230,Refunded
ORD_001952,CUST_00922,PROD_0017,SESS_002857,2023-02-05,1,398,398,Cancelled
ORD_001725,CUST_00660,PROD_0010,NULL,2023-08-21,3,1299,3897,Completed
ORD_000352,CUST_00198,PROD_0024,SESS_004347,2023-10-04,5,2499.99,12500,Refunded
ORD_001512,CUST_00423,PROD_0011,NULL,2023-07-10,2,1499,2998,Cancelled
ORD_000984,CUST_00950,PROD_0023,SESS_000486,2023-12-20,5,1699.99,8500,Cancelled
ORD_003373,CUST_00476,PROD_0015,NULL,2023-11-30,2,2699.99,5400,Cancelled
ORD_002613,CUST_00371,PROD_0013,SESS_001200,2023-11-08,1,1599.99,1600,Cancelled
ORD_000702,CUST_00607,PROD_0038,SESS_001525,2023-08-01,3,499.99,1500,Processing
ORD_002577,CUST_00505,PROD_0005,SESS_004735,2023-05-09,2,999,1998,Completed
ORD_002689,CUST_00588,PROD_0007,SESS_003700,2023-11-17,3,2498,7494,Completed
ORD_000562,CUST_00953,PROD_0043,SESS_003940,2023-09-07,3,2199,6597,Refunded
ORD_002319,CUST_00585,PROD_0013,SESS_003062,2023-01-05,3,1599.99,4800,Processing
ORD_002644,CUST_999992,PROD_0030,SESS_001694,2023-03-16,4,759,3036,Cancelled
ORD_001359,CUST_00816,PROD_0011,SESS_004784,2023-11-11,2,1499,2998,Completed
ORD_000718,CUST_00129,PROD_0006,SESS_004176,2023-11-30,2,799.99,1600,Cancelled
ORD_002784,CUST_00415,PROD_0008,SESS_001869,2023-12-02,3,699,2097,Completed
ORD_002842,CUST_00257,PROD_0015,SESS_004430,2023-04-18,5,2699.99,13500,Cancelled
ORD_001809,CUST_00054,PROD_0006,SESS_004714,2023-10-31,2,799.99,1600,Completed
ORD_000415,CUST_00629,PROD_0009,SESS_004138,2023-06-06,1,3499,3499,Completed
ORD_001341,CUST_00298,PROD_0011,SESS_004994,2023-03-21,4,1499,5996,Cancelled
ORD_002904,CUST_00506,PROD_0008,SESS_001175,2023-08-15,3,699,2097,Cancelled
ORD_000447,CUST_00709,PROD_0011,SESS_000322,2023-08-25,4,1499,5996,Processing
ORD_000116,CUST_00287,PROD_0025,SESS_000257,2023-06-27,4,3299,13196,Processing
ORD_000611,CUST_00019,PROD_0006,SESS_004716,2023-03-11,1,799.99,800,Completed
ORD_001470,CUST_00442,PROD_0023,NULL,2023-11-15,5,1699.99,8500,Processing
ORD_001711,CUST_00144,PROD_0002,NULL,2023-05-19,5,799,3995,Processing
ORD_003271,CUST_00434,PROD_0004,SESS_004654,2023-01-15,4,1799.99,7200,Refunded
ORD_002051,CUST_00941,PROD_0028,SESS_004767,2023-07-22,4,2499,9996,Cancelled
ORD_002272,CUST_00245,PROD_0033,SESS_004311,2023-07-24,3,799,2397,Refunded
ORD_001584,CUST_00584,PROD_0013,SESS_000506,2023-05-25,3,1599.99,4800,Completed
ORD_001413,CUST_00216,PROD_0029,NULL,2023-01-05,5,3996.95,19985,Refunded
ORD_002257,CUST_00055,PROD_0010,SESS_003190,2023-01-25,2,1299,2598,Completed
ORD_002976,CUST_00709,PROD_0036,NULL,2023-09-23,3,199.99,600,Completed
ORD_001723,CUST_00241,PROD_0004,NULL,2023-03-13,5,1799.99,9000,Completed
ORD_003125,CUST_00968,PROD_0034,NULL,2023-08-16,5,899.99,4500,Refunded
ORD_001508,CUST_00708,PROD_0002,SESS_004446,2023-02-20,1,799,799,Processing
ORD_000690,CUST_00299,PROD_0021,SESS_004272,2023-12-10,2,229.99,460,Refunded
ORD_001322,CUST_00616,PROD_0029,NULL,2023-05-24,4,3996.95,15988,Completed
ORD_000843,CUST_00336,PROD_0015,SESS_003763,2023-11-01,1,2699.99,2700,Completed
ORD_001147,CUST_00842,PROD_0029,SESS_002687,2023-11-22,2,3996.95,7994,Cancelled
ORD_002996,CUST_00558,PROD_0008,SESS_003718,2023-04-08,2,699,1398,Refunded
ORD_000967,CUST_00806,PROD_0007,SESS_003252,2023-12-24,4,2498,9992,Cancelled
ORD_000464,CUST_00520,PROD_0009,SESS_002531,2023-06-25,3,3499,10497,Refunded
ORD_001755,CUST_00152,PROD_0005,NULL,2023-01-16,5,999,4995,Cancelled
ORD_002741,CUST_00016,PROD_0032,SESS_001591,2023-03-31,1,129,129,Completed
ORD_001543,CUST_00624,PROD_0037,SESS_001497,2023-08-31,3,499.99,1500,Completed
ORD_003269,CUST_00263,PROD_0027,SESS_004415,2023-10-02,1,2498,2498,Processing
ORD_002285,CUST_999992,PROD_0032,SESS_000114,NULL,1,129,129,Processing
ORD_000387,CUST_00212,PROD_0021,SESS_004182,2023-05-20,4,229.99,920,Cancelled
ORD_000379,CUST_00534,PROD_0039,SESS_003968,2023-11-16,4,229,916,Refunded
ORD_000708,CUST_00810,PROD_0036,SESS_003727,2023-01-09,4,199.99,800,Processing
ORD_001336,CUST_00079,PROD_0032,SESS_001742,2023-10-30,1,129,129,Processing
ORD_001224,CUST_00615,PROD_0023,NULL,2023-05-07,1,1699.99,1700,Cancelled
ORD_002678,CUST_00018,PROD_0026,SESS_003684,2023-02-19,2,599,1198,Cancelled
ORD_003211,CUST_00339,PROD_0035,NULL,2023-09-04,2,399.99,800,Completed
ORD_001351,CUST_00484,PROD_0009,SESS_003226,2023-12-17,3,3499,10497,Cancelled
ORD_001083,CUST_00765,PROD_0030,NULL,2023-09-08,3,759,2277,Completed
ORD_001812,CUST_00725,PROD_0039,SESS_002454,2023-11-28,1,229,229,Completed
ORD_002891,CUST_999997,PROD_0014,NULL,2023-04-26,4,1249,4996,Processing
ORD_001352,CUST_00132,PROD_0007,NULL,2023-04-30,1,2498,2498,Processing
ORD_001208,CUST_00538,PROD_0017,SESS_001007,2023-01-26,1,398,398,Completed
ORD_003236,CUST_00584,PROD_0038,SESS_004344,2023-12-18,3,499.99,1500,Processing
ORD_002719,CUST_00357,PROD_0014,SESS_001201,2023-12-22,3,1249,3747,Cancelled
ORD_000688,CUST_00124,PROD_0030,SESS_002216,2023-04-21,1,759,759,Completed
ORD_002126,CUST_00053,PROD_0025,SESS_003149,2024-01-01,2,3299,6598,Cancelled
ORD_003443,CUST_00091,PROD_0011,SESS_003487,2023-10-07,5,1499,7495,Cancelled
ORD_001190,CUST_00377,PROD_0039,SESS_002432,2023-11-26,3,229,687,Completed
ORD_002756,CUST_00693,PROD_0030,NULL,2023-02-17,3,759,2277,Cancelled
ORD_000899,CUST_00495,PROD_0022,NULL,2023-10-03,1,349.99,350,Cancelled
ORD_001308,CUST_00993,PROD_0036,NULL,2023-11-09,1,199.99,200,Cancelled
ORD_002379,CUST_00153,PROD_0004,SESS_000427,2023-01-07,5,1799.99,9000,Processing
ORD_003091,CUST_00146,PROD_0010,NULL,2023-09-28,4,1299,5196,Cancelled
ORD_002723,CUST_00301,PROD_0008,NULL,2024-01-01,3,699,2097,Cancelled
ORD_002808,CUST_00662,PROD_0019,SESS_002456,2023-05-24,4,249,996,Cancelled
ORD_002333,CUST_00827,PROD_0009,SESS_002804,2023-04-11,4,3499,13996,Refunded
ORD_002761,CUST_00366,PROD_0025,NULL,2023-02-05,2,3299,6598,Processing
ORD_002263,CUST_00405,PROD_0043,NULL,2023-06-01,3,2199,6597,Cancelled
ORD_000914,CUST_00239,PROD_0042,SESS_003815,2023-10-08,3,749.99,2250,Refunded
ORD_000518,CUST_00324,PROD_0016,SESS_002444,2023-06-29,4,1450,5800,Cancelled
ORD_002596,CUST_00751,PROD_0002,SESS_003369,2023-10-14,5,799,3995,Refunded
ORD_002594,CUST_00200,PROD_0018,SESS_001617,2023-01-26,2,429,858,Completed
ORD_001031,CUST_00558,PROD_0034,NULL,2023-03-08,3,899.99,2700,Refunded
ORD_000973,CUST_00994,PROD_0041,NULL,2023-06-13,4,799,3196,Processing
ORD_002221,CUST_00308,PROD_0008,SESS_001113,2023-12-06,4,699,2796,Refunded
ORD_001297,CUST_00606,PROD_0037,NULL,2023-02-08,4,499.99,2000,Processing
ORD_002955,CUST_00384,PROD_0001,NULL,2023-04-22,1,1199,1199,Cancelled
ORD_001756,CUST_00497,PROD_0013,SESS_000188,2023-04-23,4,1599.99,6400,Cancelled
ORD_002933,CUST_00344,PROD_0012,SESS_004529,2023-01-02,3,1399.5,4198,Processing
ORD_000232,CUST_00240,PROD_0021,SESS_000490,2023-12-04,1,229.99,230,Completed
ORD_001014,CUST_00650,PROD_0029,SESS_003366,2023-08-12,5,3996.95,19985,Refunded
ORD_002887,CUST_00662,PROD_0031,SESS_004950,2023-04-04,4,399.99,1600,Cancelled
ORD_001168,CUST_00447,PROD_0025,SESS_003163,2023-09-25,4,3299,13196,Processing
ORD_003131,CUST_00918,PROD_0008,SESS_001032,2023-09-22,5,699,3495,Processing
ORD_002515,CUST_00649,PROD_0026,NULL,2023-11-17,5,599,2995,Completed
ORD_001636,CUST_00104,PROD_0011,SESS_003707,2023-08-03,5,1499,7495,Cancelled
ORD_003458,CUST_00560,PROD_0007,SESS_002116,2023-11-19,1,2498,2498,Cancelled
ORD_002318,CUST_00238,PROD_0029,SESS_001154,NULL,5,3996.95,19985,Completed
ORD_002231,CUST_00710,PROD_0014,NULL,2023-09-26,1,1249,1249,Cancelled
ORD_001516,CUST_00994,PROD_0027,SESS_002840,2023-09-25,3,2498,7494,Processing
ORD_000217,CUST_00881,PROD_0026,SESS_002950,2023-01-15,5,599,2995,Cancelled
ORD_002372,CUST_00349,PROD_0012,SESS_002163,2023-03-07,2,1399.5,2799,Cancelled
ORD_002264,CUST_00447,PROD_0010,SESS_001440,2023-10-01,4,1299,5196,Cancelled
ORD_003447,CUST_00168,PROD_0031,SESS_000844,2023-02-20,2,399.99,800,Processing
ORD_002970,CUST_00824,PROD_0015,NULL,2023-09-11,1,2699.99,2700,Cancelled
ORD_003484,CUST_00568,PROD_0024,SESS_003518,2023-02-15,2,2499.99,5000,Refunded
ORD_000894,CUST_00644,PROD_0041,SESS_001280,2023-06-23,3,799,2397,Processing
ORD_003116,CUST_00686,PROD_0016,SESS_000997,2023-05-09,1,1450,1450,Completed
ORD_001851,CUST_00560,PROD_0022,SESS_002456,2023-01-24,3,349.99,1050,Completed
ORD_001750,CUST_00617,PROD_0043,SESS_001534,2023-04-19,5,2199,10995,Completed
ORD_000979,CUST_00224,PROD_0034,SESS_000152,2023-04-15,5,899.99,4500,Cancelled
ORD_000325,CUST_00853,PROD_0021,SESS_004272,2023-12-12,1,229.99,230,Completed
ORD_001216,CUST_00241,PROD_0035,SESS_003205,2023-03-05,3,399.99,1200,Cancelled
ORD_000594,CUST_00749,PROD_0004,SESS_003457,2023-06-10,5,1799.99,9000,Processing
ORD_001606,CUST_00008,PROD_0019,SESS_004512,2023-01-15,1,249,249,Completed
ORD_001130,CUST_00700,PROD_0035,SESS_002999,2023-12-13,1,399.99,400,Refunded
ORD_000732,CUST_999997,PROD_0028,SESS_003546,2023-02-12,5,2499,12495,Processing
ORD_002718,CUST_00439,PROD_0040,SESS_000327,2023-11-16,4,199.99,800,Refunded
ORD_000493,CUST_00192,PROD_0007,SESS_003140,2023-01-24,5,2498,12490,Cancelled
ORD_000209,CUST_00214,PROD_0002,SESS_000522,2023-03-13,1,799,799,Completed
ORD_002688,CUST_00305,PROD_0009,SESS_004747,2023-12-19,1,3499,3499,Processing
ORD_000799,CUST_00480,PROD_0024,SESS_003409,2023-11-10,2,2499.99,5000,Processing
ORD_002137,CUST_00201,PROD_0041,NULL,2023-12-28,2,799,1598,Cancelled
ORD_000735,CUST_00752,PROD_0002,SESS_004217,2023-08-04,3,799,2397,Refunded
ORD_002956,CUST_00035,PROD_0035,SESS_000235,2023-08-12,4,399.99,1600,Processing
ORD_002964,CUST_00977,PROD_0015,SESS_003309,2023-04-09,1,2699.99,2700,Cancelled
ORD_001175,CUST_999999,PROD_0007,SESS_000053,2023-03-09,1,2498,2498,Completed
ORD_003076,CUST_00605,PROD_0024,SESS_002940,NULL,3,2499.99,7500,Completed
ORD_001856,CUST_00883,PROD_0039,NULL,2023-05-19,2,229,458,Cancelled
ORD_001832,CUST_00390,PROD_0004,NULL,2023-05-30,1,1799.99,1800,Refunded
ORD_001639,CUST_00281,PROD_0016,SESS_000470,2023-10-05,3,1450,4350,Cancelled
ORD_003123,CUST_00271,PROD_0022,SESS_001962,2023-06-16,4,349.99,1400,Refunded
ORD_000572,CUST_00005,PROD_0003,SESS_001858,2023-11-05,5,1299.99,6500,Completed
ORD_000199,CUST_00030,PROD_0011,SESS_001831,2023-06-26,3,1499,4497,Cancelled
ORD_002356,CUST_00445,PROD_0012,NULL,2023-02-04,1,1399.5,1400,Completed
ORD_000073,CUST_00557,PROD_0016,SESS_004878,2023-05-14,5,1450,7250,Cancelled
ORD_001098,CUST_00205,PROD_0014,SESS_000993,2023-08-29,4,1249,4996,Cancelled
ORD_000549,CUST_00136,PROD_0003,SESS_001798,2023-04-14,2,1299.99,2600,Processing
ORD_003201,CUST_00942,PROD_0002,SESS_000909,2023-12-03,3,799,2397,Cancelled
ORD_003153,CUST_00744,PROD_0002,SESS_001561,2023-07-29,3,799,2397,Completed
ORD_002533,CUST_999992,PROD_0001,SESS_003971,2023-11-23,5,1199,5995,Cancelled
ORD_003114,CUST_00288,PROD_0039,SESS_004229,2023-12-21,4,229,916,Completed
ORD_002315,CUST_00160,PROD_0037,NULL,2023-10-08,1,499.99,500,Cancelled
ORD_001141,CUST_00636,PROD_0024,SESS_001011,2023-06-30,2,2499.99,5000,Completed
ORD_000990,CUST_00725,PROD_0034,SESS_004315,2023-06-22,4,899.99,3600,Cancelled
ORD_000521,CUST_00845,PROD_0013,SESS_001779,2023-10-26,1,1599.99,1600,Refunded
ORD_002699,CUST_00180,PROD_0014,SESS_004176,2023-05-26,5,1249,6245,Completed
ORD_000067,CUST_00618,PROD_0006,NULL,2023-11-24,3,799.99,2400,Cancelled
ORD_001032,CUST_00809,PROD_0014,SESS_001217,2023-02-09,1,1249,1249,Cancelled
ORD_000617,CUST_00472,PROD_0025,SESS_001824,2023-10-05,1,3299,3299,Cancelled
ORD_001119,CUST_00409,PROD_0018,SESS_001318,2023-10-24,3,429,1287,Completed
ORD_000938,CUST_00105,PROD_0011,SESS_001341,2023-03-27,1,1499,1499,Completed
ORD_002573,CUST_999998,PROD_0006,SESS_002467,NULL,3,799.99,2400,Processing
ORD_000623,CUST_00814,PROD_0009,SESS_003819,2023-02-26,3,3499,10497,Cancelled
ORD_001682,CUST_00881,PROD_0001,SESS_000207,2023-04-10,1,1199,1199,Processing
ORD_003104,CUST_00903,PROD_0039,SESS_001319,2023-11-27,4,229,916,Completed
ORD_003346,CUST_00519,PROD_0010,SESS_004531,2023-01-22,3,1299,3897,Cancelled
ORD_002295,CUST_00510,PROD_0032,NULL,2023-06-30,4,129,516,Completed
ORD_001093,CUST_00556,PROD_0022,NULL,2023-10-30,2,349.99,700,Cancelled
ORD_003140,CUST_00964,PROD_0019,SESS_002683,2023-03-10,1,249,249,Completed
ORD_000143,CUST_00353,PROD_0029,SESS_003466,2023-12-04,5,3996.95,19985,Cancelled
ORD_000272,CUST_00622,PROD_0008,SESS_000102,2023-09-04,5,699,3495,Completed
ORD_001412,CUST_00610,PROD_0028,SESS_004217,2023-08-18,5,2499,12495,Cancelled
ORD_002202,CUST_00300,PROD_0037,SESS_001018,2023-10-05,1,499.99,500,Completed
ORD_001161,CUST_00010,PROD_0008,SESS_001583,2023-08-21,5,699,3495,Cancelled
ORD_002669,CUST_00846,PROD_0033,SESS_004609,2023-04-28,5,799,3995,Cancelled
ORD_002754,CUST_00614,PROD_0038,SESS_002078,2023-05-11,2,499.99,1000,Cancelled
ORD_000191,CUST_00158,PROD_0040,SESS_004380,2023-02-15,4,199.99,800,Refunded
ORD_000516,CUST_00120,PROD_0014,SESS_000807,2023-07-05,4,1249,4996,Cancelled
ORD_002923,CUST_00999,PROD_0031,SESS_000755,2023-01-25,2,399.99,800,Completed
ORD_000479,CUST_00797,PROD_0008,SESS_002845,2023-11-09,3,699,2097,Cancelled
ORD_001353,CUST_00258,PROD_0031,SESS_000256,2023-03-17,2,399.99,800,Completed
ORD_003083,CUST_00911,PROD_0008,SESS_003697,2023-10-31,5,699,3495,Processing
ORD_001780,CUST_00074,PROD_0028,SESS_002936,2023-06-24,4,2499,9996,Completed
ORD_002648,CUST_00084,PROD_0002,SESS_002409,2023-03-06,5,799,3995,Refunded
ORD_000956,CUST_00551,PROD_0019,SESS_000570,2023-08-13,2,249,498,Processing
ORD_003499,CUST_00020,PROD_0024,SESS_004223,2023-11-26,3,2499.99,7500,Completed
ORD_002041,CUST_999991,PROD_0004,NULL,2023-12-16,1,1799.99,1800,Processing
ORD_003041,CUST_00087,PROD_0014,SESS_002606,2023-03-09,1,1249,1249,Processing
ORD_001034,CUST_00516,PROD_0012,SESS_000618,2023-11-21,5,1399.5,6998,Processing
ORD_001002,CUST_00190,PROD_0033,SESS_001426,2023-04-06,2,799,1598,Completed
ORD_002335,CUST_00509,PROD_0032,NULL,2023-10-11,1,129,129,Processing
ORD_002599,CUST_00148,PROD_0038,SESS_004145,2023-07-30,4,499.99,2000,Cancelled
ORD_003115,CUST_00900,PROD_0021,SESS_002546,2023-04-02,2,229.99,460,Refunded
ORD_002096,CUST_00688,PROD_0032,SESS_004062,2023-06-06,5,129,645,Refunded
ORD_003349,CUST_00961,PROD_0040,SESS_000214,2023-12-03,2,199.99,400,Cancelled
ORD_003128,CUST_00190,PROD_0015,SESS_002125,2023-07-04,1,2699.99,2700,Cancelled
ORD_002069,CUST_00263,PROD_0006,SESS_000821,2023-08-31,5,799.99,4000,Cancelled
ORD_003495,CUST_00347,PROD_0005,SESS_001910,2023-11-22,5,999,4995,Refunded
ORD_002735,CUST_00536,PROD_0038,NULL,2023-08-30,2,499.99,1000,Refunded
ORD_001426,CUST_00457,PROD_0011,NULL,2023-06-30,2,1499,2998,Processing
ORD_002813,CUST_00891,PROD_0021,SESS_001320,2023-01-26,1,229.99,230,Cancelled
ORD_001872,CUST_00721,PROD_0001,SESS_003578,2023-03-08,2,1199,2398,Cancelled
ORD_000481,CUST_00181,PROD_0013,NULL,2023-06-03,2,1599.99,3200,Cancelled
ORD_001665,CUST_00614,PROD_0028,NULL,2023-11-11,3,2499,7497,Cancelled
ORD_001523,CUST_00270,PROD_0038,SESS_002303,NULL,1,499.99,500,Completed
ORD_000528,CUST_00045,PROD_0030,SESS_002531,2023-01-09,3,759,2277,Completed
ORD_001943,CUST_00760,PROD_0014,SESS_000635,2023-10-13,2,1249,2498,Cancelled
ORD_003480,CUST_00188,PROD_0036,SESS_002943,2023-10-19,3,199.99,600,Processing
ORD_000221,CUST_00833,PROD_0014,NULL,2023-11-28,2,1249,2498,Processing
ORD_001762,CUST_00868,PROD_0015,SESS_004341,2023-11-09,2,2699.99,5400,Refunded
ORD_001936,CUST_00915,PROD_0020,SESS_000689,2023-09-03,5,349.95,1750,Completed
ORD_000345,CUST_00348,PROD_0008,SESS_002863,2023-01-15,2,699,1398,Completed
ORD_003050,CUST_00761,PROD_0029,SESS_002184,2023-06-20,2,3996.95,7994,Completed
ORD_002871,CUST_00084,PROD_0017,SESS_004766,2023-11-29,1,398,398,Cancelled
ORD_000153,CUST_00701,PROD_0020,SESS_001000,2023-02-27,1,349.95,350,Processing
ORD_002020,CUST_00951,PROD_0034,SESS_003638,2023-01-30,5,899.99,4500,Completed
ORD_002915,CUST_00971,PROD_0041,SESS_003853,2023-06-01,1,799,799,Completed
ORD_001059,CUST_00924,PROD_0041,SESS_000421,2023-05-21,4,799,3196,Processing
ORD_001773,CUST_00321,PROD_0016,NULL,2023-02-04,4,1450,5800,Refunded
ORD_002392,CUST_00106,PROD_0029,SESS_000015,2023-06-10,4,3996.95,15988,Completed
ORD_003163,CUST_00546,PROD_0035,SESS_004186,2023-08-09,3,399.99,1200,Cancelled
ORD_001265,CUST_00910,PROD_0027,SESS_004858,2023-07-10,5,2498,12490,Completed
ORD_001984,CUST_00203,PROD_0016,SESS_004676,2023-09-19,4,1450,5800,Cancelled
ORD_000146,CUST_00607,PROD_0008,SESS_003613,2023-06-16,3,699,2097,Cancelled
ORD_001555,CUST_00392,PROD_0013,SESS_002383,2023-06-09,2,1599.99,3200,Completed
ORD_001249,CUST_00126,PROD_0019,SESS_004968,2023-10-03,2,249,498,Completed
ORD_003261,CUST_00293,PROD_0036,SESS_004643,2023-03-29,1,199.99,200,Completed
ORD_001527,CUST_00636,PROD_0025,SESS_002869,2023-11-26,3,3299,9897,Processing
ORD_000771,CUST_00084,PROD_0033,SESS_000562,NULL,2,799,1598,Refunded
ORD_002826,CUST_999999,PROD_0021,SESS_000048,2023-12-01,5,229.99,1150,Cancelled
ORD_001678,CUST_00306,PROD_0033,SESS_000544,2023-09-12,3,799,2397,Completed
ORD_003133,CUST_00881,PROD_0038,SESS_003563,2024-01-01,4,499.99,2000,Refunded
ORD_000902,CUST_00147,PROD_0037,SESS_004124,2023-05-17,2,499.99,1000,Completed
ORD_002598,CUST_00845,PROD_0033,NULL,2023-09-18,1,799,799,Completed
ORD_002297,CUST_00761,PROD_0037,SESS_003977,2023-03-28,4,499.99,2000,Cancelled
ORD_002975,CUST_00366,PROD_0025,SESS_002856,2023-05-09,2,3299,6598,Completed
ORD_000297,CUST_00192,PROD_0008,SESS_004655,2023-04-19,4,699,2796,Refunded
ORD_001522,CUST_00612,PROD_0036,SESS_003753,2023-12-23,2,199.99,400,Refunded
ORD_000058,CUST_00110,PROD_0035,SESS_001573,2023-07-28,2,399.99,800,Completed
ORD_001561,CUST_00177,PROD_0003,SESS_004764,2023-08-22,1,1299.99,1300,Completed
ORD_003248,CUST_00144,PROD_0039,SESS_003818,2023-09-16,2,229,458,Cancelled
ORD_000028,CUST_00229,PROD_0039,SESS_004033,2023-12-13,2,229,458,Completed
ORD_001628,CUST_00078,PROD_0027,NULL,2023-05-16,4,2498,9992,Cancelled
ORD_002677,CUST_00722,PROD_0024,SESS_000923,2023-01-06,5,2499.99,12500,Cancelled
ORD_002149,CUST_00106,PROD_0014,SESS_001579,2023-01-28,4,1249,4996,Processing
ORD_002391,CUST_00923,PROD_0026,NULL,2023-03-23,4,599,2396,Completed
ORD_002799,CUST_00474,PROD_0031,SESS_003697,2023-06-07,4,399.99,1600,Refunded
ORD_002160,CUST_00962,PROD_0021,SESS_001612,2023-04-18,1,229.99,230,Completed
ORD_000296,CUST_00951,PROD_0008,NULL,2023-11-24,3,699,2097,Cancelled
ORD_002581,CUST_00145,PROD_0018,SESS_004275,2023-06-20,3,429,1287,Cancelled
ORD_003272,CUST_00426,PROD_0008,SESS_002169,2023-08-18,5,699,3495,Cancelled
ORD_003425,CUST_00337,PROD_0012,SESS_000681,2023-11-29,5,1399.5,6998,Refunded
ORD_000649,CUST_00766,PROD_0007,SESS_002223,2023-10-20,2,2498,4996,Cancelled
ORD_001371,CUST_00737,PROD_0022,SESS_002641,2023-02-02,2,349.99,700,Completed
ORD_002694,CUST_00901,PROD_0043,SESS_004351,2023-06-13,3,2199,6597,Completed
ORD_002395,CUST_00108,PROD_0041,SESS_003486,2023-07-07,1,799,799,Refunded
ORD_002388,CUST_999999,PROD_0019,SESS_001576,2023-12-27,3,249,747,Completed
ORD_001456,CUST_00889,PROD_0040,SESS_000712,2023-11-30,2,199.99,400,Refunded
ORD_001074,CUST_00418,PROD_0006,SESS_002211,2023-06-26,1,799.99,800,Completed
ORD_002993,CUST_00129,PROD_0016,SESS_000640,2023-07-25,5,1450,7250,Cancelled
ORD_000682,CUST_999997,PROD_0018,SESS_001161,2023-05-04,2,429,858,Cancelled
ORD_000435,CUST_00168,PROD_0006,SESS_001718,2023-05-28,2,799.99,1600,Completed
ORD_000680,CUST_00340,PROD_0037,SESS_001165,2023-04-04,3,499.99,1500,Cancelled
ORD_001327,CUST_00613,PROD_0003,SESS_001300,2023-09-04,5,1299.99,6500,Completed
ORD_001490,CUST_00163,PROD_0006,SESS_002765,2023-09-01,4,799.99,3200,Processing
ORD_000813,CUST_999993,PROD_0022,SESS_003352,2023-02-18,4,349.99,1400,Cancelled
ORD_001883,CUST_00876,PROD_0039,SESS_001944,2023-09-18,4,229,916,Completed
ORD_003364,CUST_00084,PROD_0005,SESS_002405,2023-01-31,3,999,2997,Cancelled
ORD_002663,CUST_00600,PROD_0023,SESS_003056,2023-05-08,2,1699.99,3400,Refunded
ORD_003120,CUST_00699,PROD_0026,SESS_000563,2023-08-18,4,599,2396,Cancelled
ORD_001941,CUST_00865,PROD_0004,SESS_004433,2023-11-22,3,1799.99,5400,Cancelled
ORD_003239,CUST_00765,PROD_0034,SESS_003232,2023-08-22,4,899.99,3600,Refunded
ORD_001613,CUST_00503,PROD_0041,SESS_004576,2023-06-22,2,799,1598,Cancelled
ORD_001182,CUST_00903,PROD_0015,SESS_002488,2023-12-15,4,2699.99,10800,Cancelled
ORD_001376,CUST_00631,PROD_0042,SESS_000696,2023-10-31,1,749.99,750,Completed
ORD_000919,CUST_00322,PROD_0025,SESS_002183,2023-04-11,3,3299,9897,Processing
ORD_000627,CUST_00014,PROD_0033,SESS_003858,2023-10-04,5,799,3995,Processing
ORD_003298,CUST_00888,PROD_0042,SESS_001246,2023-01-29,2,749.99,1500,Processing
ORD_001670,CUST_00359,PROD_0037,SESS_000121,2023-05-25,4,499.99,2000,Refunded
ORD_002113,CUST_00209,PROD_0035,SESS_003567,2023-05-30,5,399.99,2000,Cancelled
ORD_003185,CUST_00087,PROD_0025,SESS_001388,2023-12-15,5,3299,16495,Processing
ORD_002811,CUST_00912,PROD_0010,SESS_001157,2024-01-01,4,1299,5196,Completed
ORD_001768,CUST_00006,PROD_0027,SESS_004044,2023-09-12,3,2498,7494,Completed
ORD_002262,CUST_00473,PROD_0033,SESS_000355,2023-05-15,5,799,3995,Processing
ORD_001463,CUST_00737,PROD_0011,SESS_003247,2023-04-08,1,1499,1499,Completed
ORD_002284,CUST_00385,PROD_0042,SESS_003273,2023-10-01,3,749.99,2250,Cancelled
ORD_003105,CUST_00707,PROD_0014,SESS_000765,2023-03-09,1,1249,1249,Cancelled
ORD_003379,CUST_00961,PROD_0029,SESS_004584,2023-06-15,4,3996.95,15988,Cancelled
ORD_000419,CUST_00044,PROD_0021,NULL,2023-06-29,1,229.99,230,Refunded
ORD_002588,CUST_00329,PROD_0004,SESS_003037,2023-06-22,3,1799.99,5400,Processing
ORD_002710,CUST_00112,PROD_0039,SESS_001845,2023-03-08,2,229,458,Completed
ORD_002358,CUST_00863,PROD_0004,SESS_001807,2023-01-12,5,1799.99,9000,Refunded
ORD_001020,CUST_00621,PROD_0008,SESS_002208,2023-01-28,5,699,3495,Refunded
ORD_001367,CUST_00024,PROD_0029,SESS_004990,2023-05-26,3,3996.95,11991,Cancelled
ORD_000294,CUST_00310,PROD_0011,SESS_000241,2023-04-16,3,1499,4497,Completed
ORD_002640,CUST_00172,PROD_0038,SESS_001724,2023-09-03,5,499.99,2500,Cancelled
ORD_001192,CUST_00525,PROD_0042,SESS_002958,2023-03-21,3,749.99,2250,Completed
ORD_001507,CUST_00371,PROD_0043,SESS_000150,2023-11-19,3,2199,6597,Refunded
ORD_000127,CUST_00927,PROD_0025,SESS_004440,2023-06-12,4,3299,13196,Processing
ORD_001634,CUST_00936,PROD_0013,SESS_002065,2023-05-21,5,1599.99,8000,Cancelled
ORD_001635,CUST_00108,PROD_0019,SESS_000448,2023-09-30,1,249,249,Completed
ORD_003416,CUST_00146,PROD_0011,SESS_001772,2023-10-12,3,1499,4497,Cancelled
ORD_001201,CUST_00583,PROD_0026,SESS_002141,2023-05-20,3,599,1797,Completed
ORD_003030,CUST_00245,PROD_0002,SESS_001604,2023-12-17,4,799,3196,Refunded
ORD_003485,CUST_00624,PROD_0027,NULL,2023-08-01,3,2498,7494,Completed
ORD_001564,CUST_00043,PROD_0016,SESS_000910,2023-03-12,2,1450,2900,Cancelled
ORD_001313,CUST_00775,PROD_0036,SESS_004572,2023-05-06,4,199.99,800,Processing
ORD_000699,CUST_00728,PROD_0010,SESS_000938,2023-11-16,3,1299,3897,Refunded
ORD_001980,CUST_00780,PROD_0023,SESS_000150,2023-08-09,4,1699.99,6800,Completed
ORD_001884,CUST_00437,PROD_0034,NULL,2023-07-28,5,899.99,4500,Refunded
ORD_000439,CUST_00561,PROD_0029,SESS_000653,2023-02-17,5,3996.95,19985,Cancelled
ORD_002124,CUST_00123,PROD_0018,NULL,2023-07-08,1,429,429,Cancelled
ORD_003468,CUST_00249,PROD_0018,NULL,2023-04-14,3,429,1287,Completed
ORD_002774,CUST_999994,PROD_0007,SESS_004958,2023-01-15,1,2498,2498,Cancelled
ORD_000563,CUST_00606,PROD_0024,NULL,2023-04-22,1,2499.99,2500,Cancelled
ORD_000705,CUST_00254,PROD_0016,NULL,2023-12-23,3,1450,4350,Cancelled
ORD_002281,CUST_00126,PROD_0036,SESS_001657,2023-12-19,3,199.99,600,Refunded
ORD_003322,CUST_00510,PROD_0035,SESS_002505,2023-05-11,4,399.99,1600,Completed
ORD_002916,CUST_00976,PROD_0037,SESS_004848,2023-09-13,4,499.99,2000,Completed
ORD_002605,CUST_00159,PROD_0027,SESS_004752,2023-11-20,1,2498,2498,Cancelled
ORD_000374,CUST_00247,PROD_0038,NULL,2023-05-26,4,499.99,2000,Refunded
ORD_001038,CUST_00347,PROD_0014,NULL,2023-01-08,2,1249,2498,Cancelled
ORD_002798,CUST_00985,PROD_0036,NULL,2023-04-20,3,199.99,600,Completed
ORD_002586,CUST_00688,PROD_0034,SESS_000360,2023-09-26,2,899.99,1800,Refunded
ORD_001333,CUST_999993,PROD_0002,SESS_004202,2023-04-26,5,799,3995,Refunded
ORD_000999,CUST_00396,PROD_0023,SESS_004895,2023-06-10,5,1699.99,8500,Refunded
ORD_002943,CUST_00594,PROD_0006,NULL,2023-03-12,1,799.99,800,Cancelled
ORD_003451,CUST_00700,PROD_0013,NULL,2023-08-13,3,1599.99,4800,Cancelled
ORD_001785,CUST_00636,PROD_0035,SESS_001363,2023-05-08,5,399.99,2000,Cancelled
ORD_001138,CUST_999995,PROD_0014,NULL,2023-12-21,2,1249,2498,Processing
ORD_000495,CUST_00501,PROD_0041,SESS_000176,2023-02-24,4,799,3196,Completed
ORD_003353,CUST_00748,PROD_0037,SESS_004870,2023-12-15,1,499.99,500,Cancelled
ORD_001855,CUST_00848,PROD_0027,SESS_001757,2023-02-25,1,2498,2498,Cancelled
ORD_002935,CUST_00825,PROD_0033,SESS_003813,2023-05-15,4,799,3196,Refunded
ORD_002861,CUST_00927,PROD_0009,SESS_004052,2023-02-09,2,3499,6998,Cancelled
ORD_002039,CUST_00743,PROD_0008,SESS_002149,2023-07-02,2,699,1398,Processing
ORD_003039,CUST_00144,PROD_0015,SESS_000287,2023-06-25,1,2699.99,2700,Cancelled
ORD_000367,CUST_00327,PROD_0004,SESS_004599,2023-04-19,2,1799.99,3600,Completed
ORD_000850,CUST_00997,PROD_0024,SESS_001570,2023-12-31,2,2499.99,5000,Refunded
ORD_001142,CUST_00433,PROD_0033,SESS_001777,2023-09-07,4,799,3196,Completed
ORD_003301,CUST_00114,PROD_0010,SESS_003272,2023-02-04,4,1299,5196,Cancelled
ORD_003124,CUST_00599,PROD_0033,SESS_004274,2023-08-12,5,799,3995,Cancelled
ORD_002654,CUST_00997,PROD_0025,NULL,2023-07-29,2,3299,6598,Completed
ORD_001816,CUST_00914,PROD_0013,SESS_000166,2023-06-20,1,1599.99,1600,Cancelled
ORD_002000,CUST_00858,PROD_0020,SESS_002959,2023-12-07,1,349.95,350,Cancelled
ORD_001542,CUST_00924,PROD_0039,SESS_003672,2023-06-29,1,229,229,Refunded
ORD_002939,CUST_00601,PROD_0013,SESS_002747,2023-03-10,5,1599.99,8000,Completed
ORD_000323,CUST_00899,PROD_0024,SESS_000686,2023-08-09,1,2499.99,2500,Completed
ORD_002032,CUST_00075,PROD_0030,SESS_004261,2023-04-26,5,759,3795,Completed
ORD_000994,CUST_00549,PROD_0015,SESS_002486,2023-07-17,2,2699.99,5400,Refunded
ORD_001273,CUST_00271,PROD_0012,SESS_001726,2023-06-24,5,1399.5,6998,Cancelled
ORD_000814,CUST_00884,PROD_0039,SESS_003201,2023-04-08,3,229,687,Cancelled
ORD_002529,CUST_00611,PROD_0014,SESS_001699,2023-05-28,3,1249,3747,Cancelled
ORD_002780,CUST_00373,PROD_0031,NULL,2023-11-06,2,399.99,800,Completed
ORD_002280,CUST_00659,PROD_0007,NULL,2023-07-31,2,2498,4996,Processing
ORD_002185,CUST_00492,PROD_0024,SESS_001087,2023-04-29,5,2499.99,12500,Processing
ORD_000111,CUST_00814,PROD_0014,SESS_000918,2023-05-25,2,1249,2498,Cancelled
ORD_001696,CUST_00456,PROD_0019,SESS_000424,2023-07-29,2,249,498,Cancelled
ORD_001179,CUST_00807,PROD_0042,SESS_001172,2023-08-14,3,749.99,2250,Completed
ORD_001080,CUST_00018,PROD_0009,SESS_002899,2023-09-01,4,3499,13996,Processing
ORD_002227,CUST_00133,PROD_0001,SESS_004773,2023-09-14,4,1199,4796,Completed
ORD_003086,CUST_00097,PROD_0033,NULL,2023-07-30,4,799,3196,Cancelled
ORD_001343,CUST_00937,PROD_0006,SESS_002991,2023-09-05,5,799.99,4000,Cancelled
ORD_002706,CUST_00102,PROD_0028,SESS_002358,2023-07-21,5,2499,12495,Completed
ORD_001820,CUST_00334,PROD_0020,SESS_003067,2023-07-13,4,349.95,1400,Processing
ORD_003283,CUST_00157,PROD_0009,NULL,2023-09-21,5,3499,17495,Completed
ORD_001165,CUST_00475,PROD_0011,SESS_003020,2023-04-25,4,1499,5996,Refunded
ORD_003034,CUST_00123,PROD_0016,SESS_001903,2023-04-19,1,1450,1450,Cancelled
ORD_001451,CUST_00633,PROD_0024,SESS_004966,2023-04-01,4,2499.99,10000,Completed
ORD_002031,CUST_999994,PROD_0014,SESS_002249,2023-03-22,3,1249,3747,Cancelled
ORD_000134,CUST_00046,PROD_0011,SESS_002926,2023-01-10,2,1499,2998,Completed
ORD_002219,CUST_999996,PROD_0025,SESS_000108,2023-12-02,1,3299,3299,Completed
ORD_000420,CUST_00512,PROD_0039,SESS_001689,2023-06-04,3,229,687,Refunded
ORD_001392,CUST_00559,PROD_0004,SESS_003858,2023-01-12,4,1799.99,7200,Refunded
ORD_001518,CUST_00737,PROD_0015,SESS_001049,2023-02-25,5,2699.99,13500,Processing
ORD_001690,CUST_00523,PROD_0009,SESS_003745,2023-05-04,1,3499,3499,Cancelled
ORD_001724,CUST_00390,PROD_0038,SESS_004494,2023-04-08,4,499.99,2000,Completed
ORD_003356,CUST_00870,PROD_0003,SESS_004657,2023-08-12,4,1299.99,5200,Refunded
ORD_003414,CUST_00982,PROD_0023,SESS_000549,NULL,1,1699.99,1700,Cancelled
ORD_003021,CUST_00849,PROD_0024,SESS_004028,2023-02-27,4,2499.99,10000,Completed
ORD_001646,CUST_00055,PROD_0035,SESS_003928,2023-12-22,1,399.99,400,Refunded
ORD_001232,CUST_00414,PROD_0038,NULL,2023-04-08,2,499.99,1000,Cancelled
ORD_001515,CUST_00345,PROD_0010,SESS_001099,2023-08-19,1,1299,1299,Cancelled
ORD_002314,CUST_00952,PROD_0007,SESS_001041,2023-01-02,4,2498,9992,Cancelled
ORD_002049,CUST_00509,PROD_0007,SESS_003846,2023-04-28,3,2498,7494,Cancelled
ORD_001452,CUST_00277,PROD_0030,SESS_002240,2023-06-06,4,759,3036,Refunded
ORD_002021,CUST_999997,PROD_0038,NULL,2023-01-17,3,499.99,1500,Refunded
ORD_002161,CUST_00577,PROD_0009,SESS_004101,2023-01-20,5,3499,17495,Cancelled
ORD_001814,CUST_00944,PROD_0022,SESS_000189,2023-08-22,2,349.99,700,Cancelled
ORD_000226,CUST_00705,PROD_0016,SESS_000873,2023-10-14,4,1450,5800,Cancelled
ORD_001638,CUST_00456,PROD_0030,SESS_004477,2023-10-08,1,759,759,Cancelled
ORD_002063,CUST_00368,PROD_0020,SESS_002080,2023-12-15,5,349.95,1750,Cancelled
ORD_002375,CUST_00473,PROD_0027,SESS_004101,2023-09-20,1,2498,2498,Processing
ORD_001017,CUST_999999,PROD_0002,SESS_004491,2023-01-14,4,799,3196,Completed
ORD_003113,CUST_00128,PROD_0003,SESS_002567,2023-02-09,4,1299.99,5200,Completed
ORD_002057,CUST_00941,PROD_0015,SESS_003085,2023-09-16,5,2699.99,13500,Cancelled
ORD_001160,CUST_00883,PROD_0032,SESS_004841,2023-12-12,2,129,258,Refunded
ORD_000557,CUST_00360,PROD_0008,SESS_003706,2023-06-25,3,699,2097,Cancelled
ORD_000451,CUST_00169,PROD_0016,SESS_001282,2023-10-29,4,1450,5800,Processing
ORD_000597,CUST_00555,PROD_0027,SESS_001345,2023-04-20,2,2498,4996,Cancelled
ORD_001715,CUST_00500,PROD_0007,SESS_001361,2023-04-04,5,2498,12490,Completed
ORD_000175,CUST_00505,PROD_0027,SESS_004010,2023-11-23,2,2498,4996,Refunded
ORD_000340,CUST_00944,PROD_0019,NULL,2023-12-24,5,249,1245,Cancelled
ORD_002170,CUST_00671,PROD_0010,SESS_002927,2023-07-29,3,1299,3897,Cancelled
ORD_002568,CUST_00811,PROD_0014,SESS_003971,2023-08-02,5,1249,6245,Processing
ORD_000904,CUST_00515,PROD_0014,SESS_002453,NULL,4,1249,4996,Refunded
ORD_000589,CUST_00563,PROD_0020,NULL,2023-04-13,3,349.95,1050,Completed
ORD_002671,CUST_00238,PROD_0001,SESS_000016,2023-05-30,3,1199,3597,Processing
ORD_001420,CUST_00567,PROD_0024,SESS_002375,2023-04-30,2,2499.99,5000,Completed
ORD_000029,CUST_00485,PROD_0012,SESS_000745,2023-09-12,3,1399.5,4198,Processing
ORD_002396,CUST_00143,PROD_0008,SESS_003018,2023-04-24,4,699,2796,Completed
ORD_003380,CUST_00655,PROD_0015,SESS_002104,2023-10-30,4,2699.99,10800,Processing
ORD_003441,CUST_00439,PROD_0036,SESS_003756,2023-09-09,3,199.99,600,Completed
ORD_001411,CUST_00321,PROD_0036,SESS_004142,2023-08-10,4,199.99,800,Completed
ORD_002171,CUST_00990,PROD_0024,SESS_002581,2023-01-11,5,2499.99,12500,Cancelled
ORD_000925,CUST_00111,PROD_0017,SESS_003615,2023-11-19,4,398,1592,Processing
ORD_000890,CUST_00272,PROD_0021,SESS_004680,2023-08-10,4,229.99,920,Refunded
ORD_001354,CUST_999992,PROD_0004,SESS_002702,2023-04-09,3,1799.99,5400,Processing
ORD_003411,CUST_00798,PROD_0043,SESS_001822,2023-05-14,4,2199,8796,Cancelled
ORD_001578,CUST_00374,PROD_0004,SESS_001782,2023-12-16,2,1799.99,3600,Completed
ORD_002245,CUST_00402,PROD_0010,SESS_000719,2023-09-05,1,1299,1299,Cancelled
ORD_002775,CUST_00339,PROD_0024,NULL,2023-06-14,1,2499.99,2500,Processing
ORD_002464,CUST_00583,PROD_0027,SESS_002279,2023-11-19,1,2498,2498,Completed
ORD_000429,CUST_00018,PROD_0036,SESS_002493,2023-04-23,1,199.99,200,Cancelled
ORD_000954,CUST_00911,PROD_0005,SESS_001830,2023-08-09,5,999,4995,Refunded
ORD_000265,CUST_00611,PROD_0037,NULL,2023-10-12,3,499.99,1500,Processing
ORD_000433,CUST_00359,PROD_0035,SESS_004521,2023-08-24,2,399.99,800,Cancelled
ORD_001655,CUST_00905,PROD_0003,SESS_004104,2023-04-18,2,1299.99,2600,Completed
ORD_000179,CUST_999993,PROD_0001,SESS_003299,2023-09-14,2,1199,2398,Cancelled
ORD_000220,CUST_999992,PROD_0004,SESS_002229,2023-09-12,3,1799.99,5400,Cancelled
ORD_001436,CUST_00581,PROD_0037,NULL,2023-09-03,5,499.99,2500,Completed
ORD_003208,CUST_00606,PROD_0041,SESS_004125,2023-06-05,3,799,2397,Completed
ORD_001887,CUST_00962,PROD_0041,SESS_004410,2023-08-05,5,799,3995,Processing
ORD_003429,CUST_00262,PROD_0009,NULL,2023-09-10,1,3499,3499,Completed
ORD_001787,CUST_00241,PROD_0001,SESS_001471,2023-08-26,5,1199,5995,Refunded
ORD_001591,CUST_00601,PROD_0025,SESS_001497,2023-12-27,5,3299,16495,Processing
ORD_001450,CUST_00365,PROD_0039,SESS_001126,2023-09-20,1,229,229,Processing
ORD_002182,CUST_00600,PROD_0034,SESS_001739,2023-05-21,2,899.99,1800,Cancelled
ORD_000383,CUST_00006,PROD_0007,NULL,2023-08-26,1,2498,2498,Completed
ORD_001474,CUST_00726,PROD_0040,NULL,2023-04-20,2,199.99,400,Completed
ORD_002070,CUST_00373,PROD_0035,SESS_001351,2023-11-29,1,399.99,400,Completed
ORD_002008,CUST_00700,PROD_0001,SESS_000578,2023-07-22,2,1199,2398,Processing
ORD_002653,CUST_999997,PROD_0042,SESS_003785,2023-02-11,1,749.99,750,Refunded
ORD_001122,CUST_00030,PROD_0005,SESS_000750,2023-03-31,5,999,4995,Completed
ORD_000881,CUST_00418,PROD_0029,SESS_000578,2023-07-19,1,3996.95,3997,Processing
ORD_000722,CUST_00049,PROD_0029,SESS_003921,2023-11-24,2,3996.95,7994,Completed
ORD_000891,CUST_00504,PROD_0029,SESS_001350,2023-11-06,2,3996.95,7994,Completed
ORD_003452,CUST_00747,PROD_0030,NULL,2023-10-22,3,759,2277,Completed
ORD_002426,CUST_00272,PROD_0011,SESS_001232,2023-02-27,4,1499,5996,Refunded
ORD_002412,CUST_00804,PROD_0037,SESS_001764,2023-02-03,2,499.99,1000,Processing
ORD_001210,CUST_00602,PROD_0038,NULL,2023-12-10,1,499.99,500,Cancelled
ORD_003144,CUST_00546,PROD_0027,SESS_003782,2023-02-12,1,2498,2498,Cancelled
ORD_003077,CUST_00679,PROD_0026,SESS_003968,2023-05-29,4,599,2396,Cancelled
ORD_001707,CUST_00895,PROD_0003,SESS_001992,2023-04-11,4,1299.99,5200,Cancelled
ORD_001159,CUST_00702,PROD_0006,SESS_001898,2023-07-01,1,799.99,800,Refunded
ORD_002307,CUST_00217,PROD_0030,NULL,2023-09-08,2,759,1518,Cancelled
ORD_000274,CUST_00086,PROD_0030,NULL,2023-03-14,1,759,759,Cancelled
ORD_000172,CUST_00837,PROD_0015,SESS_002614,2023-02-17,4,2699.99,10800,Cancelled
ORD_001511,CUST_00456,PROD_0031,SESS_003356,2023-12-06,4,399.99,1600,Completed
ORD_001716,CUST_00138,PROD_0008,SESS_004153,2023-09-18,1,699,699,Refunded
ORD_000770,CUST_00777,PROD_0002,SESS_004497,2023-05-15,2,799,1598,Processing
ORD_000271,CUST_00391,PROD_0017,SESS_002702,2023-08-08,5,398,1990,Completed
ORD_001726,CUST_00896,PROD_0029,SESS_002770,2023-08-31,3,3996.95,11991,Cancelled
ORD_003469,CUST_00856,PROD_0001,SESS_001188,2023-08-08,2,1199,2398,Completed
ORD_001185,CUST_00542,PROD_0023,NULL,2023-12-23,4,1699.99,6800,Completed
ORD_001565,CUST_00455,PROD_0012,SESS_003303,2023-03-20,4,1399.5,5598,Cancelled
ORD_000844,CUST_00045,PROD_0018,NULL,2023-01-24,1,429,429,Completed
ORD_000405,CUST_00952,PROD_0042,NULL,2023-05-08,3,749.99,2250,Refunded
ORD_003398,CUST_00961,PROD_0003,SESS_000328,2023-10-06,5,1299.99,6500,Processing
ORD_000905,CUST_00155,PROD_0005,SESS_004028,2023-01-16,5,999,4995,Refunded
ORD_000155,CUST_00938,PROD_0014,SESS_003582,2023-07-23,3,1249,3747,Completed
ORD_000862,CUST_00725,PROD_0006,SESS_004266,2023-05-19,4,799.99,3200,Completed
ORD_001548,CUST_00688,PROD_0020,NULL,2023-12-06,1,349.95,350,Completed
ORD_001994,CUST_00370,PROD_0038,SESS_000997,2023-08-27,4,499.99,2000,Refunded
ORD_002081,CUST_00726,PROD_0041,SESS_002770,2023-10-17,4,799,3196,Processing
ORD_001566,CUST_00568,PROD_0021,SESS_004257,2023-08-01,5,229.99,1150,Completed
ORD_001381,CUST_00940,PROD_0006,SESS_004301,2023-09-27,1,799.99,800,Completed
ORD_003412,CUST_00375,PROD_0031,SESS_004820,2023-01-23,4,399.99,1600,Completed
ORD_001125,CUST_00751,PROD_0027,SESS_001795,2023-07-08,5,2498,12490,Refunded
ORD_000019,CUST_00028,PROD_0021,SESS_002994,2023-10-28,1,229.99,230,Refunded
ORD_002646,CUST_00844,PROD_0019,NULL,2023-08-15,5,249,1245,Completed
ORD_001736,CUST_00711,PROD_0021,NULL,2023-08-23,1,229.99,230,Completed
ORD_000582,CUST_00536,PROD_0008,SESS_004683,2023-12-08,1,699,699,Cancelled
ORD_002438,CUST_00289,PROD_0039,NULL,2023-04-21,5,229,1145,Completed
ORD_001114,CUST_00530,PROD_0025,SESS_004838,2023-04-25,5,3299,16495,Refunded
ORD_002647,CUST_00281,PROD_0027,NULL,2023-03-14,3,2498,7494,Completed
ORD_003352,CUST_00708,PROD_0018,SESS_001643,2023-04-24,4,429,1716,Refunded
ORD_000442,CUST_00212,PROD_0006,SESS_003631,2023-06-08,5,799.99,4000,Completed
ORD_002431,CUST_00848,PROD_0008,NULL,2023-04-10,5,699,3495,Completed
ORD_000257,CUST_00638,PROD_0015,SESS_002578,2023-02-22,5,2699.99,13500,Completed
ORD_002301,CUST_00675,PROD_0032,SESS_001416,2023-09-29,5,129,645,Completed
ORD_001479,CUST_00559,PROD_0020,SESS_003619,2023-10-12,2,349.95,700,Processing
ORD_000255,CUST_999993,PROD_0009,SESS_001501,2023-03-27,3,3499,10497,Completed
ORD_000693,CUST_00628,PROD_0014,NULL,2023-09-18,5,1249,6245,Completed
ORD_002270,CUST_00936,PROD_0025,SESS_002130,2023-12-07,1,3299,3299,Cancelled
ORD_002316,CUST_00894,PROD_0029,NULL,2023-02-08,4,3996.95,15988,Cancelled
ORD_002156,CUST_999992,PROD_0041,SESS_002466,2023-03-02,3,799,2397,Completed
ORD_001090,CUST_00314,PROD_0014,NULL,2023-10-20,5,1249,6245,Completed
ORD_001302,CUST_00071,PROD_0009,SESS_003113,2023-09-16,2,3499,6998,Cancelled
ORD_002590,CUST_00767,PROD_0036,SESS_003930,2023-12-20,5,199.99,1000,Cancelled
ORD_003164,CUST_00648,PROD_0016,NULL,2023-09-12,4,1450,5800,Completed
ORD_000304,CUST_00794,PROD_0037,SESS_001105,NULL,4,499.99,2000,Refunded
ORD_001553,CUST_00732,PROD_0029,SESS_002073,2023-07-21,2,3996.95,7994,Cancelled
ORD_003369,CUST_00464,PROD_0028,NULL,2023-11-28,5,2499,12495,Cancelled
ORD_002308,CUST_00989,PROD_0036,NULL,2023-01-29,3,199.99,600,Cancelled
ORD_003475,CUST_00827,PROD_0004,SESS_000401,2023-02-24,2,1799.99,3600,Completed
ORD_003358,CUST_00571,PROD_0012,SESS_000878,2023-04-12,5,1399.5,6998,Completed
ORD_001437,CUST_00598,PROD_0007,SESS_004201,2023-04-04,1,2498,2498,Completed
ORD_003245,CUST_00398,PROD_0028,SESS_002194,2023-02-12,2,2499,4998,Completed
ORD_001180,CUST_00482,PROD_0025,SESS_001969,2023-12-24,2,3299,6598,Completed
ORD_000377,CUST_00010,PROD_0040,NULL,2023-06-16,4,199.99,800,Completed
ORD_001870,CUST_00715,PROD_0002,SESS_003429,2023-04-10,3,799,2397,Completed
ORD_001568,CUST_00273,PROD_0036,SESS_000830,2023-12-25,5,199.99,1000,Processing
ORD_003362,CUST_00602,PROD_0040,SESS_002551,2023-08-20,4,199.99,800,Cancelled
ORD_001835,CUST_00167,PROD_0009,SESS_001269,2023-06-11,3,3499,10497,Cancelled
ORD_001659,CUST_00997,PROD_0017,NULL,2023-05-22,2,398,796,Refunded
ORD_000756,CUST_00200,PROD_0026,SESS_000929,2023-04-17,2,599,1198,Processing
ORD_001970,CUST_00578,PROD_0003,SESS_000709,2023-01-28,2,1299.99,2600,Cancelled
ORD_002340,CUST_00728,PROD_0022,SESS_004178,2023-11-26,1,349.99,350,Processing
ORD_000920,CUST_999997,PROD_0020,NULL,2023-06-05,3,349.95,1050,Cancelled
ORD_000291,CUST_00185,PROD_0036,SESS_004034,2023-03-12,2,199.99,400,Completed
ORD_002237,CUST_00420,PROD_0015,SESS_000316,2023-03-03,3,2699.99,8100,Completed
ORD_000457,CUST_00435,PROD_0042,SESS_000628,2023-09-19,1,749.99,750,Cancelled
ORD_003449,CUST_00601,PROD_0025,SESS_003705,2023-10-21,1,3299,3299,Completed
ORD_002119,CUST_00021,PROD_0025,SESS_002244,2023-05-18,3,3299,9897,Refunded
ORD_001284,CUST_999998,PROD_0020,SESS_001337,2023-12-08,4,349.95,1400,Cancelled
ORD_000730,CUST_00357,PROD_0030,SESS_002996,2023-07-31,2,759,1518,Completed
ORD_000502,CUST_00826,PROD_0013,SESS_000940,2023-11-16,3,1599.99,4800,Cancelled
ORD_003167,CUST_00729,PROD_0017,SESS_004510,2023-06-08,4,398,1592,Cancelled
ORD_000644,CUST_00908,PROD_0018,NULL,2023-05-18,5,429,2145,Cancelled
ORD_000913,CUST_00248,PROD_0011,SESS_003184,2023-11-24,5,1499,7495,Refunded
ORD_000930,CUST_00826,PROD_0007,NULL,2023-10-06,5,2498,12490,Cancelled
ORD_001212,CUST_00134,PROD_0028,SESS_004903,2023-12-24,5,2499,12495,Refunded
ORD_001772,CUST_00977,PROD_0016,SESS_000887,2023-05-16,1,1450,1450,Completed
ORD_002561,CUST_00511,PROD_0024,SESS_003529,2023-12-26,2,2499.99,5000,Completed
ORD_000673,CUST_00195,PROD_0030,SESS_001579,2023-11-28,1,759,759,Completed
ORD_000820,CUST_00153,PROD_0005,NULL,2023-07-03,4,999,3996,Cancelled
ORD_002011,CUST_00421,PROD_0019,SESS_001075,2023-09-11,4,249,996,Processing
ORD_003162,CUST_00530,PROD_0035,SESS_000733,2023-06-27,3,399.99,1200,Processing
ORD_003137,CUST_00128,PROD_0036,SESS_004826,2023-07-03,1,199.99,200,Cancelled
ORD_001520,CUST_00893,PROD_0043,SESS_004682,2023-10-01,2,2199,4398,Cancelled
ORD_000391,CUST_00144,PROD_0001,SESS_001416,2023-08-23,5,1199,5995,Completed
ORD_001465,CUST_00390,PROD_0022,SESS_000606,2023-06-23,3,349.99,1050,Cancelled
ORD_000650,CUST_00139,PROD_0013,SESS_000525,2023-02-11,5,1599.99,8000,Processing
ORD_000330,CUST_00047,PROD_0027,NULL,2023-05-11,5,2498,12490,Completed
ORD_001193,CUST_00174,PROD_0034,SESS_001926,2023-07-20,3,899.99,2700,Refunded
ORD_003057,CUST_00759,PROD_0004,SESS_004393,2023-01-05,2,1799.99,3600,Cancelled
ORD_003224,CUST_00711,PROD_0023,SESS_004855,2023-06-19,5,1699.99,8500,Cancelled
ORD_002265,CUST_00068,PROD_0024,SESS_004142,2023-04-28,1,2499.99,2500,Completed
ORD_000422,CUST_00380,PROD_0025,SESS_000808,2023-12-20,2,3299,6598,Completed
ORD_000244,CUST_00368,PROD_0040,NULL,2023-09-07,1,199.99,200,Refunded
ORD_002624,CUST_00738,PROD_0006,SESS_003789,2023-05-23,5,799.99,4000,Cancelled
ORD_001583,CUST_00917,PROD_0042,SESS_003398,2023-05-13,2,749.99,1500,Completed
ORD_000507,CUST_00277,PROD_0009,SESS_004870,2023-04-15,3,3499,10497,Completed
ORD_003405,CUST_00182,PROD_0014,SESS_000289,2023-09-13,4,1249,4996,Completed
ORD_002406,CUST_00267,PROD_0007,SESS_004713,2023-02-13,2,2498,4996,Completed
ORD_000947,CUST_00450,PROD_0032,SESS_004025,2023-04-06,5,129,645,Cancelled
ORD_000622,CUST_00151,PROD_0027,SESS_001816,2023-05-28,2,2498,4996,Refunded
ORD_002127,CUST_00682,PROD_0027,NULL,2023-07-08,2,2498,4996,Processing
ORD_002548,CUST_00452,PROD_0040,SESS_003387,2023-06-10,1,199.99,200,Cancelled
ORD_001774,CUST_00327,PROD_0021,SESS_002541,2023-08-26,3,229.99,690,Cancelled
ORD_003141,CUST_00043,PROD_0011,SESS_003312,2023-05-05,4,1499,5996,Cancelled
ORD_003011,CUST_00134,PROD_0043,SESS_000039,2023-03-07,4,2199,8796,Completed
ORD_000273,CUST_00684,PROD_0033,SESS_001011,2023-11-18,4,799,3196,Completed
ORD_000348,CUST_00707,PROD_0028,SESS_004776,2023-10-06,5,2499,12495,Completed
ORD_000798,CUST_00114,PROD_0014,NULL,2023-09-30,4,1249,4996,Cancelled
ORD_002382,CUST_00725,PROD_0023,SESS_002198,2023-06-11,4,1699.99,6800,Refunded
ORD_002830,CUST_00891,PROD_0031,SESS_002206,2023-09-18,1,399.99,400,Refunded
ORD_002913,CUST_00166,PROD_0025,SESS_004618,NULL,5,3299,16495,Completed
ORD_001491,CUST_00049,PROD_0012,NULL,2023-01-20,4,1399.5,5598,Completed
ORD_001078,CUST_00447,PROD_0021,SESS_001213,2023-10-21,4,229.99,920,Cancelled
ORD_000921,CUST_00814,PROD_0030,SESS_002805,2023-11-21,5,759,3795,Cancelled
ORD_000538,CUST_00614,PROD_0032,SESS_001310,2023-02-03,5,129,645,Completed
ORD_000313,CUST_00565,PROD_0034,SESS_004371,NULL,5,899.99,4500,Processing
ORD_002415,CUST_00674,PROD_0015,NULL,2023-03-02,3,2699.99,8100,Cancelled
ORD_000747,CUST_00359,PROD_0038,SESS_004094,2023-01-22,2,499.99,1000,Processing
ORD_000791,CUST_00560,PROD_0001,SESS_004868,2023-02-20,2,1199,2398,Cancelled
ORD_002025,CUST_00166,PROD_0008,SESS_003843,NULL,1,699,699,Processing
ORD_001462,CUST_999999,PROD_0004,SESS_001557,2023-06-13,5,1799.99,9000,Refunded
ORD_002571,CUST_00287,PROD_0006,SESS_003033,2023-11-29,4,799.99,3200,Refunded
ORD_001658,CUST_00994,PROD_0015,SESS_004187,2023-09-22,4,2699.99,10800,Cancelled
ORD_000366,CUST_00854,PROD_0008,SESS_003067,2023-08-18,4,699,2796,Processing
ORD_002055,CUST_00177,PROD_0004,NULL,2023-08-27,2,1799.99,3600,Processing
ORD_002353,CUST_00098,PROD_0007,SESS_001414,2023-10-13,3,2498,7494,Cancelled
ORD_001099,CUST_00124,PROD_0004,SESS_002411,2023-07-29,4,1799.99,7200,Refunded
ORD_000260,CUST_00845,PROD_0038,SESS_002717,2023-08-21,2,499.99,1000,Completed
ORD_002164,CUST_00346,PROD_0025,SESS_003764,2023-07-05,3,3299,9897,Completed
ORD_000118,CUST_00355,PROD_0018,SESS_001502,2023-11-24,4,429,1716,Refunded
ORD_000381,CUST_999996,PROD_0010,NULL,2023-06-07,4,1299,5196,Cancelled
ORD_000601,CUST_00180,PROD_0028,SESS_003707,2023-04-13,5,2499,12495,Cancelled
ORD_001293,CUST_00539,PROD_0030,SESS_000723,2023-11-19,1,759,759,Completed
ORD_001913,CUST_00654,PROD_0009,SESS_003769,2023-09-20,1,3499,3499,Completed
ORD_000600,CUST_00135,PROD_0034,SESS_002164,2023-09-22,5,899.99,4500,Cancelled
ORD_000046,CUST_00123,PROD_0042,SESS_002338,NULL,3,749.99,2250,Cancelled
ORD_001445,CUST_00983,PROD_0037,SESS_001745,2023-06-13,5,499.99,2500,Processing
ORD_001653,CUST_00642,PROD_0011,SESS_002630,2023-01-15,2,1499,2998,Completed
ORD_002700,CUST_00577,PROD_0032,SESS_003894,2023-08-29,1,129,129,Cancelled
ORD_001902,CUST_00702,PROD_0004,SESS_000244,2023-07-02,4,1799.99,7200,Processing
ORD_001894,CUST_00054,PROD_0018,NULL,2023-12-01,3,429,1287,Completed
ORD_001945,CUST_00358,PROD_0007,SESS_000901,2023-02-11,4,2498,9992,Cancelled
ORD_002407,CUST_00607,PROD_0031,SESS_000232,2023-06-21,4,399.99,1600,Processing
ORD_000267,CUST_00855,PROD_0035,SESS_003610,2023-09-10,1,399.99,400,Cancelled
ORD_000263,CUST_00730,PROD_0039,SESS_002096,2023-08-29,3,229,687,Completed
ORD_001967,CUST_00402,PROD_0006,SESS_004571,2023-08-01,3,799.99,2400,Completed
ORD_001467,CUST_999999,PROD_0015,SESS_001632,2023-04-06,1,2699.99,2700,Completed
ORD_000328,CUST_00837,PROD_0012,NULL,2023-02-18,4,1399.5,5598,Cancelled
ORD_001256,CUST_999994,PROD_0040,SESS_004490,2023-09-18,4,199.99,800,Completed
ORD_001244,CUST_00112,PROD_0008,SESS_001489,2023-03-29,2,699,1398,Completed
ORD_001393,CUST_00473,PROD_0036,SESS_000277,2023-05-26,2,199.99,400,Processing
ORD_000742,CUST_00412,PROD_0011,SESS_001235,2023-10-05,5,1499,7495,Cancelled
ORD_003435,CUST_00031,PROD_0018,NULL,2023-07-22,4,429,1716,Cancelled
ORD_000942,CUST_00852,PROD_0013,NULL,2023-04-24,5,1599.99,8000,Completed
ORD_002950,CUST_00672,PROD_0012,NULL,2023-05-07,5,1399.5,6998,Completed
ORD_000427,CUST_00480,PROD_0018,SESS_004898,2023-11-07,4,429,1716,Cancelled
ORD_002658,CUST_00141,PROD_0005,NULL,2023-08-13,2,999,1998,Processing
ORD_002854,CUST_00979,PROD_0017,SESS_004869,2023-11-06,4,398,1592,Cancelled
ORD_000411,CUST_00429,PROD_0041,SESS_004349,2023-11-19,4,799,3196,Processing
ORD_001066,CUST_00747,PROD_0022,SESS_001383,2023-04-20,1,349.99,350,Refunded
ORD_002714,CUST_00118,PROD_0036,SESS_001722,2023-07-16,5,199.99,1000,Completed
ORD_001803,CUST_00164,PROD_0028,SESS_000745,2023-10-08,3,2499,7497,Completed
ORD_002487,CUST_00666,PROD_0023,SESS_001585,2023-02-08,4,1699.99,6800,Processing
ORD_001231,CUST_00645,PROD_0027,SESS_004723,2023-09-19,2,2498,4996,Completed
ORD_000780,CUST_00230,PROD_0030,SESS_002084,2023-06-01,2,759,1518,Cancelled
ORD_002483,CUST_00638,PROD_0021,SESS_002518,2023-07-09,4,229.99,920,Refunded
ORD_001575,CUST_00493,PROD_0010,SESS_003558,2023-01-15,1,1299,1299,Cancelled
ORD_002800,CUST_00957,PROD_0003,SESS_002353,2023-03-16,4,1299.99,5200,Processing
ORD_000211,CUST_00825,PROD_0039,SESS_004630,2023-07-23,4,229,916,Completed
ORD_002488,CUST_00953,PROD_0018,NULL,2023-05-29,5,429,2145,Cancelled
ORD_001044,CUST_00715,PROD_0021,SESS_003022,2023-08-18,3,229.99,690,Completed
ORD_000137,CUST_00703,PROD_0037,SESS_003175,2023-11-20,1,499.99,500,Cancelled
ORD_000924,CUST_00376,PROD_0035,SESS_004093,2023-02-25,4,399.99,1600,Processing
ORD_003149,CUST_00486,PROD_0023,NULL,2023-10-30,5,1699.99,8500,Completed
ORD_000299,CUST_00952,PROD_0029,SESS_002650,2023-05-24,4,3996.95,15988,Completed
ORD_002675,CUST_00341,PROD_0003,SESS_003097,2023-04-22,5,1299.99,6500,Cancelled
ORD_000858,CUST_00892,PROD_0018,SESS_003074,2023-03-31,2,429,858,Refunded
ORD_002036,CUST_00293,PROD_0043,SESS_002752,2023-11-04,5,2199,10995,Processing
ORD_002259,CUST_00794,PROD_0011,SESS_003897,2023-05-17,1,1499,1499,Processing
ORD_001067,CUST_00324,PROD_0015,SESS_001417,2023-05-17,2,2699.99,5400,Processing
ORD_002925,CUST_00671,PROD_0025,SESS_001658,2023-09-08,5,3299,16495,Processing
ORD_001973,CUST_00142,PROD_0004,SESS_000186,2023-10-21,5,1799.99,9000,Cancelled
ORD_002159,CUST_00510,PROD_0029,SESS_002171,2023-02-10,2,3996.95,7994,Processing
ORD_002100,CUST_00135,PROD_0003,NULL,2023-02-01,1,1299.99,1300,Cancelled
ORD_001500,CUST_00460,PROD_0006,SESS_003150,2023-11-26,3,799.99,2400,Processing
ORD_003216,CUST_00541,PROD_0004,SESS_000992,2023-11-24,5,1799.99,9000,Completed
ORD_001933,CUST_00562,PROD_0030,SESS_002290,2023-03-26,3,759,2277,Completed
ORD_000653,CUST_00906,PROD_0009,SESS_003253,2023-02-23,1,3499,3499,Cancelled
ORD_000171,CUST_00750,PROD_0037,SESS_001933,2023-02-11,1,499.99,500,Cancelled
ORD_002733,CUST_00263,PROD_0016,NULL,2023-11-21,3,1450,4350,Cancelled
ORD_003035,CUST_00352,PROD_0013,SESS_002413,2023-04-10,3,1599.99,4800,Refunded
ORD_003174,CUST_00620,PROD_0027,SESS_001252,2023-09-25,1,2498,2498,Cancelled
ORD_000243,CUST_00588,PROD_0025,NULL,2023-06-03,5,3299,16495,Cancelled
ORD_001796,CUST_00945,PROD_0028,SESS_002094,2023-01-25,4,2499,9996,Completed
ORD_001703,CUST_00599,PROD_0008,SESS_002134,2023-04-08,4,699,2796,Completed
ORD_003354,CUST_00575,PROD_0029,SESS_003632,2023-12-24,4,3996.95,15988,Refunded
ORD_000276,CUST_00445,PROD_0025,SESS_004419,2023-05-18,2,3299,6598,Completed
ORD_001645,CUST_00320,PROD_0030,SESS_000519,2023-09-11,4,759,3036,Cancelled
ORD_002260,CUST_00427,PROD_0025,SESS_003598,2023-03-17,1,3299,3299,Refunded
ORD_001499,CUST_00033,PROD_0006,SESS_003241,2023-08-03,1,799.99,800,Completed
ORD_002757,CUST_00044,PROD_0006,NULL,2023-06-06,4,799.99,3200,Processing
ORD_001699,CUST_00860,PROD_0005,SESS_001998,2023-01-25,4,999,3996,Cancelled
ORD_002236,CUST_00435,PROD_0018,SESS_002826,NULL,5,429,2145,Completed
ORD_002179,CUST_00996,PROD_0026,NULL,2023-10-22,5,599,2995,Cancelled
ORD_002995,CUST_00746,PROD_0029,SESS_000662,2023-02-27,5,3996.95,19985,Cancelled
ORD_001136,CUST_00011,PROD_0012,NULL,2023-07-11,5,1399.5,6998,Completed
ORD_002077,CUST_00803,PROD_0002,NULL,2023-09-11,2,799,1598,Completed
ORD_000008,CUST_00069,PROD_0003,SESS_002853,2023-11-27,2,1299.99,2600,Cancelled
ORD_000852,CUST_00760,PROD_0024,SESS_001828,2023-08-30,5,2499.99,12500,Completed
ORD_000706,CUST_00961,PROD_0009,SESS_001662,2023-06-03,1,3499,3499,Cancelled
ORD_001873,CUST_00110,PROD_0016,SESS_003606,2023-04-08,1,1450,1450,Refunded
ORD_000129,CUST_00438,PROD_0029,NULL,2023-12-22,2,3996.95,7994,Completed
ORD_003183,CUST_00776,PROD_0019,SESS_003675,2023-07-08,3,249,747,Processing
ORD_002106,CUST_00955,PROD_0030,SESS_000172,2023-02-05,4,759,3036,Cancelled
ORD_002241,CUST_999994,PROD_0008,SESS_000164,2023-02-23,1,699,699,Completed
ORD_001987,CUST_00733,PROD_0008,SESS_002966,2023-09-12,3,699,2097,Cancelled
ORD_001582,CUST_00326,PROD_0038,SESS_004398,2023-09-11,3,499.99,1500,Cancelled
ORD_002659,CUST_00876,PROD_0020,NULL,2023-04-25,5,349.95,1750,Completed
ORD_002576,CUST_00345,PROD_0017,SESS_004567,2023-05-28,4,398,1592,Refunded
ORD_001754,CUST_00974,PROD_0006,SESS_004768,2023-01-11,3,799.99,2400,Refunded
ORD_001368,CUST_00419,PROD_0027,SESS_003440,2023-11-21,1,2498,2498,Completed
ORD_000566,CUST_00167,PROD_0021,SESS_004519,2023-06-16,1,229.99,230,Completed
ORD_001959,CUST_00427,PROD_0015,SESS_003295,2023-12-22,2,2699.99,5400,Completed
ORD_000608,CUST_00458,PROD_0012,SESS_000187,2023-02-02,3,1399.5,4198,Refunded
ORD_003466,CUST_00953,PROD_0022,SESS_002426,2023-01-21,1,349.99,350,Cancelled
ORD_002988,CUST_00620,PROD_0041,SESS_000717,2023-10-28,3,799,2397,Completed
ORD_000641,CUST_00526,PROD_0012,SESS_003058,2023-07-26,3,1399.5,4198,Completed
ORD_001271,CUST_00915,PROD_0042,SESS_003490,2023-04-24,3,749.99,2250,Processing
ORD_002779,CUST_00892,PROD_0008,SESS_001987,2023-04-12,1,699,699,Refunded
ORD_000508,CUST_00072,PROD_0033,SESS_002670,2023-07-25,5,799,3995,Processing
ORD_000837,CUST_00127,PROD_0028,SESS_000563,2023-08-01,2,2499,4998,Completed
ORD_001965,CUST_00624,PROD_0036,SESS_002744,2023-01-01,4,199.99,800,Refunded
ORD_001986,CUST_00596,PROD_0024,NULL,2023-05-04,5,2499.99,12500,Completed
ORD_001535,CUST_00857,PROD_0014,NULL,2023-04-08,1,1249,1249,Completed
ORD_000326,CUST_00968,PROD_0024,SESS_001079,2023-04-08,3,2499.99,7500,Completed
ORD_001669,CUST_00731,PROD_0016,SESS_003046,2023-07-26,1,1450,1450,Completed
ORD_002339,CUST_00115,PROD_0037,SESS_003275,2023-06-15,3,499.99,1500,Completed
ORD_002299,CUST_00419,PROD_0016,NULL,2023-01-25,1,1450,1450,Processing
ORD_000936,CUST_999999,PROD_0010,SESS_001161,2023-03-05,1,1299,1299,Completed
ORD_000800,CUST_00083,PROD_0002,SESS_003812,2023-01-03,2,799,1598,Processing
ORD_002238,CUST_00037,PROD_0017,NULL,2023-11-27,2,398,796,Processing
ORD_001134,CUST_00524,PROD_0011,SESS_002733,2023-09-15,3,1499,4497,Completed
ORD_000083,CUST_00042,PROD_0033,SESS_000822,2023-01-04,2,799,1598,Processing
ORD_000476,CUST_00396,PROD_0017,SESS_003076,NULL,5,398,1990,Cancelled
ORD_000785,CUST_00642,PROD_0023,NULL,2023-04-29,2,1699.99,3400,Completed
ORD_001379,CUST_00088,PROD_0033,SESS_004765,2023-11-27,5,799,3995,Processing
ORD_001269,CUST_00292,PROD_0013,NULL,2023-10-11,3,1599.99,4800,Cancelled
ORD_000865,CUST_00260,PROD_0043,NULL,2023-11-28,1,2199,2199,Completed
ORD_000043,CUST_00100,PROD_0030,SESS_004338,2023-04-07,3,759,2277,Completed
ORD_000847,CUST_00412,PROD_0002,NULL,2023-01-12,1,799,799,Completed
ORD_003310,CUST_00492,PROD_0022,SESS_004459,2023-09-06,1,349.99,350,Processing
ORD_001915,CUST_00981,PROD_0009,NULL,2023-02-27,4,3499,13996,Cancelled
ORD_002816,CUST_00207,PROD_0036,SESS_004656,2023-11-05,4,199.99,800,Cancelled
ORD_000616,CUST_00241,PROD_0033,SESS_004420,2023-07-22,1,799,799,Completed
ORD_002903,CUST_00040,PROD_0021,SESS_000997,2023-02-19,4,229.99,920,Cancelled
ORD_000372,CUST_00795,PROD_0002,SESS_003674,2023-10-18,2,799,1598,Completed
ORD_002157,CUST_00014,PROD_0038,SESS_000330,2023-11-14,2,499.99,1000,Refunded
ORD_000610,CUST_00578,PROD_0017,SESS_001020,2023-12-25,5,398,1990,Cancelled
ORD_000556,CUST_00692,PROD_0024,NULL,2023-04-28,3,2499.99,7500,Cancelled
ORD_002543,CUST_00846,PROD_0028,SESS_000769,2023-04-21,2,2499,4998,Processing
ORD_001334,CUST_00384,PROD_0010,SESS_004171,2023-06-11,2,1299,2598,Cancelled
ORD_000681,CUST_00019,PROD_0029,SESS_004920,2023-03-15,4,3996.95,15988,Completed
ORD_001580,CUST_00057,PROD_0007,SESS_003703,2023-06-21,3,2498,7494,Cancelled
ORD_001824,CUST_00639,PROD_0008,SESS_004702,2023-12-22,5,699,3495,Cancelled
ORD_001735,CUST_00640,PROD_0040,SESS_000781,2023-08-27,3,199.99,600,Cancelled
ORD_002365,CUST_00403,PROD_0024,SESS_004307,2023-12-03,4,2499.99,10000,Cancelled
ORD_003214,CUST_00444,PROD_0024,SESS_000315,2023-04-09,1,2499.99,2500,Cancelled
ORD_003053,CUST_999995,PROD_0020,SESS_004936,2023-07-01,5,349.95,1750,Refunded
ORD_001361,CUST_00511,PROD_0007,SESS_003029,2023-04-28,2,2498,4996,Cancelled
ORD_000912,CUST_00731,PROD_0010,SESS_002997,2023-05-13,2,1299,2598,Completed
ORD_002444,CUST_00839,PROD_0012,SESS_004586,2023-10-28,4,1399.5,5598,Completed
ORD_000710,CUST_00595,PROD_0003,SESS_001934,2023-07-03,3,1299.99,3900,Completed
ORD_002015,CUST_00783,PROD_0015,NULL,2023-03-07,1,2699.99,2700,Completed
ORD_001486,CUST_00468,PROD_0031,SESS_004617,2023-03-22,1,399.99,400,Processing
ORD_003176,CUST_00550,PROD_0022,SESS_003039,2023-04-16,1,349.99,350,Cancelled
ORD_002709,CUST_00112,PROD_0015,SESS_001335,2023-06-19,4,2699.99,10800,Completed
ORD_000965,CUST_00688,PROD_0032,SESS_001436,2023-07-10,3,129,387,Completed
ORD_002747,CUST_00713,PROD_0004,NULL,2023-08-17,1,1799.99,1800,Cancelled
ORD_001424,CUST_00906,PROD_0018,SESS_002050,2023-01-17,5,429,2145,Completed
ORD_000123,CUST_00931,PROD_0025,SESS_002299,2023-04-12,1,3299,3299,Processing
ORD_000480,CUST_00220,PROD_0039,NULL,2023-08-23,1,229,229,Cancelled
ORD_000663,CUST_00703,PROD_0029,NULL,2023-01-05,4,3996.95,15988,Processing
ORD_003392,CUST_00981,PROD_0021,SESS_003881,2023-12-31,2,229.99,460,Processing
ORD_002342,CUST_00189,PROD_0041,SESS_004807,2023-04-13,3,799,2397,Cancelled
ORD_003473,CUST_00820,PROD_0036,NULL,2023-11-06,4,199.99,800,Cancelled
ORD_000164,CUST_00147,PROD_0022,SESS_004022,2023-07-12,2,349.99,700,Cancelled
ORD_002989,CUST_00774,PROD_0002,NULL,2023-02-15,5,799,3995,Completed
ORD_003381,CUST_00518,PROD_0005,SESS_003118,2023-07-21,3,999,2997,Cancelled
ORD_002777,CUST_00164,PROD_0039,SESS_003081,2023-10-05,4,229,916,Processing
ORD_000440,CUST_00744,PROD_0006,NULL,2023-09-09,2,799.99,1600,Cancelled
ORD_001380,CUST_00131,PROD_0043,SESS_001217,2023-06-17,1,2199,2199,Completed
ORD_002896,CUST_00383,PROD_0033,SESS_000392,2023-04-03,5,799,3995,Completed
ORD_002687,CUST_00796,PROD_0019,SESS_001424,2023-04-19,4,249,996,Cancelled
ORD_002254,CUST_00450,PROD_0035,SESS_000768,2023-04-24,1,399.99,400,Cancelled
ORD_003094,CUST_00215,PROD_0009,SESS_002341,2023-08-11,4,3499,13996,Completed
ORD_001444,CUST_00982,PROD_0024,SESS_000454,2023-09-11,4,2499.99,10000,Cancelled
ORD_001709,CUST_00290,PROD_0041,NULL,2023-11-11,4,799,3196,Refunded
ORD_000036,CUST_00002,PROD_0022,SESS_002323,2023-06-04,3,349.99,1050,Completed
ORD_001478,CUST_00324,PROD_0024,SESS_001975,2023-07-26,1,2499.99,2500,Processing
ORD_001174,CUST_999998,PROD_0035,NULL,2023-01-21,4,399.99,1600,Cancelled
ORD_000332,CUST_999995,PROD_0020,SESS_004823,2023-06-01,4,349.95,1400,Completed
ORD_002362,CUST_00020,PROD_0014,SESS_003938,2023-05-06,5,1249,6245,Completed
ORD_001152,CUST_00318,PROD_0018,SESS_000260,2023-12-01,5,429,2145,Completed
ORD_000674,CUST_00864,PROD_0016,SESS_002948,2023-07-07,1,1450,1450,Completed
ORD_001752,CUST_00010,PROD_0033,SESS_000278,2023-03-30,4,799,3196,Completed
ORD_001893,CUST_00806,PROD_0038,SESS_001287,2023-09-08,4,499.99,2000,Processing
ORD_002894,CUST_00470,PROD_0010,SESS_004594,2023-01-25,1,1299,1299,Processing
ORD_002670,CUST_00730,PROD_0008,SESS_000234,2023-10-29,5,699,3495,Refunded
ORD_002965,CUST_00938,PROD_0001,SESS_003821,2023-07-06,1,1199,1199,Completed
ORD_000871,CUST_00134,PROD_0021,SESS_004258,2023-02-04,2,229.99,460,Completed
ORD_002173,CUST_00430,PROD_0004,SESS_000287,2023-11-29,4,1799.99,7200,Cancelled
ORD_003228,CUST_00384,PROD_0016,SESS_001202,2023-02-18,4,1450,5800,Refunded
ORD_002661,CUST_00613,PROD_0025,SESS_004152,2023-11-07,2,3299,6598,Completed
ORD_002572,CUST_00242,PROD_0018,NULL,2023-03-09,4,429,1716,Completed
ORD_000527,CUST_00085,PROD_0018,NULL,2023-04-14,1,429,429,Cancelled
ORD_003266,CUST_999998,PROD_0041,SESS_000135,2023-07-14,1,799,799,Processing
ORD_001102,CUST_00683,PROD_0021,SESS_004954,2023-02-26,4,229.99,920,Completed
ORD_000569,CUST_00695,PROD_0012,SESS_001475,2023-09-29,2,1399.5,2799,Processing
ORD_001695,CUST_00947,PROD_0020,SESS_000569,NULL,5,349.95,1750,Cancelled
ORD_003403,CUST_00113,PROD_0017,SESS_000901,2023-03-31,1,398,398,Completed
ORD_000923,CUST_00404,PROD_0023,SESS_004934,2023-09-13,5,1699.99,8500,Completed
ORD_002038,CUST_00171,PROD_0034,SESS_000886,2023-12-24,5,899.99,4500,Completed
ORD_001459,CUST_00987,PROD_0012,SESS_003524,2023-01-21,4,1399.5,5598,Completed
ORD_003408,CUST_00922,PROD_0036,SESS_001912,2023-02-12,2,199.99,400,Completed
ORD_000578,CUST_00968,PROD_0024,SESS_003742,2023-05-23,4,2499.99,10000,Refunded
ORD_000060,CUST_00302,PROD_0001,SESS_001312,2023-03-20,4,1199,4796,Cancelled
ORD_003111,CUST_00133,PROD_0040,SESS_001647,2023-01-14,4,199.99,800,Completed
ORD_000788,CUST_00201,PROD_0008,NULL,2023-11-11,4,699,2796,Cancelled
ORD_001712,CUST_00277,PROD_0019,NULL,2023-12-04,5,249,1245,Completed
ORD_002553,CUST_00447,PROD_0010,NULL,2023-04-23,5,1299,6495,Refunded
ORD_003430,CUST_00298,PROD_0036,NULL,2023-01-19,4,199.99,800,Cancelled
ORD_000522,CUST_00366,PROD_0014,SESS_001489,2023-01-08,3,1249,3747,Completed
ORD_000201,CUST_00145,PROD_0021,SESS_003104,2023-12-12,2,229.99,460,Completed
ORD_000588,CUST_01000,PROD_0024,SESS_001973,2023-04-17,3,2499.99,7500,Completed
ORD_003145,CUST_00526,PROD_0035,SESS_004751,2023-07-01,1,399.99,400,Refunded
ORD_001448,CUST_00363,PROD_0043,SESS_000587,2023-08-22,5,2199,10995,Cancelled
ORD_001498,CUST_00970,PROD_0020,SESS_000383,2023-07-21,4,349.95,1400,Cancelled
ORD_003232,CUST_00920,PROD_0008,SESS_003508,2023-01-26,1,699,699,Completed
ORD_002210,CUST_00142,PROD_0003,SESS_002025,2023-07-02,1,1299.99,1300,Cancelled
ORD_000336,CUST_00130,PROD_0041,SESS_000581,2023-09-20,4,799,3196,Processing
ORD_001577,CUST_00421,PROD_0022,NULL,NULL,5,349.99,1750,Refunded
ORD_001307,CUST_00164,PROD_0037,SESS_000322,2023-10-05,1,499.99,500,Completed
ORD_002411,CUST_00525,PROD_0006,SESS_001325,2023-07-02,3,799.99,2400,Completed
ORD_002802,CUST_00573,PROD_0012,SESS_003908,2023-05-14,4,1399.5,5598,Processing
ORD_000468,CUST_00590,PROD_0026,NULL,2023-01-25,4,599,2396,Processing
ORD_000185,CUST_00280,PROD_0041,SESS_001961,2023-11-03,4,799,3196,Cancelled
ORD_001261,CUST_00978,PROD_0024,NULL,2023-06-02,2,2499.99,5000,Refunded
ORD_001270,CUST_00357,PROD_0009,NULL,2023-09-16,4,3499,13996,Completed
ORD_000421,CUST_00399,PROD_0021,NULL,2023-06-13,3,229.99,690,Completed
ORD_002351,CUST_00833,PROD_0028,SESS_000053,2023-10-01,1,2499,2499,Refunded
ORD_000554,CUST_00329,PROD_0010,SESS_002486,2023-09-30,1,1299,1299,Refunded
ORD_001385,CUST_00166,PROD_0036,NULL,2023-02-08,5,199.99,1000,Cancelled
ORD_001016,CUST_00615,PROD_0039,NULL,2023-03-21,5,229,1145,Cancelled
ORD_000845,CUST_00965,PROD_0001,NULL,2023-01-08,2,1199,2398,Refunded
ORD_001761,CUST_00774,PROD_0030,NULL,2023-04-24,3,759,2277,Completed
ORD_000808,CUST_00425,PROD_0036,SESS_004449,2023-08-16,2,199.99,400,Processing
ORD_000298,CUST_00657,PROD_0021,NULL,2023-11-08,4,229.99,920,Refunded
ORD_000444,CUST_00581,PROD_0035,SESS_004757,2023-07-13,4,399.99,1600,Cancelled
ORD_000778,CUST_00281,PROD_0026,SESS_000353,2023-09-17,3,599,1797,Completed
ORD_001120,CUST_00262,PROD_0010,NULL,2023-04-01,5,1299,6495,Completed
ORD_001620,CUST_999994,PROD_0032,SESS_004434,2023-09-24,3,129,387,Completed
ORD_002078,CUST_00286,PROD_0004,SESS_004762,2023-08-24,4,1799.99,7200,Refunded
ORD_002742,CUST_00183,PROD_0038,SESS_002490,2023-02-01,2,499.99,1000,Cancelled
ORD_001922,CUST_00039,PROD_0039,NULL,2023-03-26,2,229,458,Processing
ORD_000656,CUST_00186,PROD_0024,SESS_004169,2023-06-15,4,2499.99,10000,Refunded
ORD_003010,CUST_00136,PROD_0006,SESS_000697,NULL,4,799.99,3200,Processing
ORD_002230,CUST_00336,PROD_0011,SESS_004414,2023-05-30,2,1499,2998,Cancelled
ORD_002929,CUST_00799,PROD_0022,SESS_003549,2023-09-16,2,349.99,700,Cancelled
ORD_002843,CUST_00382,PROD_0002,SESS_000992,2023-03-09,4,799,3196,Cancelled
ORD_002538,CUST_00689,PROD_0016,SESS_003561,2023-07-29,3,1450,4350,Cancelled
ORD_000012,CUST_00796,PROD_0028,SESS_002383,2023-07-03,3,2499,7497,Processing
ORD_003267,CUST_00371,PROD_0033,SESS_002942,2023-03-18,3,799,2397,Cancelled
ORD_002541,CUST_00073,PROD_0035,SESS_001269,2023-02-16,5,399.99,2000,Completed
ORD_001195,CUST_00505,PROD_0041,SESS_003445,2023-08-29,5,799,3995,Completed
ORD_000818,CUST_00500,PROD_0037,SESS_003892,2023-12-20,2,499.99,1000,Processing
ORD_003368,CUST_00501,PROD_0033,SESS_003490,2023-01-21,2,799,1598,Refunded
ORD_002458,CUST_00298,PROD_0002,SESS_000892,2023-05-27,1,799,799,Refunded
ORD_002579,CUST_00284,PROD_0020,SESS_004757,2023-06-14,4,349.95,1400,Cancelled
ORD_001132,CUST_00123,PROD_0005,NULL,2023-06-28,4,999,3996,Completed
ORD_001642,CUST_00218,PROD_0030,SESS_003349,2023-04-05,1,759,759,Refunded
ORD_001410,CUST_00111,PROD_0041,SESS_001422,2023-01-25,4,799,3196,Completed
ORD_002759,CUST_00462,PROD_0011,SESS_001611,2023-03-28,5,1499,7495,Refunded
ORD_002666,CUST_00220,PROD_0025,SESS_004625,2023-10-27,1,3299,3299,Completed
ORD_003439,CUST_00201,PROD_0037,SESS_001645,2023-11-21,2,499.99,1000,Refunded
ORD_000559,CUST_00574,PROD_0019,NULL,2023-01-28,2,249,498,Completed
ORD_000321,CUST_00539,PROD_0042,SESS_003505,2023-04-30,2,749.99,1500,Cancelled
ORD_003040,CUST_00201,PROD_0014,SESS_000004,2023-12-21,3,1249,3747,Completed
ORD_001372,CUST_00241,PROD_0004,SESS_000333,2023-10-31,5,1799.99,9000,Completed
ORD_003297,CUST_00373,PROD_0019,SESS_004203,2023-06-27,3,249,747,Processing
ORD_002655,CUST_00578,PROD_0003,SESS_002432,2023-12-07,1,1299.99,1300,Completed
ORD_000908,CUST_00808,PROD_0014,SESS_003124,2023-07-28,5,1249,6245,Completed
ORD_000306,CUST_00816,PROD_0040,SESS_002673,2023-12-20,4,199.99,800,Processing
ORD_001434,CUST_00481,PROD_0019,NULL,2023-08-14,4,249,996,Completed
ORD_003399,CUST_00333,PROD_0031,SESS_003954,2023-10-17,5,399.99,2000,Completed
ORD_002052,CUST_00849,PROD_0007,SESS_004501,2023-12-15,5,2498,12490,Cancelled
ORD_000341,CUST_00737,PROD_0011,NULL,2023-06-06,3,1499,4497,Completed
ORD_000887,CUST_00860,PROD_0024,SESS_004741,2023-12-04,4,2499.99,10000,Completed
ORD_000907,CUST_00832,PROD_0017,SESS_004941,2023-07-06,1,398,398,Completed
ORD_002177,CUST_00412,PROD_0041,SESS_002960,2023-12-06,3,799,2397,Completed
ORD_003160,CUST_999999,PROD_0033,SESS_000735,2023-11-11,5,799,3995,Completed
ORD_003179,CUST_00655,PROD_0008,NULL,2023-06-20,2,699,1398,Cancelled
ORD_000927,CUST_00492,PROD_0018,SESS_004132,2023-12-23,2,429,858,Processing
ORD_000245,CUST_00744,PROD_0030,NULL,2023-05-12,1,759,759,Completed
ORD_002471,CUST_00150,PROD_0024,SESS_000465,2023-02-04,2,2499.99,5000,Refunded
ORD_003374,CUST_00140,PROD_0017,SESS_004210,2023-08-31,5,398,1990,Completed
ORD_000016,CUST_00103,PROD_0010,SESS_004560,2023-04-15,3,1299,3897,Cancelled
ORD_000144,CUST_00642,PROD_0003,SESS_004884,2023-02-26,3,1299.99,3900,Cancelled
ORD_001888,CUST_00469,PROD_0028,SESS_001418,2023-09-04,1,2499,2499,Completed
ORD_002364,CUST_00909,PROD_0009,SESS_004031,2023-08-14,2,3499,6998,Cancelled
ORD_002242,CUST_00827,PROD_0032,SESS_002906,2023-12-18,2,129,258,Processing
ORD_000130,CUST_00687,PROD_0043,SESS_002220,2023-06-07,1,2199,2199,Cancelled
ORD_001162,CUST_00712,PROD_0039,NULL,2023-06-01,1,229,229,Refunded
ORD_001858,CUST_00850,PROD_0037,SESS_000460,2023-04-20,4,499.99,2000,Cancelled
ORD_000288,CUST_00394,PROD_0023,SESS_004399,2023-01-21,2,1699.99,3400,Completed
ORD_001205,CUST_00427,PROD_0031,SESS_002238,2023-01-28,5,399.99,2000,Cancelled
ORD_003454,CUST_00375,PROD_0015,SESS_004352,2023-10-27,2,2699.99,5400,Completed
ORD_001363,CUST_00919,PROD_0003,NULL,2023-01-24,2,1299.99,2600,Cancelled
ORD_002463,CUST_00132,PROD_0007,SESS_002726,2023-07-21,1,2498,2498,Processing
ORD_001213,CUST_00664,PROD_0032,SESS_000288,2023-08-27,3,129,387,Cancelled
ORD_001877,CUST_00061,PROD_0038,SESS_004225,2023-09-28,3,499.99,1500,Processing
ORD_003474,CUST_00991,PROD_0008,SESS_003294,NULL,5,699,3495,Completed
ORD_000163,CUST_999995,PROD_0006,SESS_001349,2023-10-30,3,799.99,2400,Refunded
ORD_000384,CUST_00616,PROD_0017,SESS_004372,2023-05-11,3,398,1194,Cancelled
ORD_001183,CUST_00118,PROD_0038,SESS_004935,2023-12-13,1,499.99,500,Refunded
ORD_002526,CUST_00802,PROD_0035,SESS_004050,2023-10-01,3,399.99,1200,Completed
ORD_000490,CUST_00708,PROD_0012,SESS_001735,2023-03-28,2,1399.5,2799,Cancelled
ORD_001171,CUST_00235,PROD_0029,SESS_002436,2023-03-06,2,3996.95,7994,Cancelled
ORD_000580,CUST_00825,PROD_0013,SESS_001133,2023-06-09,4,1599.99,6400,Cancelled
ORD_002183,CUST_00663,PROD_0043,NULL,2023-10-21,1,2199,2199,Cancelled
ORD_001631,CUST_00982,PROD_0003,NULL,2023-04-07,4,1299.99,5200,Cancelled
ORD_002697,CUST_00615,PROD_0035,SESS_004276,2023-11-23,5,399.99,2000,Processing
ORD_001834,CUST_00144,PROD_0039,SESS_004459,2023-02-08,4,229,916,Cancelled
ORD_002637,CUST_00221,PROD_0015,SESS_001305,2023-01-31,1,2699.99,2700,Completed
ORD_001826,CUST_00125,PROD_0029,SESS_004382,2023-09-24,4,3996.95,15988,Refunded
ORD_003372,CUST_00108,PROD_0031,SESS_001970,2023-12-06,5,399.99,2000,Refunded
ORD_003037,CUST_00807,PROD_0041,NULL,2023-08-20,5,799,3995,Completed
ORD_001860,CUST_00649,PROD_0036,SESS_001154,2023-04-29,1,199.99,200,Cancelled
ORD_001978,CUST_00477,PROD_0030,SESS_001555,2023-01-06,5,759,3795,Refunded
ORD_000278,CUST_00298,PROD_0001,NULL,2023-07-01,1,1199,1199,Cancelled
ORD_002686,CUST_00032,PROD_0007,SESS_002186,2023-12-10,4,2498,9992,Refunded
ORD_000916,CUST_00870,PROD_0008,SESS_000624,2023-08-30,5,699,3495,Completed
ORD_001874,CUST_00722,PROD_0040,SESS_000044,2023-01-07,3,199.99,600,Cancelled
ORD_000388,CUST_00148,PROD_0021,SESS_004999,2023-09-26,5,229.99,1150,Completed
ORD_001312,CUST_00298,PROD_0017,SESS_002799,2023-01-09,3,398,1194,Completed
ORD_001033,CUST_00742,PROD_0007,NULL,2023-08-10,4,2498,9992,Cancelled
ORD_000148,CUST_00483,PROD_0009,SESS_002879,2023-01-30,1,3499,3499,Cancelled
ORD_002489,CUST_999993,PROD_0003,SESS_004456,2023-02-09,5,1299.99,6500,Completed
ORD_003407,CUST_00453,PROD_0032,SESS_004283,2023-11-13,5,129,645,Refunded
ORD_002287,CUST_00338,PROD_0011,SESS_000797,2023-08-07,3,1499,4497,Cancelled
ORD_003188,CUST_00925,PROD_0034,SESS_003635,2023-06-13,3,899.99,2700,Refunded
ORD_002630,CUST_00888,PROD_0015,SESS_002773,2023-11-02,1,2699.99,2700,Cancelled
ORD_001574,CUST_00692,PROD_0037,SESS_000307,2023-08-23,4,499.99,2000,Cancelled
ORD_001939,CUST_00467,PROD_0035,NULL,2023-08-18,4,399.99,1600,Completed
ORD_003059,CUST_00701,PROD_0021,NULL,2023-10-09,3,229.99,690,Processing
ORD_000841,CUST_00261,PROD_0008,SESS_002429,2023-03-27,5,699,3495,Cancelled
ORD_000932,CUST_00562,PROD_0013,NULL,2023-05-14,5,1599.99,8000,Completed
ORD_001391,CUST_00432,PROD_0029,SESS_002213,2023-01-18,3,3996.95,11991,Cancelled
ORD_000692,CUST_00824,PROD_0003,SESS_003615,2023-06-09,2,1299.99,2600,Processing
ORD_002582,CUST_00705,PROD_0041,SESS_002272,2023-10-25,1,799,799,Cancelled
ORD_001892,CUST_00661,PROD_0010,SESS_002026,NULL,1,1299,1299,Processing
ORD_002269,CUST_00129,PROD_0007,NULL,2023-08-22,1,2498,2498,Processing
ORD_001910,CUST_00204,PROD_0020,SESS_001662,2023-05-07,1,349.95,350,Processing
ORD_000830,CUST_00659,PROD_0026,SESS_003587,2023-04-23,1,599,599,Cancelled
ORD_002701,CUST_00996,PROD_0024,SESS_002566,2023-12-01,5,2499.99,12500,Processing
ORD_002082,CUST_00126,PROD_0025,SESS_001971,2023-05-28,4,3299,13196,Refunded
ORD_000471,CUST_00906,PROD_0031,SESS_004359,2023-02-27,5,399.99,2000,Cancelled
ORD_001811,CUST_00445,PROD_0042,SESS_001222,2023-09-04,2,749.99,1500,Refunded
ORD_000045,CUST_00784,PROD_0005,SESS_004227,2023-12-30,1,999,999,Completed
ORD_003102,CUST_00605,PROD_0036,SESS_003347,2023-10-17,5,199.99,1000,Completed
ORD_000950,CUST_00182,PROD_0032,NULL,2023-10-30,3,129,387,Refunded
ORD_003013,CUST_00687,PROD_0035,SESS_002548,2023-03-23,5,399.99,2000,Completed
ORD_000224,CUST_00403,PROD_0041,NULL,2023-12-04,1,799,799,Cancelled
ORD_002966,CUST_00268,PROD_0018,NULL,2023-06-05,4,429,1716,Refunded
ORD_001188,CUST_00732,PROD_0026,NULL,2023-12-01,2,599,1198,Processing
ORD_000831,CUST_00474,PROD_0001,SESS_003375,2023-09-25,1,1199,1199,Refunded
ORD_000838,CUST_00027,PROD_0017,SESS_002410,2023-07-18,4,398,1592,Refunded
ORD_002329,CUST_00293,PROD_0017,SESS_003263,2023-05-22,3,398,1194,Completed
ORD_001684,CUST_00328,PROD_0028,SESS_003083,2023-05-10,3,2499,7497,Completed
ORD_000285,CUST_00293,PROD_0041,SESS_003260,2023-01-07,1,799,799,Completed
ORD_003060,CUST_00929,PROD_0022,SESS_003681,2023-08-16,5,349.99,1750,Cancelled
ORD_003383,CUST_00962,PROD_0030,SESS_000761,2023-04-19,2,759,1518,Processing
ORD_002075,CUST_00708,PROD_0026,SESS_002128,2023-11-24,4,599,2396,Processing
ORD_002213,CUST_00406,PROD_0043,NULL,2023-04-12,1,2199,2199,Completed
ORD_000064,CUST_00171,PROD_0006,SESS_001399,2023-12-21,4,799.99,3200,Processing
ORD_003093,CUST_00971,PROD_0015,SESS_003179,2023-07-15,2,2699.99,5400,Completed
ORD_000618,CUST_00479,PROD_0013,SESS_004406,2023-07-28,3,1599.99,4800,Completed
ORD_000461,CUST_00602,PROD_0027,SESS_000714,2023-06-28,1,2498,2498,Refunded
ORD_001460,CUST_00432,PROD_0031,SESS_003385,2023-05-26,2,399.99,800,Cancelled
ORD_000228,CUST_00611,PROD_0025,SESS_003721,2023-02-17,4,3299,13196,Refunded
ORD_000195,CUST_00281,PROD_0010,SESS_003350,2023-07-21,3,1299,3897,Processing
ORD_002845,CUST_00265,PROD_0028,SESS_003182,2023-02-19,3,2499,7497,Processing
ORD_003365,CUST_00790,PROD_0003,NULL,2023-06-30,3,1299.99,3900,Completed
ORD_001405,CUST_00421,PROD_0041,SESS_004062,2023-08-18,4,799,3196,Refunded
ORD_003196,CUST_00462,PROD_0002,SESS_001139,2023-07-05,3,799,2397,Completed
ORD_003252,CUST_00454,PROD_0006,NULL,2023-05-14,4,799.99,3200,Cancelled
ORD_002029,CUST_00779,PROD_0002,SESS_000583,2023-07-04,4,799,3196,Refunded
ORD_000970,CUST_00492,PROD_0016,SESS_001651,2023-02-16,3,1450,4350,Completed
ORD_001806,CUST_999991,PROD_0036,SESS_003208,2023-06-09,1,199.99,200,Cancelled
ORD_002448,CUST_999991,PROD_0041,NULL,2023-05-06,2,799,1598,Completed
ORD_000926,CUST_00287,PROD_0035,NULL,2023-01-18,2,399.99,800,Refunded
ORD_003247,CUST_00868,PROD_0023,SESS_003735,2023-12-22,2,1699.99,3400,Completed
ORD_001885,CUST_00690,PROD_0012,NULL,2023-12-05,2,1399.5,2799,Processing
ORD_000630,CUST_00970,PROD_0034,SESS_004913,2023-03-31,4,899.99,3600,Completed
ORD_002844,CUST_00597,PROD_0021,NULL,NULL,5,229.99,1150,Completed
ORD_002852,CUST_00992,PROD_0031,SESS_002307,2023-08-10,5,399.99,2000,Completed
ORD_000720,CUST_00504,PROD_0017,SESS_000078,2023-06-23,4,398,1592,Processing
ORD_000090,CUST_00902,PROD_0023,SESS_001134,2023-08-03,2,1699.99,3400,Cancelled
ORD_001861,CUST_00688,PROD_0037,SESS_002043,2023-05-05,5,499.99,2500,Processing
ORD_000520,CUST_00954,PROD_0041,SESS_003464,2023-03-29,2,799,1598,Refunded
ORD_003029,CUST_00066,PROD_0001,SESS_001544,2023-10-28,1,1199,1199,Completed
ORD_001828,CUST_00071,PROD_0003,SESS_002597,2023-06-04,4,1299.99,5200,Cancelled
ORD_000376,CUST_00972,PROD_0024,SESS_004419,2023-09-16,4,2499.99,10000,Cancelled
ORD_000465,CUST_00702,PROD_0013,SESS_000201,2023-10-20,3,1599.99,4800,Cancelled
ORD_000253,CUST_00718,PROD_0006,SESS_001986,2023-02-28,1,799.99,800,Completed
ORD_001087,CUST_00324,PROD_0015,SESS_002297,2023-07-13,4,2699.99,10800,Cancelled
ORD_000017,CUST_00475,PROD_0006,SESS_001077,2023-03-11,1,799.99,800,Refunded
ORD_001790,CUST_00312,PROD_0022,SESS_003102,2023-05-18,5,349.99,1750,Completed
ORD_000141,CUST_00231,PROD_0024,SESS_003308,2023-08-12,4,2499.99,10000,Processing
ORD_002060,CUST_00479,PROD_0033,NULL,2023-11-20,2,799,1598,Cancelled
ORD_000892,CUST_00413,PROD_0026,SESS_000165,2023-07-03,2,599,1198,Cancelled
ORD_000575,CUST_00778,PROD_0034,SESS_003282,2023-11-09,5,899.99,4500,Cancelled
ORD_001911,CUST_00752,PROD_0036,SESS_003962,2023-12-02,1,199.99,200,Completed
ORD_001903,CUST_00447,PROD_0031,SESS_001752,2023-10-04,4,399.99,1600,Cancelled
ORD_002751,CUST_00925,PROD_0008,SESS_000963,2023-07-10,2,699,1398,Completed
ORD_003335,CUST_00575,PROD_0038,NULL,2023-06-02,2,499.99,1000,Cancelled
ORD_002120,CUST_00955,PROD_0042,NULL,2023-08-10,5,749.99,3750,Cancelled
ORD_000591,CUST_00283,PROD_0027,NULL,2023-12-14,4,2498,9992,Cancelled
ORD_002331,CUST_00195,PROD_0037,SESS_000059,2023-10-16,4,499.99,2000,Completed
ORD_000827,CUST_00141,PROD_0041,SESS_002239,2023-05-06,1,799,799,Processing
ORD_002690,CUST_00524,PROD_0004,SESS_000118,2023-12-14,2,1799.99,3600,Cancelled
ORD_001782,CUST_00902,PROD_0023,SESS_000606,2023-01-19,1,1699.99,1700,Processing
ORD_003047,CUST_00862,PROD_0040,NULL,2023-05-12,5,199.99,1000,Processing
ORD_001924,CUST_00366,PROD_0002,NULL,2023-08-10,2,799,1598,Cancelled
ORD_001357,CUST_00863,PROD_0005,NULL,2023-04-15,3,999,2997,Cancelled
ORD_000076,CUST_00057,PROD_0024,NULL,2023-05-06,1,2499.99,2500,Cancelled
ORD_002346,CUST_00238,PROD_0041,SESS_003326,2023-04-27,4,799,3196,Completed
ORD_002352,CUST_00481,PROD_0030,SESS_000713,2023-02-02,2,759,1518,Cancelled
ORD_000239,CUST_00945,PROD_0008,SESS_004483,2023-05-09,4,699,2796,Completed
ORD_000431,CUST_00328,PROD_0026,SESS_002051,2023-06-12,4,599,2396,Cancelled
ORD_000491,CUST_999998,PROD_0030,NULL,2023-09-04,1,759,759,Completed
ORD_001388,CUST_00807,PROD_0041,SESS_000346,2023-10-17,3,799,2397,Processing
ORD_000953,CUST_00526,PROD_0015,SESS_001637,2023-06-24,3,2699.99,8100,Processing
ORD_002310,CUST_00177,PROD_0040,SESS_001327,2023-08-07,3,199.99,600,Completed
ORD_002704,CUST_00375,PROD_0006,SESS_004575,2023-11-25,1,799.99,800,Completed
ORD_001882,CUST_00373,PROD_0013,NULL,2023-09-10,5,1599.99,8000,Cancelled
ORD_000187,CUST_00816,PROD_0020,SESS_001226,2023-06-26,2,349.95,700,Cancelled
ORD_001013,CUST_00276,PROD_0023,SESS_000338,2023-11-18,3,1699.99,5100,Refunded
ORD_000483,CUST_00330,PROD_0034,SESS_003470,2023-04-02,1,899.99,900,Processing
ORD_001554,CUST_00693,PROD_0016,SESS_003761,2023-04-09,2,1450,2900,Cancelled
ORD_001779,CUST_00836,PROD_0035,SESS_001437,2023-08-23,5,399.99,2000,Processing
ORD_000784,CUST_00829,PROD_0004,SESS_004121,2023-10-21,3,1799.99,5400,Refunded
ORD_001355,CUST_00931,PROD_0007,SESS_004287,2023-12-25,3,2498,7494,Completed
ORD_003067,CUST_00850,PROD_0020,SESS_001683,2023-11-20,2,349.95,700,Completed
ORD_002102,CUST_00221,PROD_0032,SESS_001101,2023-05-23,1,129,129,Cancelled
ORD_000978,CUST_00515,PROD_0035,SESS_003813,2023-02-26,4,399.99,1600,Cancelled
ORD_000810,CUST_00269,PROD_0020,NULL,2023-05-07,5,349.95,1750,Cancelled
ORD_002169,CUST_00903,PROD_0042,NULL,2023-04-15,2,749.99,1500,Cancelled
ORD_002892,CUST_00784,PROD_0018,SESS_003284,2023-10-25,4,429,1716,Cancelled
ORD_002306,CUST_00134,PROD_0026,SESS_004536,2023-01-16,4,599,2396,Cancelled
ORD_001600,CUST_00826,PROD_0024,SESS_002838,2023-07-30,3,2499.99,7500,Processing
ORD_002942,CUST_00728,PROD_0030,SESS_000449,2023-08-22,2,759,1518,Cancelled
ORD_001472,CUST_00310,PROD_0007,NULL,2023-12-12,5,2498,12490,Refunded
ORD_002551,CUST_00895,PROD_0015,SESS_001220,2023-06-16,3,2699.99,8100,Completed
ORD_002951,CUST_00765,PROD_0021,NULL,2023-10-05,1,229.99,230,Cancelled
ORD_000685,CUST_00572,PROD_0006,SESS_001322,2023-03-07,2,799.99,1600,Processing
