session_id,customer_id,campaign_id,visit_date,device_type,duration_sec,bounced
SESS_000001,CUST_00524,CAMP_04,2023-09-15,Desktop,32,TRUE
SESS_000002,CUST_00756,NULL,2023-05-05,Desktop,167,TRUE
SESS_000003,NULL,NULL,2023-11-25,Desktop,492,FALSE
SESS_000004,CUST_00337,NULL,2023-06-12,Tablet,86,FALSE
SESS_000005,CUST_00769,NULL,2023-06-19,Tablet,501,FALSE
SESS_000006,CUST_00821,CAMP_04,2023-11-08,Mobile,1072,TRUE
SESS_000007,NULL,NULL,2023-04-09,Desktop,294,FALSE
SESS_000008,CUST_00852,CAMP_04,2023-05-01,Desktop,165,FALSE
SESS_000009,CUST_00251,NULL,2023-11-07,Mobile,625,FALSE
SESS_000010,NULL,CAMP_08,2023-02-10,Tablet,820,FALSE
SESS_000011,CUST_00753,NULL,2023-03-21,Mobile,45,TRUE
SESS_000012,CUST_00944,NULL,2023-10-03,Mobile,1137,FALSE
SESS_000013,CUST_00291,NULL,2023-11-07,Mobile,152,FALSE
SESS_000014,NULL,NULL,2023-01-07,Desktop,771,FALSE
SESS_000015,CUST_00383,NULL,2023-06-07,Tablet,0,TRUE
SESS_000016,CUST_00580,NULL,2023-08-12,Tablet,718,FALSE
SESS_000017,CUST_00060,CAMP_07,2023-05-07,Mobile,983,FALSE
SESS_000018,CUST_00029,CAMP_03,2023-05-14,Desktop,937,FALSE
SESS_000019,CUST_00975,CAMP_03,2023-01-07,Desktop,194,FALSE
SESS_000020,CUST_00998,CAMP_09,2023-04-07,Mobile,344,TRUE
SESS_000021,CUST_00546,CAMP_07,2023-10-28,Tablet,847,TRUE
SESS_000022,NULL,CAMP_06,2023-03-15,Tablet,434,TRUE
SESS_000023,NULL,NULL,2023-09-09,Desktop,203,TRUE
SESS_000024,CUST_00296,CAMP_03,2023-04-01,Tablet,386,FALSE
SESS_000025,CUST_00113,NULL,2023-04-19,Mobile,416,FALSE
SESS_000026,NULL,CAMP_07,2023-08-14,Tablet,228,TRUE
SESS_000027,NULL,NULL,2023-02-02,Tablet,65,FALSE
SESS_000028,CUST_00010,NULL,2023-01-04,Tablet,0,FALSE
SESS_000029,CUST_00008,NULL,2023-09-24,Tablet,1000,FALSE
SESS_000030,CUST_00699,CAMP_06,2023-05-03,Tablet,821,TRUE
SESS_000031,CUST_00826,NULL,2023-08-22,Tablet,827,FALSE
SESS_000032,NULL,NULL,2023-09-29,Tablet,514,FALSE
SESS_000033,CUST_00528,NULL,2023-04-07,Desktop,505,TRUE
SESS_000034,CUST_00993,CAMP_06,2023-12-14,Mobile,483,TRUE
SESS_000035,CUST_00357,NULL,2023-09-01,Tablet,210,FALSE
SESS_000036,CUST_00891,CAMP_10,2023-09-16,Desktop,266,FALSE
SESS_000037,CUST_00896,NULL,2023-08-17,Desktop,992,FALSE
SESS_000038,NULL,CAMP_02,2023-02-24,Mobile,64,FALSE
SESS_000039,CUST_00226,CAMP_08,2023-12-10,Desktop,283,FALSE
SESS_000040,NULL,CAMP_04,2023-10-22,Desktop,137,FALSE
SESS_000041,CUST_00743,NULL,2023-11-25,Desktop,899,TRUE
SESS_000042,NULL,NULL,2023-06-24,Tablet,390,TRUE
SESS_000043,NULL,NULL,2023-07-14,Desktop,8,FALSE
SESS_000044,CUST_00434,NULL,2023-07-06,Tablet,263,FALSE
SESS_000045,NULL,NULL,2023-08-24,Tablet,301,FALSE
SESS_000046,CUST_00467,NULL,2023-05-26,Mobile,75,FALSE
SESS_000047,NULL,CAMP_10,2023-09-02,Tablet,446,FALSE
SESS_000048,NULL,CAMP_03,2023-04-18,Tablet,465,FALSE
SESS_000049,CUST_00745,NULL,2023-12-04,Mobile,49,FALSE
SESS_000050,CUST_00357,CAMP_07,2023-02-06,Desktop,584,FALSE
SESS_000051,CUST_00404,NULL,2023-06-15,Desktop,115,FALSE
SESS_000052,CUST_00592,NULL,2023-12-23,Mobile,601,FALSE
SESS_000053,NULL,CAMP_06,2023-10-22,Desktop,307,FALSE
SESS_000054,CUST_00949,NULL,2023-07-02,Mobile,372,TRUE
SESS_000055,CUST_00608,NULL,2023-03-18,Tablet,832,FALSE
SESS_000056,CUST_00705,CAMP_03,2023-12-01,Tablet,773,FALSE
SESS_000057,CUST_00797,NULL,2023-11-29,Mobile,568,TRUE
SESS_000058,NULL,NULL,2023-09-08,Tablet,1048,TRUE
SESS_000059,CUST_00711,CAMP_10,2023-04-03,Mobile,996,TRUE
SESS_000060,CUST_00102,NULL,2024-01-01,Desktop,383,FALSE
SESS_000061,CUST_00550,CAMP_09,2023-09-08,Desktop,1067,FALSE
SESS_000062,NULL,CAMP_02,2023-04-03,Desktop,336,FALSE
SESS_000063,CUST_00126,NULL,2023-10-22,Mobile,335,TRUE
SESS_000064,NULL,NULL,2023-06-02,Tablet,1119,FALSE
SESS_000065,NULL,NULL,2023-09-23,Tablet,1098,FALSE
SESS_000066,CUST_00933,CAMP_06,2023-11-07,Desktop,1050,TRUE
SESS_000067,NULL,NULL,2023-06-03,Mobile,279,TRUE
SESS_000068,NULL,CAMP_07,2023-02-08,Desktop,527,FALSE
SESS_000069,CUST_00086,CAMP_07,2023-12-22,Mobile,1102,TRUE
SESS_000070,CUST_00714,CAMP_06,2023-10-16,Tablet,1052,FALSE
SESS_000071,CUST_00807,NULL,2023-01-14,Desktop,511,TRUE
SESS_000072,CUST_00417,NULL,2023-11-24,Desktop,748,FALSE
SESS_000073,CUST_00232,NULL,2023-02-20,Mobile,460,TRUE
SESS_000074,NULL,CAMP_05,2023-10-29,Mobile,200,TRUE
SESS_000075,CUST_00623,NULL,2023-01-25,Mobile,656,TRUE
SESS_000076,CUST_00695,CAMP_09,2023-10-10,Desktop,829,TRUE
SESS_000077,CUST_00731,NULL,2023-03-06,Mobile,780,FALSE
SESS_000078,CUST_00380,CAMP_04,2023-12-14,Desktop,861,TRUE
SESS_000079,CUST_00515,NULL,2023-08-08,Desktop,473,TRUE
SESS_000080,CUST_00321,CAMP_02,2023-02-09,Tablet,496,TRUE
SESS_000081,NULL,NULL,2023-09-10,Desktop,873,FALSE
SESS_000082,CUST_00528,CAMP_09,2023-12-24,Desktop,589,FALSE
SESS_000083,CUST_00764,NULL,2023-08-06,Tablet,1099,FALSE
SESS_000084,CUST_00943,CAMP_09,2023-12-17,Desktop,91,FALSE
SESS_000085,CUST_00783,CAMP_04,2023-03-31,Desktop,756,TRUE
SESS_000086,CUST_00389,NULL,2023-02-27,Tablet,516,TRUE
SESS_000087,NULL,NULL,2023-05-16,Mobile,9,FALSE
SESS_000088,CUST_00952,CAMP_09,2023-01-19,Mobile,0,FALSE
SESS_000089,CUST_00363,NULL,2023-06-29,Tablet,0,FALSE
SESS_000090,CUST_00087,CAMP_03,2023-07-30,Desktop,175,FALSE
SESS_000091,NULL,NULL,2023-07-11,Tablet,751,TRUE
SESS_000092,NULL,NULL,2023-08-13,Mobile,291,TRUE
SESS_000093,CUST_00727,NULL,2023-04-08,Tablet,87,TRUE
SESS_000094,CUST_00165,CAMP_08,2023-12-07,Tablet,248,FALSE
SESS_000095,CUST_00333,CAMP_07,2023-09-14,Tablet,801,TRUE
SESS_000096,NULL,NULL,2023-01-07,Tablet,489,FALSE
SESS_000097,CUST_00756,NULL,2023-09-03,Tablet,582,FALSE
SESS_000098,CUST_00747,CAMP_04,2023-05-24,Desktop,544,FALSE
SESS_000099,NULL,CAMP_02,2023-12-25,Tablet,1033,TRUE
SESS_000100,CUST_00153,NULL,2023-03-09,Mobile,83,FALSE
SESS_000101,CUST_00632,NULL,2023-01-27,Mobile,839,FALSE
SESS_000102,NULL,NULL,2023-02-01,Desktop,879,TRUE
SESS_000103,CUST_00966,NULL,2023-08-03,Mobile,660,TRUE
SESS_000104,NULL,CAMP_04,2023-05-27,Mobile,578,FALSE
SESS_000105,NULL,NULL,2023-06-21,Tablet,0,TRUE
SESS_000106,CUST_00134,NULL,2023-07-05,Tablet,1088,TRUE
SESS_000107,NULL,NULL,2023-02-24,Mobile,251,FALSE
SESS_000108,CUST_00198,CAMP_02,2023-02-08,Desktop,707,FALSE
SESS_000109,CUST_00158,NULL,2023-04-09,Mobile,1132,TRUE
SESS_000110,CUST_00917,NULL,2023-11-19,Tablet,245,FALSE
SESS_000111,CUST_00976,CAMP_01,2023-03-27,Desktop,566,TRUE
SESS_000112,CUST_00063,CAMP_04,2023-07-23,Mobile,1095,FALSE
SESS_000113,CUST_00522,NULL,2023-07-19,Mobile,0,TRUE
SESS_000114,NULL,CAMP_09,2023-08-22,Desktop,1080,TRUE
SESS_000115,CUST_00566,NULL,2023-04-25,Desktop,0,FALSE
SESS_000116,CUST_00285,CAMP_05,2023-01-27,Tablet,514,TRUE
SESS_000117,NULL,NULL,2023-11-06,Tablet,669,TRUE
SESS_000118,NULL,NULL,2023-11-10,Tablet,669,TRUE
SESS_000119,CUST_00225,CAMP_05,2023-04-01,Tablet,37,TRUE
SESS_000120,NULL,CAMP_07,2023-12-01,Tablet,1133,TRUE
SESS_000121,NULL,CAMP_07,2023-03-21,Mobile,479,FALSE
SESS_000122,CUST_00096,NULL,2023-08-24,Mobile,365,FALSE
SESS_000123,NULL,NULL,2023-06-08,Mobile,368,FALSE
SESS_000124,NULL,NULL,2023-05-06,Mobile,829,FALSE
SESS_000125,CUST_00013,CAMP_07,2023-07-16,Desktop,230,FALSE
SESS_000126,CUST_00136,NULL,2023-02-12,Tablet,297,TRUE
SESS_000127,CUST_00109,CAMP_06,2023-12-29,Desktop,419,FALSE
SESS_000128,CUST_00315,NULL,2023-03-21,Mobile,119,TRUE
SESS_000129,NULL,CAMP_02,2023-10-06,Tablet,215,FALSE
SESS_000130,NULL,NULL,2023-04-27,Mobile,794,FALSE
SESS_000131,CUST_00701,NULL,2023-02-27,Mobile,352,TRUE
SESS_000132,CUST_00631,NULL,2023-07-04,Desktop,93,TRUE
SESS_000133,CUST_00186,CAMP_03,2023-12-08,Tablet,622,TRUE
SESS_000134,NULL,NULL,2023-07-08,Tablet,161,FALSE
SESS_000135,CUST_00151,NULL,2023-07-19,Mobile,984,FALSE
SESS_000136,CUST_00286,NULL,2023-06-15,Mobile,377,FALSE
SESS_000137,CUST_00711,CAMP_10,2023-11-22,Tablet,288,FALSE
SESS_000138,CUST_00563,NULL,2023-10-01,Mobile,1095,TRUE
SESS_000139,CUST_00432,CAMP_04,2023-12-26,Desktop,486,TRUE
SESS_000140,CUST_00486,CAMP_02,2023-01-31,Tablet,744,FALSE
SESS_000141,NULL,NULL,2023-10-10,Mobile,501,FALSE
SESS_000142,NULL,CAMP_03,2023-07-13,Tablet,58,TRUE
SESS_000143,CUST_00679,CAMP_08,2023-11-01,Mobile,66,FALSE
SESS_000144,NULL,CAMP_07,2023-03-18,Mobile,967,FALSE
SESS_000145,CUST_00482,NULL,2023-06-22,Mobile,32,FALSE
SESS_000146,NULL,CAMP_09,2023-03-24,Desktop,816,FALSE
SESS_000147,CUST_00850,NULL,2023-10-20,Desktop,631,FALSE
SESS_000148,NULL,NULL,2023-07-13,Mobile,438,FALSE
SESS_000149,NULL,CAMP_09,2023-11-06,Desktop,964,FALSE
SESS_000150,CUST_00169,NULL,2023-07-10,Tablet,873,TRUE
SESS_000151,CUST_00798,CAMP_01,2023-05-03,Tablet,338,TRUE
SESS_000152,NULL,CAMP_04,2023-10-10,Mobile,71,TRUE
SESS_000153,CUST_00578,CAMP_08,2023-01-24,Desktop,649,TRUE
SESS_000154,CUST_00982,NULL,2023-04-10,Tablet,805,FALSE
SESS_000155,CUST_00340,NULL,2023-09-15,Desktop,1033,TRUE
SESS_000156,CUST_00489,CAMP_01,2023-05-29,Mobile,315,FALSE
SESS_000157,NULL,CAMP_04,2023-12-15,Tablet,293,TRUE
SESS_000158,CUST_00747,CAMP_09,2023-06-24,Mobile,273,FALSE
SESS_000159,NULL,CAMP_07,2023-05-03,Mobile,158,FALSE
SESS_000160,NULL,NULL,2023-06-08,Desktop,183,FALSE
SESS_000161,CUST_00166,NULL,2023-10-23,Tablet,728,FALSE
SESS_000162,NULL,NULL,2023-05-12,Mobile,292,FALSE
SESS_000163,NULL,CAMP_07,2023-07-29,Desktop,269,TRUE
SESS_000164,CUST_00383,NULL,2023-07-31,Desktop,926,FALSE
SESS_000165,NULL,CAMP_01,2023-05-06,Tablet,972,TRUE
SESS_000166,NULL,NULL,2023-07-24,Desktop,461,TRUE
SESS_000167,CUST_00480,CAMP_08,2023-02-25,Desktop,374,FALSE
SESS_000168,CUST_00205,NULL,2023-02-03,Tablet,706,FALSE
SESS_000169,CUST_00118,NULL,2023-01-20,Desktop,323,FALSE
SESS_000170,CUST_00033,CAMP_07,2023-02-01,Tablet,885,FALSE
SESS_000171,CUST_00976,CAMP_07,2023-05-19,Tablet,365,FALSE
SESS_000172,NULL,CAMP_08,2023-08-03,Desktop,443,TRUE
SESS_000173,NULL,CAMP_06,2023-06-02,Mobile,411,FALSE
SESS_000174,CUST_00803,NULL,2023-12-23,Mobile,731,TRUE
SESS_000175,CUST_00916,CAMP_02,2023-12-08,Desktop,301,FALSE
SESS_000176,CUST_00755,CAMP_01,2023-03-19,Mobile,307,FALSE
SESS_000177,CUST_00534,CAMP_08,2023-03-06,Tablet,925,TRUE
SESS_000178,NULL,CAMP_07,2023-12-23,Desktop,345,FALSE
SESS_000179,CUST_00996,CAMP_01,2023-07-09,Tablet,38,TRUE
SESS_000180,CUST_00665,CAMP_07,2023-07-30,Tablet,726,TRUE
SESS_000181,NULL,NULL,2023-08-08,Tablet,367,FALSE
SESS_000182,CUST_00866,CAMP_07,2023-11-21,Tablet,208,TRUE
SESS_000183,NULL,NULL,2023-07-30,Desktop,1021,TRUE
SESS_000184,NULL,NULL,2023-10-25,Desktop,598,FALSE
SESS_000185,CUST_00118,NULL,2023-08-29,Desktop,723,FALSE
SESS_000186,CUST_00661,CAMP_07,2023-01-04,Tablet,463,FALSE
SESS_000187,NULL,CAMP_07,2023-12-11,Mobile,13,TRUE
SESS_000188,NULL,CAMP_09,2023-11-04,Tablet,691,FALSE
SESS_000189,NULL,CAMP_04,2023-11-12,Tablet,810,TRUE
SESS_000190,CUST_00962,CAMP_03,2023-07-26,Tablet,1064,FALSE
SESS_000191,CUST_00517,NULL,2023-10-23,Mobile,537,TRUE
SESS_000192,NULL,NULL,2023-08-12,Desktop,318,TRUE
SESS_000193,CUST_00026,CAMP_03,2023-08-21,Tablet,738,FALSE
SESS_000194,NULL,CAMP_04,2023-07-13,Tablet,110,FALSE
SESS_000195,NULL,CAMP_02,2023-02-26,Mobile,256,FALSE
SESS_000196,NULL,NULL,2023-07-05,Mobile,805,FALSE
SESS_000197,NULL,CAMP_02,2023-04-18,Tablet,864,FALSE
SESS_000198,CUST_00185,NULL,2023-04-02,Tablet,1166,TRUE
SESS_000199,CUST_00356,NULL,2023-11-11,Desktop,1006,TRUE
SESS_000200,CUST_00949,NULL,2023-11-07,Desktop,1102,FALSE
SESS_000201,NULL,NULL,2023-04-22,Desktop,675,FALSE
SESS_000202,CUST_00275,NULL,2023-04-13,Desktop,718,FALSE
SESS_000203,CUST_00508,NULL,2023-07-24,Mobile,517,FALSE
SESS_000204,NULL,NULL,2023-10-26,Desktop,643,FALSE
SESS_000205,CUST_00905,NULL,2023-11-02,Tablet,561,TRUE
SESS_000206,CUST_00205,CAMP_06,2023-11-20,Desktop,0,TRUE
SESS_000207,NULL,NULL,2023-11-06,Tablet,0,FALSE
SESS_000208,CUST_00440,CAMP_06,2023-05-06,Desktop,445,TRUE
SESS_000209,NULL,NULL,2023-01-06,Tablet,678,TRUE
SESS_000210,CUST_00576,NULL,2023-05-26,Desktop,439,TRUE
SESS_000211,CUST_00969,CAMP_02,2023-10-21,Tablet,868,TRUE
SESS_000212,NULL,NULL,2023-09-10,Mobile,100,TRUE
SESS_000213,CUST_00616,NULL,2023-07-16,Mobile,0,TRUE
SESS_000214,CUST_00934,NULL,2023-03-09,Mobile,80,TRUE
SESS_000215,CUST_00017,NULL,2023-02-18,Mobile,621,FALSE
SESS_000216,NULL,CAMP_08,2023-11-10,Desktop,810,FALSE
SESS_000217,CUST_00991,CAMP_06,2023-11-13,Desktop,64,FALSE
SESS_000218,NULL,NULL,2023-12-19,Tablet,897,FALSE
SESS_000219,CUST_00378,CAMP_09,2023-01-03,Tablet,112,TRUE
SESS_000220,NULL,NULL,2023-05-16,Tablet,782,FALSE
SESS_000221,CUST_00123,NULL,2023-03-17,Desktop,851,TRUE
SESS_000222,CUST_00592,NULL,2023-09-08,Tablet,664,TRUE
SESS_000223,NULL,NULL,2023-02-12,Tablet,1148,FALSE
SESS_000224,CUST_00211,CAMP_02,2023-09-11,Desktop,1197,FALSE
SESS_000225,CUST_00395,NULL,2023-02-23,Tablet,432,TRUE
SESS_000226,CUST_00779,CAMP_08,2023-12-02,Mobile,1038,TRUE
SESS_000227,CUST_00464,CAMP_09,2023-04-14,Mobile,389,FALSE
SESS_000228,CUST_00891,CAMP_02,2023-03-17,Mobile,224,FALSE
SESS_000229,NULL,NULL,2023-12-05,Desktop,932,TRUE
SESS_000230,NULL,NULL,2023-03-19,Mobile,1033,FALSE
SESS_000231,NULL,NULL,2023-11-29,Mobile,870,FALSE
SESS_000232,CUST_00543,CAMP_09,2023-08-10,Desktop,107,FALSE
SESS_000233,NULL,CAMP_10,2023-05-17,Mobile,139,TRUE
SESS_000234,CUST_00415,NULL,2023-02-21,Mobile,554,FALSE
SESS_000235,CUST_00295,CAMP_05,2023-01-02,Desktop,384,FALSE
SESS_000236,CUST_00874,CAMP_04,2023-03-29,Tablet,147,FALSE
SESS_000237,NULL,NULL,2023-08-31,Mobile,689,TRUE
SESS_000238,NULL,CAMP_01,2023-11-01,Tablet,975,FALSE
SESS_000239,CUST_00047,CAMP_10,2023-12-15,Tablet,472,FALSE
SESS_000240,CUST_00103,NULL,2023-06-21,Mobile,1009,TRUE
SESS_000241,CUST_00260,NULL,2023-01-07,Tablet,621,FALSE
SESS_000242,CUST_00924,CAMP_08,2023-02-27,Tablet,0,FALSE
SESS_000243,CUST_00676,CAMP_06,2023-09-12,Desktop,505,FALSE
SESS_000244,CUST_00763,NULL,2023-07-13,Tablet,226,FALSE
SESS_000245,CUST_00935,NULL,2023-09-27,Mobile,548,TRUE
SESS_000246,CUST_00428,CAMP_05,2023-06-08,Mobile,89,TRUE
SESS_000247,NULL,CAMP_10,2023-06-27,Tablet,230,FALSE
SESS_000248,NULL,CAMP_09,2023-05-29,Desktop,1148,TRUE
SESS_000249,NULL,NULL,2023-08-21,Desktop,450,TRUE
SESS_000250,CUST_00006,NULL,2023-12-05,Desktop,107,TRUE
SESS_000251,CUST_00515,CAMP_09,2023-03-21,Desktop,559,FALSE
SESS_000252,CUST_00083,NULL,2023-01-17,Mobile,731,FALSE
SESS_000253,CUST_00991,CAMP_05,2023-06-04,Desktop,641,TRUE
SESS_000254,CUST_00143,CAMP_04,2023-05-09,Mobile,857,TRUE
SESS_000255,NULL,CAMP_08,2023-10-07,Mobile,774,TRUE
SESS_000256,NULL,NULL,2023-06-10,Desktop,737,FALSE
SESS_000257,CUST_00473,NULL,2023-10-14,Desktop,867,TRUE
SESS_000258,CUST_00595,CAMP_03,2023-11-14,Desktop,1163,FALSE
SESS_000259,NULL,CAMP_08,2023-09-23,Mobile,116,FALSE
SESS_000260,NULL,CAMP_05,2023-10-17,Mobile,683,TRUE
SESS_000261,CUST_00758,CAMP_04,2023-09-22,Mobile,1156,FALSE
SESS_000262,CUST_00656,CAMP_05,2023-11-18,Tablet,18,FALSE
SESS_000263,NULL,NULL,2023-11-06,Desktop,1069,FALSE
SESS_000264,NULL,CAMP_07,2023-01-29,Desktop,619,FALSE
SESS_000265,CUST_00560,NULL,2023-11-10,Tablet,904,FALSE
SESS_000266,NULL,NULL,2023-03-14,Tablet,497,TRUE
SESS_000267,NULL,NULL,2023-05-29,Tablet,209,FALSE
SESS_000268,NULL,NULL,2023-02-24,Mobile,858,TRUE
SESS_000269,CUST_00578,NULL,2023-10-25,Tablet,74,TRUE
SESS_000270,CUST_00930,CAMP_03,2023-08-28,Tablet,943,TRUE
SESS_000271,CUST_00882,CAMP_06,2023-12-28,Desktop,804,FALSE
SESS_000272,CUST_00737,CAMP_08,2023-03-13,Tablet,625,FALSE
SESS_000273,CUST_00986,NULL,2023-12-04,Mobile,1184,FALSE
SESS_000274,CUST_00133,CAMP_10,2023-10-25,Tablet,0,FALSE
SESS_000275,NULL,NULL,2023-02-24,Mobile,980,FALSE
SESS_000276,CUST_00108,CAMP_03,2023-07-16,Mobile,136,TRUE
SESS_000277,CUST_00075,NULL,2023-07-11,Desktop,65,FALSE
SESS_000278,CUST_00137,CAMP_10,2023-10-12,Mobile,405,TRUE
SESS_000279,NULL,CAMP_07,2023-09-28,Mobile,181,FALSE
SESS_000280,NULL,NULL,2023-03-13,Desktop,741,TRUE
SESS_000281,CUST_00699,CAMP_09,2023-09-12,Mobile,429,TRUE
SESS_000282,CUST_00922,CAMP_03,2023-02-04,Mobile,880,TRUE
SESS_000283,NULL,CAMP_05,2023-02-21,Desktop,1026,TRUE
SESS_000284,NULL,CAMP_05,2023-05-09,Mobile,737,TRUE
SESS_000285,NULL,CAMP_09,2023-11-09,Desktop,644,FALSE
SESS_000286,CUST_00597,NULL,2023-05-15,Tablet,66,FALSE
SESS_000287,CUST_00784,NULL,2023-04-15,Desktop,680,TRUE
SESS_000288,NULL,NULL,2023-10-16,Desktop,77,FALSE
SESS_000289,CUST_00628,CAMP_09,2023-09-03,Mobile,559,FALSE
SESS_000290,CUST_00666,NULL,2023-09-02,Tablet,471,FALSE
SESS_000291,CUST_00881,NULL,2023-12-17,Tablet,42,FALSE
SESS_000292,CUST_00441,CAMP_09,2023-03-12,Desktop,901,TRUE
SESS_000293,CUST_00352,NULL,2023-01-30,Mobile,0,FALSE
SESS_000294,CUST_00910,CAMP_09,2023-10-18,Desktop,35,TRUE
SESS_000295,NULL,NULL,2023-04-03,Tablet,94,FALSE
SESS_000296,CUST_00133,CAMP_08,2023-12-03,Desktop,162,FALSE
SESS_000297,CUST_00753,CAMP_04,2023-08-16,Tablet,624,TRUE
SESS_000298,CUST_00251,CAMP_05,2023-06-13,Tablet,1113,FALSE
SESS_000299,CUST_00637,NULL,2023-02-10,Mobile,285,TRUE
SESS_000300,CUST_00216,NULL,2023-03-14,Desktop,486,FALSE
SESS_000301,CUST_00022,NULL,2023-01-18,Tablet,574,TRUE
SESS_000302,NULL,CAMP_07,2023-09-11,Desktop,0,FALSE
SESS_000303,CUST_00676,NULL,2023-01-27,Tablet,629,TRUE
SESS_000304,CUST_00773,CAMP_05,2023-10-30,Mobile,61,FALSE
SESS_000305,CUST_00802,CAMP_01,2023-02-25,Desktop,799,TRUE
SESS_000306,CUST_00961,CAMP_07,2023-10-21,Tablet,1168,FALSE
SESS_000307,CUST_00947,NULL,2023-01-08,Tablet,566,TRUE
SESS_000308,NULL,CAMP_01,2023-11-12,Tablet,745,FALSE
SESS_000309,CUST_00623,NULL,2023-06-07,Desktop,662,FALSE
SESS_000310,CUST_00451,NULL,2023-01-19,Tablet,988,FALSE
SESS_000311,NULL,CAMP_05,2023-11-09,Desktop,648,TRUE
SESS_000312,CUST_00283,NULL,2023-09-11,Mobile,470,TRUE
SESS_000313,CUST_00239,NULL,2023-01-20,Mobile,1042,TRUE
SESS_000314,CUST_00234,NULL,2024-01-01,Tablet,973,TRUE
SESS_000315,CUST_00046,CAMP_06,2023-02-25,Desktop,1043,FALSE
SESS_000316,NULL,CAMP_07,2023-02-06,Tablet,878,TRUE
SESS_000317,CUST_00369,NULL,2023-07-28,Tablet,772,TRUE
SESS_000318,NULL,NULL,2023-05-29,Mobile,57,TRUE
SESS_000319,CUST_00800,CAMP_10,2023-12-31,Tablet,445,FALSE
SESS_000320,CUST_00391,CAMP_02,2023-02-09,Mobile,1162,TRUE
SESS_000321,CUST_00552,CAMP_09,2023-01-27,Desktop,972,TRUE
SESS_000322,NULL,CAMP_05,2023-05-05,Tablet,502,FALSE
SESS_000323,CUST_00767,CAMP_04,2023-08-16,Tablet,844,TRUE
SESS_000324,NULL,NULL,2023-09-05,Desktop,476,TRUE
SESS_000325,CUST_00129,CAMP_04,2023-07-28,Tablet,287,TRUE
SESS_000326,CUST_00084,NULL,2023-09-16,Mobile,1184,FALSE
SESS_000327,CUST_00898,NULL,2023-03-27,Desktop,862,FALSE
SESS_000328,CUST_00130,CAMP_07,2023-01-13,Tablet,346,TRUE
SESS_000329,CUST_00926,NULL,2023-03-07,Mobile,1145,TRUE
SESS_000330,CUST_00920,NULL,2023-11-08,Desktop,0,FALSE
SESS_000331,CUST_00973,NULL,2023-07-29,Tablet,926,FALSE
SESS_000332,CUST_00752,NULL,2023-10-29,Desktop,0,TRUE
SESS_000333,CUST_00665,NULL,2023-06-14,Mobile,366,TRUE
SESS_000334,NULL,NULL,2023-01-25,Desktop,1065,FALSE
SESS_000335,NULL,NULL,2023-04-02,Mobile,90,FALSE
SESS_000336,NULL,CAMP_10,2023-11-12,Tablet,208,TRUE
SESS_000337,NULL,NULL,2023-03-28,Tablet,536,FALSE
SESS_000338,CUST_00145,NULL,2023-10-10,Desktop,350,TRUE
SESS_000339,CUST_00200,NULL,2023-01-14,Tablet,421,FALSE
SESS_000340,CUST_00534,NULL,2023-08-21,Tablet,229,TRUE
SESS_000341,CUST_00443,NULL,2023-02-14,Mobile,575,TRUE
SESS_000342,CUST_00763,CAMP_02,2023-06-17,Mobile,1043,FALSE
SESS_000343,CUST_00796,NULL,2023-12-19,Tablet,83,TRUE
SESS_000344,CUST_00862,CAMP_01,2023-11-21,Tablet,21,FALSE
SESS_000345,CUST_00272,NULL,2023-09-06,Mobile,1022,TRUE
SESS_000346,CUST_00878,CAMP_04,2023-01-02,Mobile,142,FALSE
SESS_000347,NULL,NULL,2023-05-15,Desktop,783,TRUE
SESS_000348,CUST_00673,CAMP_05,2023-04-29,Tablet,998,TRUE
SESS_000349,CUST_00493,NULL,2023-04-23,Desktop,593,FALSE
SESS_000350,CUST_00119,NULL,2023-06-13,Tablet,237,FALSE
SESS_000351,CUST_00496,CAMP_08,2023-11-04,Mobile,485,FALSE
SESS_000352,CUST_00802,NULL,2023-10-15,Tablet,540,FALSE
SESS_000353,CUST_00267,CAMP_05,2023-09-06,Tablet,453,TRUE
SESS_000354,CUST_00227,CAMP_03,2023-10-02,Mobile,230,TRUE
SESS_000355,NULL,CAMP_01,2023-07-14,Desktop,687,TRUE
SESS_000356,NULL,NULL,2023-04-18,Tablet,1101,TRUE
SESS_000357,CUST_00736,NULL,2023-03-24,Tablet,683,FALSE
SESS_000358,CUST_00037,CAMP_09,2023-02-22,Desktop,0,TRUE
SESS_000359,CUST_00236,CAMP_04,2023-01-18,Tablet,258,FALSE
SESS_000360,NULL,CAMP_05,2023-02-13,Desktop,156,FALSE
SESS_000361,CUST_00016,CAMP_09,2023-11-06,Mobile,200,FALSE
SESS_000362,CUST_00880,NULL,2023-06-15,Mobile,1054,FALSE
SESS_000363,NULL,NULL,2023-12-02,Desktop,970,FALSE
SESS_000364,CUST_00575,NULL,2023-05-26,Tablet,1097,FALSE
SESS_000365,CUST_00975,NULL,2023-10-07,Tablet,226,TRUE
SESS_000366,CUST_00238,NULL,2023-09-02,Desktop,228,FALSE
SESS_000367,CUST_00098,CAMP_04,2023-09-08,Desktop,516,FALSE
SESS_000368,CUST_00860,CAMP_04,2023-01-31,Mobile,521,FALSE
SESS_000369,NULL,CAMP_10,2023-07-28,Desktop,554,FALSE
SESS_000370,CUST_00321,CAMP_04,2023-06-14,Mobile,994,FALSE
SESS_000371,NULL,NULL,2023-12-25,Desktop,0,TRUE
SESS_000372,CUST_00171,NULL,2023-02-28,Desktop,873,TRUE
SESS_000373,CUST_00767,CAMP_07,2023-07-24,Desktop,612,FALSE
SESS_000374,CUST_00693,NULL,2023-06-15,Desktop,766,TRUE
SESS_000375,CUST_00210,CAMP_06,2023-09-23,Desktop,519,TRUE
SESS_000376,CUST_00738,CAMP_03,2023-03-26,Desktop,691,FALSE
SESS_000377,NULL,NULL,2023-01-03,Tablet,389,FALSE
SESS_000378,CUST_00063,CAMP_10,2023-03-22,Desktop,722,TRUE
SESS_000379,CUST_00951,NULL,2023-05-26,Mobile,631,TRUE
SESS_000380,CUST_00657,CAMP_02,2023-10-31,Mobile,215,TRUE
SESS_000381,CUST_00130,CAMP_10,2023-11-27,Mobile,681,TRUE
SESS_000382,NULL,CAMP_10,2023-12-09,Mobile,433,FALSE
SESS_000383,NULL,CAMP_03,2023-03-15,Mobile,978,TRUE
SESS_000384,NULL,CAMP_07,2023-12-07,Mobile,674,FALSE
SESS_000385,CUST_00387,CAMP_08,2023-07-01,Tablet,1074,TRUE
SESS_000386,CUST_00979,NULL,2023-11-21,Tablet,297,FALSE
SESS_000387,CUST_00257,CAMP_09,2023-08-11,Tablet,718,FALSE
SESS_000388,CUST_00355,CAMP_04,2023-11-12,Desktop,396,FALSE
SESS_000389,CUST_00201,NULL,2023-09-27,Mobile,16,TRUE
SESS_000390,CUST_00515,CAMP_10,2023-05-20,Desktop,568,FALSE
SESS_000391,CUST_00281,CAMP_10,2023-01-16,Tablet,969,FALSE
SESS_000392,NULL,CAMP_09,2023-02-23,Desktop,761,FALSE
SESS_000393,CUST_00182,CAMP_03,2023-02-12,Mobile,249,TRUE
SESS_000394,CUST_00879,CAMP_04,2023-12-02,Desktop,39,TRUE
SESS_000395,CUST_00174,CAMP_10,2023-07-07,Desktop,34,FALSE
SESS_000396,CUST_00067,NULL,2023-09-14,Mobile,551,TRUE
SESS_000397,CUST_00706,CAMP_03,2023-11-22,Tablet,11,TRUE
SESS_000398,CUST_00582,CAMP_02,2023-10-17,Mobile,185,FALSE
SESS_000399,NULL,NULL,2023-11-17,Desktop,351,TRUE
SESS_000400,CUST_00899,CAMP_04,2023-06-07,Tablet,396,TRUE
SESS_000401,NULL,CAMP_03,2023-05-23,Mobile,1162,FALSE
SESS_000402,NULL,NULL,2023-06-01,Tablet,905,TRUE
SESS_000403,CUST_00791,CAMP_08,2023-11-20,Tablet,354,FALSE
SESS_000404,NULL,CAMP_07,2023-06-27,Tablet,596,TRUE
SESS_000405,CUST_00761,CAMP_02,2023-09-20,Mobile,533,TRUE
SESS_000406,CUST_00647,NULL,2023-03-13,Mobile,666,TRUE
SESS_000407,CUST_00331,CAMP_06,2023-01-05,Mobile,868,TRUE
SESS_000408,NULL,NULL,2023-03-25,Mobile,0,TRUE
SESS_000409,CUST_00590,CAMP_07,2023-08-31,Mobile,522,FALSE
SESS_000410,CUST_00308,NULL,2023-04-30,Desktop,225,TRUE
SESS_000411,CUST_00030,NULL,2023-03-27,Tablet,1078,FALSE
SESS_000412,NULL,NULL,2023-01-28,Desktop,638,TRUE
SESS_000413,CUST_00170,NULL,2023-12-04,Mobile,415,TRUE
SESS_000414,NULL,CAMP_07,2023-02-16,Tablet,506,TRUE
SESS_000415,NULL,NULL,2023-02-21,Mobile,1131,FALSE
SESS_000416,CUST_00852,NULL,2023-05-05,Desktop,798,FALSE
SESS_000417,CUST_00335,CAMP_07,2023-11-02,Mobile,1098,FALSE
SESS_000418,CUST_00028,NULL,2023-11-08,Mobile,486,TRUE
SESS_000419,CUST_00770,NULL,2023-02-09,Tablet,476,FALSE
SESS_000420,CUST_00096,NULL,2023-12-01,Mobile,876,FALSE
SESS_000421,CUST_00036,NULL,2023-08-04,Mobile,339,TRUE
SESS_000422,CUST_00085,NULL,2023-02-21,Tablet,0,TRUE
SESS_000423,NULL,CAMP_08,2023-01-06,Mobile,827,FALSE
SESS_000424,NULL,CAMP_10,2023-08-19,Desktop,768,TRUE
SESS_000425,CUST_00115,CAMP_07,2023-09-30,Mobile,168,FALSE
SESS_000426,CUST_00203,CAMP_10,2023-08-21,Mobile,0,FALSE
SESS_000427,CUST_00052,CAMP_06,2023-05-10,Mobile,696,TRUE
SESS_000428,CUST_00184,NULL,2023-08-02,Desktop,919,TRUE
SESS_000429,NULL,CAMP_09,2023-07-22,Mobile,363,FALSE
SESS_000430,NULL,NULL,2023-05-21,Tablet,943,FALSE
SESS_000431,CUST_00583,NULL,2023-02-09,Tablet,768,FALSE
SESS_000432,CUST_00904,NULL,2023-09-20,Tablet,166,TRUE
SESS_000433,CUST_00023,NULL,2023-05-12,Tablet,167,TRUE
SESS_000434,CUST_00585,NULL,2023-06-05,Desktop,1057,FALSE
SESS_000435,CUST_00384,CAMP_04,2023-08-12,Tablet,385,TRUE
SESS_000436,CUST_00186,CAMP_05,2023-01-03,Mobile,805,FALSE
SESS_000437,CUST_00282,NULL,2023-11-03,Tablet,656,FALSE
SESS_000438,CUST_00066,CAMP_10,2023-08-24,Desktop,866,FALSE
SESS_000439,CUST_00572,NULL,2023-06-24,Tablet,714,FALSE
SESS_000440,CUST_00546,CAMP_07,2023-05-11,Mobile,71,TRUE
SESS_000441,CUST_00575,CAMP_02,2023-04-17,Tablet,1089,TRUE
SESS_000442,CUST_00479,NULL,2023-11-16,Desktop,346,FALSE
SESS_000443,CUST_00024,CAMP_05,2023-10-12,Tablet,1010,TRUE
SESS_000444,NULL,CAMP_02,2023-02-19,Mobile,452,TRUE
SESS_000445,NULL,NULL,2023-07-25,Desktop,841,TRUE
SESS_000446,NULL,CAMP_02,2023-12-07,Tablet,655,FALSE
SESS_000447,CUST_00507,CAMP_05,2023-08-19,Mobile,0,TRUE
SESS_000448,CUST_00672,NULL,2023-02-20,Mobile,1193,FALSE
SESS_000449,NULL,NULL,2023-04-25,Mobile,1035,FALSE
SESS_000450,CUST_00024,NULL,2023-05-08,Mobile,1170,TRUE
SESS_000451,NULL,CAMP_07,2023-10-10,Desktop,400,TRUE
SESS_000452,CUST_00246,NULL,2023-12-31,Mobile,665,TRUE
SESS_000453,NULL,NULL,2023-05-06,Tablet,913,FALSE
SESS_000454,CUST_00114,CAMP_06,2023-03-23,Mobile,951,FALSE
SESS_000455,NULL,CAMP_09,2023-08-29,Mobile,149,FALSE
SESS_000456,CUST_00733,CAMP_09,2024-01-01,Desktop,903,TRUE
SESS_000457,CUST_00849,CAMP_01,2023-07-06,Mobile,1052,TRUE
SESS_000458,NULL,CAMP_10,2023-02-27,Tablet,351,FALSE
SESS_000459,CUST_00815,NULL,2023-05-16,Desktop,680,FALSE
SESS_000460,CUST_00251,CAMP_06,2023-06-01,Tablet,915,TRUE
SESS_000461,CUST_00609,NULL,2023-03-13,Mobile,1073,TRUE
SESS_000462,CUST_00731,NULL,2023-03-23,Desktop,629,TRUE
SESS_000463,NULL,CAMP_03,2023-03-17,Desktop,603,FALSE
SESS_000464,NULL,NULL,2023-06-05,Mobile,29,FALSE
SESS_000465,CUST_00530,NULL,2023-11-13,Mobile,709,TRUE
SESS_000466,CUST_00384,NULL,2023-09-06,Tablet,351,FALSE
SESS_000467,CUST_00015,CAMP_02,2023-06-25,Mobile,638,TRUE
SESS_000468,CUST_00809,NULL,2023-04-11,Tablet,1026,TRUE
SESS_000469,CUST_00867,CAMP_09,2023-04-27,Tablet,0,FALSE
SESS_000470,NULL,NULL,2023-02-04,Tablet,1138,TRUE
SESS_000471,CUST_00994,CAMP_08,2023-10-18,Desktop,512,FALSE
SESS_000472,CUST_00667,CAMP_04,2023-12-20,Tablet,939,TRUE
SESS_000473,CUST_00094,CAMP_02,2023-03-09,Desktop,625,TRUE
SESS_000474,CUST_00489,NULL,2023-10-02,Desktop,658,FALSE
SESS_000475,NULL,NULL,2023-04-12,Desktop,1115,TRUE
SESS_000476,CUST_00596,NULL,2023-02-27,Tablet,911,FALSE
SESS_000477,CUST_00468,CAMP_05,2023-07-28,Desktop,559,TRUE
SESS_000478,CUST_00291,CAMP_05,2023-05-16,Desktop,514,TRUE
SESS_000479,CUST_00451,NULL,2023-04-04,Mobile,18,FALSE
SESS_000480,CUST_00184,NULL,2023-08-10,Tablet,628,TRUE
SESS_000481,CUST_00552,CAMP_04,2023-02-25,Mobile,441,TRUE
SESS_000482,CUST_00702,NULL,2023-11-09,Mobile,1174,FALSE
SESS_000483,CUST_00805,NULL,2023-03-22,Desktop,326,FALSE
SESS_000484,CUST_00808,NULL,2023-05-18,Mobile,543,TRUE
SESS_000485,CUST_00314,NULL,2023-07-01,Tablet,650,FALSE
SESS_000486,CUST_00006,CAMP_07,2023-01-29,Mobile,729,FALSE
SESS_000487,CUST_00020,CAMP_04,2023-04-17,Tablet,529,TRUE
SESS_000488,CUST_00392,NULL,2023-10-14,Tablet,413,FALSE
SESS_000489,CUST_00110,NULL,2023-03-24,Tablet,987,TRUE
SESS_000490,CUST_00400,CAMP_08,2023-05-08,Tablet,773,TRUE
SESS_000491,NULL,NULL,2023-05-26,Desktop,971,TRUE
SESS_000492,CUST_00751,NULL,2023-03-19,Mobile,617,FALSE
SESS_000493,NULL,CAMP_05,2023-10-13,Desktop,601,TRUE
SESS_000494,CUST_00717,CAMP_06,2023-07-04,Mobile,444,FALSE
SESS_000495,CUST_00204,CAMP_05,2023-05-11,Desktop,52,FALSE
SESS_000496,CUST_00499,CAMP_09,2023-01-31,Desktop,807,FALSE
SESS_000497,CUST_00983,CAMP_06,2023-10-03,Mobile,583,FALSE
SESS_000498,NULL,NULL,2023-10-13,Desktop,1094,TRUE
SESS_000499,CUST_00480,CAMP_04,2023-02-07,Tablet,887,FALSE
SESS_000500,NULL,NULL,2023-04-04,Tablet,1183,FALSE
SESS_000501,CUST_00972,NULL,2023-01-11,Mobile,1182,FALSE
SESS_000502,NULL,NULL,2023-08-07,Mobile,535,TRUE
SESS_000503,CUST_00670,CAMP_10,2023-07-01,Tablet,1186,FALSE
SESS_000504,CUST_00104,NULL,2023-11-05,Desktop,265,TRUE
SESS_000505,CUST_00951,NULL,2023-04-17,Mobile,625,FALSE
SESS_000506,CUST_00223,CAMP_01,2023-03-12,Mobile,257,FALSE
SESS_000507,CUST_00875,CAMP_07,2023-01-26,Mobile,903,FALSE
SESS_000508,CUST_00128,NULL,2023-03-31,Desktop,1189,FALSE
SESS_000509,NULL,NULL,2023-11-06,Tablet,653,TRUE
SESS_000510,CUST_00369,NULL,2023-09-18,Desktop,842,FALSE
SESS_000511,CUST_00410,CAMP_02,2023-07-01,Tablet,639,FALSE
SESS_000512,CUST_00719,NULL,2023-11-26,Mobile,541,TRUE
SESS_000513,CUST_00919,NULL,2023-03-14,Mobile,368,FALSE
SESS_000514,NULL,NULL,2023-01-20,Desktop,434,TRUE
SESS_000515,CUST_00844,NULL,2023-03-30,Mobile,1067,FALSE
SESS_000516,NULL,CAMP_02,2023-03-25,Desktop,1023,TRUE
SESS_000517,CUST_00272,CAMP_01,2023-01-14,Tablet,0,FALSE
SESS_000518,CUST_00048,CAMP_10,2023-09-26,Mobile,328,FALSE
SESS_000519,NULL,CAMP_02,2023-09-01,Mobile,855,FALSE
SESS_000520,CUST_00829,CAMP_05,2023-09-01,Mobile,531,TRUE
SESS_000521,CUST_00685,CAMP_08,2023-09-10,Tablet,1174,FALSE
SESS_000522,CUST_00147,NULL,2023-02-12,Tablet,199,TRUE
SESS_000523,NULL,NULL,2023-04-05,Tablet,621,FALSE
SESS_000524,CUST_00530,CAMP_05,2023-03-09,Tablet,869,FALSE
SESS_000525,CUST_00036,CAMP_07,2023-11-20,Desktop,0,FALSE
SESS_000526,NULL,CAMP_03,2023-07-23,Tablet,28,TRUE
SESS_000527,NULL,CAMP_10,2023-07-27,Mobile,444,FALSE
SESS_000528,NULL,NULL,2023-09-21,Tablet,695,TRUE
SESS_000529,CUST_00500,CAMP_08,2023-12-06,Desktop,706,TRUE
SESS_000530,CUST_00027,CAMP_03,2023-02-18,Mobile,941,FALSE
SESS_000531,NULL,CAMP_05,2023-08-20,Mobile,1138,TRUE
SESS_000532,NULL,CAMP_09,2023-04-10,Mobile,459,FALSE
SESS_000533,CUST_00616,CAMP_10,2023-09-29,Desktop,101,FALSE
SESS_000534,CUST_00544,NULL,2023-03-23,Desktop,344,FALSE
SESS_000535,CUST_00770,CAMP_09,2023-11-09,Mobile,419,FALSE
SESS_000536,NULL,CAMP_07,2023-09-01,Mobile,664,TRUE
SESS_000537,NULL,CAMP_05,2023-04-17,Tablet,141,FALSE
SESS_000538,CUST_00165,CAMP_04,2023-07-20,Mobile,863,TRUE
SESS_000539,NULL,CAMP_05,2023-03-13,Mobile,257,FALSE
SESS_000540,NULL,NULL,2023-12-11,Tablet,1031,TRUE
SESS_000541,CUST_00537,NULL,2023-11-18,Desktop,969,TRUE
SESS_000542,CUST_00625,NULL,2023-02-06,Tablet,704,TRUE
SESS_000543,CUST_00913,NULL,2023-11-17,Mobile,877,FALSE
SESS_000544,CUST_00499,CAMP_04,2023-09-25,Desktop,186,TRUE
SESS_000545,CUST_00248,CAMP_08,2023-12-26,Mobile,868,TRUE
SESS_000546,CUST_00751,NULL,2023-05-09,Tablet,1045,TRUE
SESS_000547,CUST_00086,NULL,2024-01-01,Mobile,502,FALSE
SESS_000548,CUST_00107,CAMP_08,2023-10-15,Desktop,1163,FALSE
SESS_000549,CUST_00617,NULL,2023-11-26,Desktop,1183,FALSE
SESS_000550,CUST_00689,CAMP_10,2023-08-04,Mobile,86,FALSE
SESS_000551,CUST_00536,NULL,2023-07-24,Tablet,0,TRUE
SESS_000552,NULL,CAMP_06,2023-02-20,Tablet,849,TRUE
SESS_000553,CUST_00700,NULL,2023-05-08,Tablet,918,FALSE
SESS_000554,CUST_00270,CAMP_03,2023-04-18,Desktop,1125,TRUE
SESS_000555,CUST_00177,CAMP_02,2023-06-20,Tablet,1107,FALSE
SESS_000556,CUST_00314,NULL,2023-02-16,Tablet,836,FALSE
SESS_000557,CUST_00208,NULL,2023-12-29,Mobile,723,TRUE
SESS_000558,CUST_00983,NULL,2023-01-09,Desktop,393,FALSE
SESS_000559,CUST_00304,CAMP_09,2023-04-02,Mobile,160,TRUE
SESS_000560,CUST_00680,NULL,2023-05-15,Mobile,701,FALSE
SESS_000561,NULL,CAMP_05,2023-11-11,Desktop,173,TRUE
SESS_000562,NULL,NULL,2023-05-21,Desktop,1017,FALSE
SESS_000563,NULL,NULL,2023-11-28,Mobile,803,FALSE
SESS_000564,CUST_00879,CAMP_08,2023-08-01,Desktop,1133,FALSE
SESS_000565,CUST_00595,NULL,2023-10-22,Mobile,540,TRUE
SESS_000566,CUST_00374,CAMP_04,2023-06-13,Desktop,736,TRUE
SESS_000567,CUST_00720,NULL,2023-10-03,Desktop,268,TRUE
SESS_000568,CUST_00549,NULL,2023-11-06,Mobile,718,TRUE
SESS_000569,CUST_00230,NULL,2023-10-22,Desktop,947,FALSE
SESS_000570,NULL,CAMP_01,2023-10-14,Mobile,1149,FALSE
SESS_000571,CUST_00152,NULL,2023-07-01,Desktop,570,FALSE
SESS_000572,NULL,CAMP_07,2023-12-27,Mobile,816,TRUE
SESS_000573,CUST_00312,NULL,2023-10-19,Desktop,838,FALSE
SESS_000574,CUST_00884,NULL,2023-11-09,Desktop,738,TRUE
SESS_000575,CUST_00543,NULL,2023-03-24,Tablet,403,FALSE
SESS_000576,CUST_00031,CAMP_08,2023-03-03,Tablet,187,FALSE
SESS_000577,CUST_00397,CAMP_07,2023-12-23,Mobile,288,TRUE
SESS_000578,CUST_00725,NULL,2023-05-10,Mobile,190,FALSE
SESS_000579,CUST_00663,CAMP_06,2023-08-20,Desktop,1077,TRUE
SESS_000580,CUST_00061,CAMP_02,2023-03-28,Desktop,550,TRUE
SESS_000581,CUST_00029,CAMP_10,2023-10-16,Tablet,147,TRUE
SESS_000582,CUST_00549,NULL,2023-06-26,Desktop,321,FALSE
SESS_000583,CUST_00901,CAMP_09,2023-03-18,Mobile,67,TRUE
SESS_000584,CUST_00320,CAMP_02,2023-06-28,Tablet,374,TRUE
SESS_000585,CUST_00618,NULL,2023-11-10,Tablet,936,FALSE
SESS_000586,CUST_00967,NULL,2023-10-11,Desktop,697,FALSE
SESS_000587,NULL,NULL,2023-07-03,Desktop,988,FALSE
SESS_000588,CUST_00606,NULL,2023-09-24,Desktop,661,FALSE
SESS_000589,CUST_00404,CAMP_04,2023-05-25,Tablet,282,FALSE
SESS_000590,CUST_00446,NULL,2023-09-09,Desktop,1011,TRUE
SESS_000591,CUST_00510,CAMP_05,2023-12-17,Tablet,0,TRUE
SESS_000592,CUST_00602,CAMP_10,2023-10-05,Mobile,647,TRUE
SESS_000593,CUST_00395,NULL,2023-10-03,Desktop,893,FALSE
SESS_000594,CUST_00698,CAMP_04,2023-02-20,Mobile,385,TRUE
SESS_000595,CUST_00508,NULL,2023-11-24,Desktop,36,FALSE
SESS_000596,NULL,NULL,2023-05-04,Tablet,682,FALSE
SESS_000597,CUST_00858,NULL,2023-03-21,Mobile,509,FALSE
SESS_000598,CUST_00728,CAMP_05,2023-04-15,Tablet,0,FALSE
SESS_000599,CUST_00863,CAMP_08,2023-05-10,Desktop,26,FALSE
SESS_000600,CUST_00132,CAMP_04,2023-02-06,Tablet,239,FALSE
SESS_000601,NULL,CAMP_03,2023-05-12,Tablet,820,TRUE
SESS_000602,NULL,CAMP_07,2023-04-14,Desktop,1141,TRUE
SESS_000603,CUST_00481,NULL,2023-02-27,Mobile,82,FALSE
SESS_000604,CUST_00248,NULL,2023-07-09,Mobile,297,FALSE
SESS_000605,CUST_00786,CAMP_04,2023-06-12,Desktop,913,FALSE
SESS_000606,CUST_00974,NULL,2023-03-31,Tablet,951,FALSE
SESS_000607,CUST_00970,NULL,2023-02-02,Mobile,381,FALSE
SESS_000608,CUST_00893,NULL,2023-05-06,Desktop,1087,TRUE
SESS_000609,CUST_00059,NULL,2023-02-03,Mobile,1065,FALSE
SESS_000610,CUST_00330,NULL,2023-03-15,Desktop,600,TRUE
SESS_000611,CUST_00834,NULL,2023-10-18,Desktop,0,TRUE
SESS_000612,NULL,CAMP_08,2023-10-20,Tablet,795,FALSE
SESS_000613,CUST_00244,CAMP_10,2023-05-09,Tablet,936,FALSE
SESS_000614,CUST_00369,NULL,2023-05-27,Tablet,362,TRUE
SESS_000615,CUST_00377,CAMP_07,2023-06-03,Mobile,92,TRUE
SESS_000616,CUST_00412,NULL,2023-11-17,Tablet,431,FALSE
SESS_000617,CUST_00464,NULL,2023-07-18,Mobile,749,FALSE
SESS_000618,CUST_00211,NULL,2023-12-31,Mobile,1169,FALSE
SESS_000619,CUST_00373,CAMP_09,2023-07-29,Tablet,633,TRUE
SESS_000620,CUST_00464,NULL,2023-11-16,Mobile,109,FALSE
SESS_000621,CUST_00960,CAMP_03,2023-08-15,Desktop,427,TRUE
SESS_000622,CUST_00697,CAMP_03,2023-11-25,Mobile,1182,FALSE
SESS_000623,CUST_00252,CAMP_03,2023-09-07,Tablet,1091,FALSE
SESS_000624,NULL,NULL,2023-01-11,Desktop,113,TRUE
SESS_000625,NULL,NULL,2023-04-20,Tablet,140,TRUE
SESS_000626,CUST_00458,NULL,2023-12-27,Mobile,598,FALSE
SESS_000627,CUST_00156,NULL,2023-03-02,Desktop,844,FALSE
SESS_000628,CUST_00288,CAMP_04,2023-02-28,Tablet,305,TRUE
SESS_000629,NULL,NULL,2023-07-14,Mobile,354,TRUE
SESS_000630,CUST_00599,CAMP_08,2023-01-11,Mobile,1165,TRUE
SESS_000631,CUST_00071,NULL,2023-11-16,Tablet,811,FALSE
SESS_000632,NULL,CAMP_05,2023-12-31,Desktop,731,TRUE
SESS_000633,CUST_00605,NULL,2023-03-28,Tablet,522,TRUE
SESS_000634,CUST_00025,NULL,2023-03-27,Desktop,494,FALSE
SESS_000635,CUST_00280,CAMP_08,2023-12-04,Desktop,686,TRUE
SESS_000636,NULL,CAMP_05,2023-07-14,Mobile,0,FALSE
SESS_000637,NULL,NULL,2023-07-07,Desktop,874,TRUE
SESS_000638,CUST_00566,NULL,2023-05-25,Tablet,175,TRUE
SESS_000639,CUST_00936,NULL,2023-09-18,Desktop,52,TRUE
SESS_000640,NULL,NULL,2023-02-03,Mobile,1176,TRUE
SESS_000641,NULL,NULL,2023-06-24,Desktop,149,FALSE
SESS_000642,CUST_00339,CAMP_02,2023-11-10,Desktop,120,FALSE
SESS_000643,CUST_00191,NULL,2023-02-16,Desktop,891,TRUE
SESS_000644,CUST_00397,NULL,2023-09-29,Mobile,979,FALSE
SESS_000645,CUST_00191,NULL,2023-12-13,Desktop,130,TRUE
SESS_000646,NULL,NULL,2023-03-15,Desktop,1183,FALSE
SESS_000647,CUST_00193,NULL,2023-06-14,Mobile,337,TRUE
SESS_000648,CUST_00519,CAMP_04,2023-08-07,Tablet,711,FALSE
SESS_000649,CUST_00700,NULL,2023-03-24,Desktop,131,FALSE
SESS_000650,NULL,CAMP_07,2023-02-10,Tablet,971,FALSE
SESS_000651,CUST_00327,CAMP_06,2023-12-24,Tablet,139,TRUE
SESS_000652,CUST_00761,CAMP_06,2023-09-13,Tablet,1006,FALSE
SESS_000653,NULL,NULL,2023-12-20,Tablet,844,FALSE
SESS_000654,CUST_00921,NULL,2023-03-20,Mobile,0,FALSE
SESS_000655,CUST_00391,CAMP_03,2023-07-24,Tablet,33,FALSE
SESS_000656,NULL,CAMP_04,2023-02-18,Desktop,806,FALSE
SESS_000657,NULL,NULL,2023-06-05,Desktop,573,FALSE
SESS_000658,CUST_00446,CAMP_03,2023-09-07,Tablet,127,TRUE
SESS_000659,CUST_00623,NULL,2023-05-01,Desktop,1017,TRUE
SESS_000660,CUST_00647,NULL,2023-11-19,Tablet,883,TRUE
SESS_000661,NULL,CAMP_03,2023-07-09,Desktop,974,FALSE
SESS_000662,NULL,CAMP_04,2023-06-10,Tablet,980,TRUE
SESS_000663,CUST_00716,NULL,2023-03-07,Tablet,1177,TRUE
SESS_000664,CUST_00833,CAMP_08,2023-10-16,Mobile,44,FALSE
SESS_000665,CUST_00639,NULL,2023-09-28,Mobile,952,FALSE
SESS_000666,NULL,NULL,2023-04-09,Tablet,298,FALSE
SESS_000667,NULL,CAMP_06,2023-07-02,Desktop,993,TRUE
SESS_000668,CUST_00322,CAMP_09,2023-04-13,Tablet,390,TRUE
SESS_000669,NULL,NULL,2023-04-10,Desktop,1037,FALSE
SESS_000670,CUST_00874,NULL,2023-05-14,Mobile,0,FALSE
SESS_000671,CUST_00081,NULL,2023-03-17,Mobile,787,TRUE
SESS_000672,NULL,NULL,2023-05-22,Mobile,933,TRUE
SESS_000673,CUST_00127,NULL,2023-06-17,Desktop,982,FALSE
SESS_000674,CUST_00027,CAMP_06,2023-07-22,Mobile,673,FALSE
SESS_000675,NULL,CAMP_10,2023-01-21,Desktop,119,FALSE
SESS_000676,NULL,NULL,2023-03-19,Desktop,1075,TRUE
SESS_000677,CUST_00996,NULL,2023-02-11,Mobile,708,TRUE
SESS_000678,NULL,NULL,2023-07-22,Tablet,322,FALSE
SESS_000679,CUST_00119,CAMP_05,2023-04-27,Mobile,120,TRUE
SESS_000680,CUST_00715,NULL,2023-01-22,Desktop,453,FALSE
SESS_000681,CUST_00331,NULL,2023-11-21,Tablet,569,TRUE
SESS_000682,CUST_00686,CAMP_07,2023-10-09,Desktop,0,FALSE
SESS_000683,CUST_00008,NULL,2023-02-11,Desktop,758,FALSE
SESS_000684,NULL,CAMP_10,2023-05-25,Tablet,1144,FALSE
SESS_000685,CUST_00263,NULL,2023-06-17,Tablet,809,TRUE
SESS_000686,CUST_00991,CAMP_09,2023-07-27,Mobile,383,TRUE
SESS_000687,CUST_00896,NULL,2023-10-19,Tablet,616,TRUE
SESS_000688,CUST_00370,NULL,2023-11-28,Tablet,475,TRUE
SESS_000689,NULL,NULL,2023-01-07,Mobile,375,FALSE
SESS_000690,CUST_00336,NULL,2023-07-20,Desktop,343,TRUE
SESS_000691,NULL,CAMP_04,2023-02-09,Desktop,224,TRUE
SESS_000692,NULL,NULL,2023-05-21,Desktop,626,FALSE
SESS_000693,NULL,NULL,2023-11-27,Mobile,871,TRUE
SESS_000694,CUST_00023,NULL,2023-01-18,Desktop,623,FALSE
SESS_000695,NULL,CAMP_01,2023-09-01,Mobile,34,FALSE
SESS_000696,CUST_00594,CAMP_05,2023-05-19,Desktop,1158,FALSE
SESS_000697,NULL,NULL,2023-07-13,Desktop,81,FALSE
SESS_000698,NULL,NULL,2023-01-23,Tablet,134,FALSE
SESS_000699,NULL,NULL,2023-05-17,Desktop,561,FALSE
SESS_000700,CUST_00002,CAMP_01,2023-10-16,Mobile,1149,FALSE
SESS_000701,CUST_00761,NULL,2023-07-06,Desktop,757,FALSE
SESS_000702,CUST_00924,NULL,2023-10-10,Desktop,303,FALSE
SESS_000703,NULL,NULL,2023-08-28,Tablet,603,FALSE
SESS_000704,CUST_00418,NULL,2023-08-10,Desktop,523,TRUE
SESS_000705,CUST_00462,CAMP_03,2023-01-22,Tablet,1042,FALSE
SESS_000706,CUST_00554,CAMP_03,2023-10-21,Mobile,426,FALSE
SESS_000707,CUST_00514,CAMP_09,2023-02-23,Desktop,13,FALSE
SESS_000708,CUST_00701,CAMP_06,2023-09-08,Desktop,671,TRUE
SESS_000709,CUST_00536,CAMP_07,2023-04-23,Desktop,724,TRUE
SESS_000710,NULL,CAMP_03,2023-12-22,Mobile,6,TRUE
SESS_000711,CUST_00938,NULL,2023-06-06,Mobile,836,FALSE
SESS_000712,NULL,CAMP_01,2023-01-09,Desktop,610,FALSE
SESS_000713,NULL,NULL,2023-03-02,Mobile,0,TRUE
SESS_000714,CUST_00398,NULL,2023-06-05,Mobile,984,FALSE
SESS_000715,CUST_00033,NULL,2023-06-29,Desktop,528,FALSE
SESS_000716,CUST_00789,NULL,2023-12-19,Desktop,723,TRUE
SESS_000717,CUST_00986,NULL,2023-02-14,Mobile,521,FALSE
SESS_000718,CUST_00647,CAMP_08,2023-07-14,Tablet,695,TRUE
SESS_000719,CUST_00566,CAMP_08,2023-04-21,Desktop,845,TRUE
SESS_000720,CUST_00800,NULL,2023-09-17,Mobile,146,FALSE
SESS_000721,CUST_00821,CAMP_01,2023-05-10,Desktop,245,FALSE
SESS_000722,NULL,NULL,2023-05-29,Desktop,683,TRUE
SESS_000723,NULL,NULL,2023-01-03,Mobile,0,FALSE
SESS_000724,NULL,CAMP_10,2023-09-10,Mobile,915,TRUE
SESS_000725,NULL,NULL,2023-11-06,Desktop,53,FALSE
SESS_000726,CUST_00726,CAMP_06,2023-11-22,Desktop,0,FALSE
SESS_000727,CUST_00433,NULL,2023-02-14,Tablet,737,FALSE
SESS_000728,CUST_00897,NULL,2023-01-13,Mobile,181,FALSE
SESS_000729,CUST_00560,NULL,2023-05-15,Mobile,141,TRUE
SESS_000730,CUST_00574,NULL,2023-04-14,Mobile,620,TRUE
SESS_000731,CUST_00523,CAMP_02,2023-09-26,Tablet,0,FALSE
SESS_000732,CUST_00250,CAMP_04,2023-04-07,Tablet,977,FALSE
SESS_000733,CUST_00649,CAMP_02,2023-03-16,Tablet,265,TRUE
SESS_000734,CUST_00075,CAMP_04,2023-11-17,Mobile,745,FALSE
SESS_000735,NULL,NULL,2023-06-14,Mobile,61,TRUE
SESS_000736,CUST_00621,CAMP_04,2023-03-07,Mobile,1048,FALSE
SESS_000737,NULL,CAMP_05,2023-09-12,Desktop,891,TRUE
SESS_000738,NULL,CAMP_03,2023-11-25,Desktop,761,FALSE
SESS_000739,CUST_00940,NULL,2023-10-02,Desktop,674,FALSE
SESS_000740,CUST_00396,CAMP_10,2023-12-22,Desktop,1180,FALSE
SESS_000741,CUST_00351,CAMP_10,2023-11-20,Desktop,520,TRUE
SESS_000742,CUST_00234,NULL,2023-06-15,Mobile,1164,FALSE
SESS_000743,CUST_00531,CAMP_05,2023-05-16,Desktop,873,TRUE
SESS_000744,CUST_00143,CAMP_05,2023-04-08,Tablet,745,FALSE
SESS_000745,CUST_00596,CAMP_02,2023-05-30,Tablet,510,TRUE
SESS_000746,NULL,CAMP_08,2023-07-11,Mobile,807,TRUE
SESS_000747,CUST_00350,NULL,2023-11-07,Desktop,522,TRUE
SESS_000748,CUST_00004,NULL,2023-05-11,Mobile,936,TRUE
SESS_000749,CUST_00431,NULL,2023-01-27,Mobile,1007,FALSE
SESS_000750,CUST_00144,NULL,2023-07-05,Desktop,89,TRUE
SESS_000751,CUST_00131,CAMP_07,2023-04-15,Desktop,1165,TRUE
SESS_000752,CUST_00292,NULL,2023-04-29,Mobile,1173,TRUE
SESS_000753,CUST_00156,NULL,2023-10-27,Tablet,455,FALSE
SESS_000754,NULL,CAMP_03,2023-02-16,Desktop,557,FALSE
SESS_000755,CUST_00227,NULL,2023-11-09,Mobile,360,TRUE
SESS_000756,NULL,NULL,2023-10-24,Desktop,796,TRUE
SESS_000757,CUST_00455,NULL,2023-07-16,Desktop,783,FALSE
SESS_000758,CUST_00504,NULL,2023-09-26,Tablet,664,FALSE
SESS_000759,CUST_00622,NULL,2023-03-15,Tablet,163,FALSE
SESS_000760,NULL,NULL,2023-04-22,Tablet,728,TRUE
SESS_000761,CUST_00389,CAMP_08,2023-01-13,Tablet,1158,FALSE
SESS_000762,CUST_00023,NULL,2023-06-26,Tablet,785,FALSE
SESS_000763,CUST_00092,NULL,2023-06-28,Mobile,556,FALSE
SESS_000764,NULL,NULL,2023-10-27,Tablet,1064,TRUE
SESS_000765,CUST_00374,NULL,2023-04-28,Desktop,330,TRUE
SESS_000766,NULL,CAMP_05,2023-08-20,Mobile,605,FALSE
SESS_000767,NULL,NULL,2023-09-24,Desktop,479,TRUE
SESS_000768,CUST_00804,CAMP_03,2023-05-28,Desktop,968,FALSE
SESS_000769,NULL,CAMP_10,2023-12-31,Desktop,142,FALSE
SESS_000770,CUST_00798,NULL,2023-07-08,Tablet,371,FALSE
SESS_000771,CUST_00334,CAMP_05,2023-09-20,Desktop,1030,FALSE
SESS_000772,NULL,NULL,2023-03-09,Mobile,757,FALSE
SESS_000773,CUST_00728,NULL,2023-05-08,Mobile,91,TRUE
SESS_000774,NULL,CAMP_08,2023-12-13,Mobile,1132,TRUE
SESS_000775,CUST_00663,CAMP_06,2023-11-07,Desktop,834,FALSE
SESS_000776,NULL,CAMP_03,2023-01-19,Mobile,155,TRUE
SESS_000777,NULL,CAMP_07,2023-07-12,Tablet,770,TRUE
SESS_000778,NULL,CAMP_03,2023-08-19,Desktop,291,FALSE
SESS_000779,NULL,CAMP_08,2023-05-10,Mobile,822,FALSE
SESS_000780,CUST_00426,CAMP_04,2023-03-16,Tablet,212,FALSE
SESS_000781,CUST_00909,CAMP_07,2023-02-09,Desktop,607,FALSE
SESS_000782,NULL,CAMP_08,2023-02-04,Tablet,683,FALSE
SESS_000783,NULL,NULL,2023-12-31,Desktop,557,FALSE
SESS_000784,CUST_00025,NULL,2023-06-21,Desktop,947,TRUE
SESS_000785,NULL,CAMP_02,2023-08-13,Mobile,0,TRUE
SESS_000786,CUST_00580,CAMP_03,2023-07-13,Tablet,905,FALSE
SESS_000787,NULL,CAMP_02,2023-11-12,Mobile,0,TRUE
SESS_000788,NULL,NULL,2023-08-03,Desktop,401,FALSE
SESS_000789,CUST_00582,NULL,2023-04-18,Desktop,0,FALSE
SESS_000790,CUST_00068,NULL,2023-03-26,Tablet,1015,TRUE
SESS_000791,CUST_00382,CAMP_05,2023-10-23,Desktop,1127,TRUE
SESS_000792,CUST_00335,CAMP_10,2023-09-24,Tablet,576,FALSE
SESS_000793,NULL,NULL,2023-09-05,Tablet,677,FALSE
SESS_000794,CUST_00053,CAMP_05,2023-05-12,Desktop,308,FALSE
SESS_000795,CUST_00255,NULL,2023-03-20,Desktop,1115,FALSE
SESS_000796,CUST_00340,NULL,2023-05-05,Mobile,990,TRUE
SESS_000797,CUST_00059,NULL,2023-08-10,Mobile,0,TRUE
SESS_000798,NULL,NULL,2023-09-09,Mobile,443,TRUE
SESS_000799,NULL,CAMP_06,2023-03-23,Desktop,674,TRUE
SESS_000800,NULL,CAMP_01,2023-03-18,Desktop,882,FALSE
SESS_000801,CUST_00053,NULL,2023-04-01,Desktop,278,FALSE
SESS_000802,CUST_00847,CAMP_10,2023-02-14,Desktop,343,TRUE
SESS_000803,CUST_00085,CAMP_10,2023-01-01,Mobile,353,FALSE
SESS_000804,NULL,CAMP_10,2023-09-27,Desktop,587,TRUE
SESS_000805,NULL,CAMP_09,2023-02-19,Mobile,0,TRUE
SESS_000806,CUST_00712,NULL,2023-08-20,Tablet,1047,FALSE
SESS_000807,CUST_00953,NULL,2023-06-08,Tablet,673,FALSE
SESS_000808,NULL,NULL,2023-10-28,Desktop,307,FALSE
SESS_000809,CUST_00290,CAMP_06,2023-10-24,Mobile,991,FALSE
SESS_000810,CUST_00688,CAMP_10,2023-06-04,Tablet,434,TRUE
SESS_000811,NULL,NULL,2023-02-03,Desktop,69,FALSE
SESS_000812,NULL,NULL,2023-12-04,Mobile,667,FALSE
SESS_000813,CUST_00433,CAMP_10,2023-12-25,Mobile,20,TRUE
SESS_000814,CUST_00499,CAMP_06,2023-03-17,Desktop,292,TRUE
SESS_000815,CUST_00739,NULL,2023-01-20,Desktop,743,TRUE
SESS_000816,CUST_00108,NULL,2023-09-14,Mobile,437,FALSE
SESS_000817,CUST_00281,CAMP_09,2023-10-30,Desktop,407,TRUE
SESS_000818,CUST_00737,CAMP_05,2023-10-03,Mobile,0,TRUE
SESS_000819,CUST_00811,NULL,2023-08-02,Mobile,1176,TRUE
SESS_000820,NULL,NULL,2023-11-30,Desktop,474,FALSE
SESS_000821,NULL,CAMP_01,2023-04-24,Mobile,494,TRUE
SESS_000822,CUST_00281,CAMP_09,2023-08-02,Desktop,1032,FALSE
SESS_000823,CUST_00788,CAMP_01,2023-09-12,Desktop,442,TRUE
SESS_000824,CUST_00948,CAMP_09,2023-06-18,Mobile,0,FALSE
SESS_000825,NULL,CAMP_08,2023-01-11,Desktop,270,FALSE
SESS_000826,CUST_00688,NULL,2023-03-24,Mobile,422,TRUE
SESS_000827,CUST_00556,CAMP_02,2023-02-09,Mobile,0,FALSE
SESS_000828,NULL,CAMP_05,2023-04-02,Desktop,929,TRUE
SESS_000829,CUST_00126,NULL,2023-11-11,Tablet,175,FALSE
SESS_000830,CUST_00194,CAMP_05,2023-01-10,Desktop,181,TRUE
SESS_000831,NULL,CAMP_09,2023-04-10,Mobile,724,FALSE
SESS_000832,NULL,CAMP_07,2023-04-19,Mobile,394,TRUE
SESS_000833,CUST_00069,CAMP_04,2023-12-03,Mobile,1146,FALSE
SESS_000834,CUST_00922,NULL,2023-08-20,Mobile,0,FALSE
SESS_000835,CUST_00665,NULL,2023-01-04,Tablet,954,TRUE
SESS_000836,CUST_00785,NULL,2023-03-11,Mobile,1017,TRUE
SESS_000837,NULL,CAMP_06,2023-05-06,Tablet,1104,TRUE
SESS_000838,NULL,NULL,2023-03-12,Tablet,533,TRUE
SESS_000839,CUST_00422,CAMP_09,2023-07-06,Desktop,1025,TRUE
SESS_000840,NULL,NULL,2023-04-05,Tablet,195,TRUE
SESS_000841,CUST_00103,NULL,2023-02-18,Tablet,688,TRUE
SESS_000842,NULL,CAMP_04,2023-01-26,Tablet,642,TRUE
SESS_000843,CUST_00082,CAMP_09,2023-10-23,Tablet,1123,TRUE
SESS_000844,NULL,NULL,2023-01-21,Tablet,865,FALSE
SESS_000845,NULL,NULL,2023-10-29,Desktop,0,TRUE
SESS_000846,CUST_00110,NULL,2023-10-30,Desktop,512,FALSE
SESS_000847,CUST_00718,CAMP_01,2023-08-29,Mobile,264,FALSE
SESS_000848,CUST_00418,NULL,2023-09-25,Tablet,1186,FALSE
SESS_000849,CUST_00244,NULL,2023-04-19,Desktop,800,TRUE
SESS_000850,NULL,CAMP_07,2023-10-24,Tablet,556,TRUE
SESS_000851,CUST_00262,CAMP_08,2023-01-01,Desktop,835,FALSE
SESS_000852,NULL,NULL,2023-11-25,Desktop,250,FALSE
SESS_000853,NULL,CAMP_01,2023-02-06,Tablet,813,TRUE
SESS_000854,CUST_00668,NULL,2023-02-26,Tablet,33,FALSE
SESS_000855,NULL,CAMP_02,2023-07-08,Tablet,846,TRUE
SESS_000856,CUST_00207,CAMP_03,2023-04-16,Mobile,728,FALSE
SESS_000857,NULL,NULL,2023-05-21,Mobile,105,FALSE
SESS_000858,NULL,CAMP_01,2023-08-23,Desktop,597,TRUE
SESS_000859,NULL,NULL,2023-08-07,Desktop,974,TRUE
SESS_000860,CUST_00311,CAMP_08,2023-04-13,Tablet,569,TRUE
SESS_000861,NULL,NULL,2023-03-10,Desktop,485,TRUE
SESS_000862,CUST_00957,NULL,2023-05-18,Tablet,764,TRUE
SESS_000863,CUST_00529,CAMP_07,2023-01-11,Desktop,1166,TRUE
SESS_000864,NULL,NULL,2023-12-09,Desktop,1181,FALSE
SESS_000865,CUST_00542,NULL,2023-01-11,Tablet,1139,FALSE
SESS_000866,NULL,NULL,2023-06-06,Tablet,875,TRUE
SESS_000867,NULL,NULL,2023-11-05,Desktop,1160,TRUE
SESS_000868,NULL,NULL,2023-01-24,Tablet,735,TRUE
SESS_000869,CUST_00442,CAMP_01,2023-12-20,Desktop,216,FALSE
SESS_000870,CUST_00210,NULL,2023-10-01,Tablet,153,TRUE
SESS_000871,CUST_00139,NULL,2023-04-20,Mobile,764,TRUE
SESS_000872,CUST_00288,CAMP_08,2023-04-18,Desktop,702,TRUE
SESS_000873,CUST_00811,CAMP_04,2023-01-23,Mobile,572,FALSE
SESS_000874,CUST_00949,CAMP_04,2023-07-30,Tablet,209,TRUE
SESS_000875,NULL,NULL,2023-06-28,Tablet,931,FALSE
SESS_000876,NULL,CAMP_01,2023-12-08,Tablet,399,FALSE
SESS_000877,NULL,NULL,2023-04-18,Mobile,276,FALSE
SESS_000878,NULL,NULL,2023-03-02,Tablet,423,TRUE
SESS_000879,CUST_00443,NULL,2023-02-02,Mobile,975,TRUE
SESS_000880,CUST_00701,CAMP_07,2023-02-25,Desktop,327,TRUE
SESS_000881,CUST_00717,CAMP_05,2024-01-01,Desktop,1141,TRUE
SESS_000882,CUST_00940,CAMP_06,2023-08-20,Mobile,1096,FALSE
SESS_000883,CUST_00626,CAMP_08,2023-05-23,Tablet,537,TRUE
SESS_000884,NULL,NULL,2023-10-02,Mobile,191,FALSE
SESS_000885,NULL,NULL,2023-12-25,Desktop,236,FALSE
SESS_000886,CUST_00756,CAMP_01,2023-09-23,Mobile,1108,FALSE
SESS_000887,CUST_00521,CAMP_09,2023-02-07,Mobile,1108,TRUE
SESS_000888,NULL,NULL,2023-10-09,Mobile,370,FALSE
SESS_000889,NULL,CAMP_02,2023-09-23,Mobile,910,TRUE
SESS_000890,NULL,CAMP_08,2023-03-26,Tablet,570,TRUE
SESS_000891,CUST_00799,NULL,2023-12-07,Tablet,54,TRUE
SESS_000892,CUST_00776,CAMP_10,2023-02-11,Desktop,394,FALSE
SESS_000893,CUST_00552,CAMP_01,2023-11-19,Tablet,57,TRUE
SESS_000894,CUST_00118,CAMP_09,2023-11-27,Tablet,603,FALSE
SESS_000895,CUST_00591,CAMP_05,2023-09-09,Desktop,161,TRUE
SESS_000896,CUST_00808,NULL,2023-07-14,Mobile,87,TRUE
SESS_000897,CUST_00003,CAMP_04,2023-07-13,Tablet,704,TRUE
SESS_000898,CUST_00415,NULL,2023-03-04,Mobile,850,FALSE
SESS_000899,CUST_00379,CAMP_06,2023-06-08,Mobile,0,FALSE
SESS_000900,NULL,NULL,2023-07-28,Mobile,497,TRUE
SESS_000901,CUST_00364,CAMP_01,2023-11-16,Tablet,1081,TRUE
SESS_000902,CUST_00951,NULL,2023-07-20,Tablet,1087,TRUE
SESS_000903,CUST_00268,CAMP_05,2023-11-26,Mobile,1126,FALSE
SESS_000904,CUST_00388,CAMP_04,2023-09-28,Tablet,136,FALSE
SESS_000905,NULL,CAMP_10,2023-12-14,Tablet,354,FALSE
SESS_000906,CUST_00418,NULL,2023-01-11,Mobile,864,FALSE
SESS_000907,CUST_00542,NULL,2023-02-23,Tablet,520,FALSE
SESS_000908,NULL,CAMP_07,2023-03-22,Tablet,770,TRUE
SESS_000909,NULL,CAMP_06,2023-06-24,Desktop,387,FALSE
SESS_000910,NULL,NULL,2023-07-13,Tablet,847,TRUE
SESS_000911,CUST_00835,CAMP_01,2023-04-26,Tablet,228,TRUE
SESS_000912,CUST_00851,CAMP_06,2023-03-10,Mobile,131,TRUE
SESS_000913,CUST_00059,CAMP_05,2023-05-03,Mobile,447,TRUE
SESS_000914,NULL,CAMP_10,2023-06-11,Tablet,255,FALSE
SESS_000915,CUST_00093,NULL,2023-11-04,Mobile,1082,TRUE
SESS_000916,CUST_00622,CAMP_04,2023-10-31,Desktop,410,FALSE
SESS_000917,CUST_00232,NULL,2023-07-28,Desktop,162,TRUE
SESS_000918,CUST_00509,CAMP_06,2023-07-19,Desktop,950,TRUE
SESS_000919,CUST_00538,CAMP_01,2023-04-05,Mobile,0,TRUE
SESS_000920,CUST_00425,NULL,2023-03-07,Desktop,1077,FALSE
SESS_000921,CUST_00653,CAMP_05,2023-05-26,Desktop,250,TRUE
SESS_000922,CUST_00697,NULL,2023-07-08,Desktop,713,TRUE
SESS_000923,CUST_00828,NULL,2023-09-27,Tablet,1182,FALSE
SESS_000924,NULL,CAMP_06,2023-01-14,Desktop,290,FALSE
SESS_000925,CUST_00162,CAMP_10,2023-11-05,Desktop,307,TRUE
SESS_000926,CUST_00079,NULL,2023-01-19,Tablet,607,FALSE
SESS_000927,NULL,NULL,2023-01-11,Tablet,491,FALSE
SESS_000928,CUST_00762,NULL,2023-12-22,Desktop,243,TRUE
SESS_000929,CUST_00967,NULL,2023-01-29,Desktop,421,TRUE
SESS_000930,NULL,CAMP_01,2023-07-17,Mobile,938,FALSE
SESS_000931,NULL,NULL,2023-04-22,Tablet,702,TRUE
SESS_000932,CUST_00447,CAMP_08,2023-11-17,Mobile,874,FALSE
SESS_000933,CUST_00538,CAMP_05,2023-01-21,Desktop,500,TRUE
SESS_000934,CUST_00799,NULL,2023-06-02,Mobile,981,FALSE
SESS_000935,CUST_00140,NULL,2023-04-19,Mobile,771,TRUE
SESS_000936,CUST_00463,CAMP_01,2023-11-07,Desktop,1044,FALSE
SESS_000937,NULL,NULL,2023-10-21,Mobile,37,TRUE
SESS_000938,CUST_00170,NULL,2023-11-03,Tablet,1178,TRUE
SESS_000939,CUST_00385,CAMP_05,2023-10-10,Tablet,939,FALSE
SESS_000940,CUST_00375,CAMP_10,2023-05-08,Mobile,681,TRUE
SESS_000941,CUST_00584,CAMP_04,2023-03-31,Mobile,226,FALSE
SESS_000942,NULL,NULL,2023-08-09,Mobile,1159,FALSE
SESS_000943,CUST_00024,CAMP_08,2023-03-21,Mobile,246,TRUE
SESS_000944,CUST_00179,CAMP_05,2023-10-15,Tablet,472,FALSE
SESS_000945,CUST_00930,NULL,2023-05-05,Desktop,288,TRUE
SESS_000946,CUST_00292,CAMP_06,2023-07-28,Tablet,246,TRUE
SESS_000947,CUST_00350,NULL,2023-03-17,Mobile,739,FALSE
SESS_000948,NULL,CAMP_07,2023-10-21,Mobile,710,FALSE
SESS_000949,NULL,NULL,2023-08-07,Desktop,303,TRUE
SESS_000950,CUST_00946,CAMP_05,2023-04-09,Tablet,821,TRUE
SESS_000951,CUST_00279,CAMP_01,2023-01-16,Mobile,0,FALSE
SESS_000952,CUST_00445,CAMP_07,2023-02-02,Desktop,244,TRUE
SESS_000953,NULL,NULL,2023-04-09,Desktop,690,TRUE
SESS_000954,NULL,NULL,2023-09-28,Desktop,576,TRUE
SESS_000955,CUST_00330,NULL,2023-07-28,Mobile,1073,FALSE
SESS_000956,CUST_00643,NULL,2023-07-08,Mobile,578,FALSE
SESS_000957,CUST_00289,NULL,2023-01-30,Tablet,924,FALSE
SESS_000958,CUST_00611,NULL,2023-01-10,Desktop,193,FALSE
SESS_000959,CUST_00945,NULL,2023-01-25,Mobile,1162,TRUE
SESS_000960,NULL,CAMP_09,2023-05-15,Desktop,404,TRUE
SESS_000961,CUST_00978,CAMP_06,2023-03-29,Mobile,711,FALSE
SESS_000962,CUST_00082,NULL,2023-04-15,Mobile,213,FALSE
SESS_000963,NULL,CAMP_04,2023-09-20,Tablet,655,TRUE
SESS_000964,CUST_00386,NULL,2023-04-22,Mobile,157,TRUE
SESS_000965,NULL,NULL,2023-03-28,Desktop,666,TRUE
SESS_000966,CUST_00997,CAMP_07,2023-05-22,Tablet,113,TRUE
SESS_000967,CUST_00408,NULL,2023-02-25,Mobile,953,TRUE
SESS_000968,NULL,NULL,2023-01-08,Mobile,193,TRUE
SESS_000969,CUST_00187,NULL,2023-04-10,Tablet,1068,TRUE
SESS_000970,CUST_00753,CAMP_10,2023-08-13,Mobile,877,TRUE
SESS_000971,NULL,NULL,2023-09-21,Mobile,1118,TRUE
SESS_000972,CUST_00587,CAMP_01,2023-09-10,Tablet,1120,FALSE
SESS_000973,CUST_00122,NULL,2023-12-25,Desktop,829,FALSE
SESS_000974,CUST_00827,NULL,2023-01-08,Tablet,9,FALSE
SESS_000975,CUST_00185,NULL,2023-06-28,Tablet,331,FALSE
SESS_000976,CUST_00796,NULL,2023-08-18,Desktop,547,TRUE
SESS_000977,CUST_00789,CAMP_02,2023-10-20,Mobile,675,TRUE
SESS_000978,CUST_00571,CAMP_05,2023-05-01,Mobile,1114,TRUE
SESS_000979,CUST_00130,CAMP_01,2023-06-19,Desktop,475,FALSE
SESS_000980,CUST_00709,NULL,2023-05-30,Tablet,271,FALSE
SESS_000981,CUST_00567,CAMP_02,2023-05-26,Tablet,930,TRUE
SESS_000982,CUST_00452,NULL,2023-04-02,Mobile,1119,FALSE
SESS_000983,CUST_00996,CAMP_01,2023-11-12,Mobile,567,TRUE
SESS_000984,NULL,CAMP_08,2023-09-11,Desktop,1094,TRUE
SESS_000985,CUST_00447,CAMP_03,2023-03-08,Tablet,1062,FALSE
SESS_000986,NULL,CAMP_06,2023-12-15,Desktop,6,FALSE
SESS_000987,CUST_00378,NULL,2023-05-18,Desktop,743,FALSE
SESS_000988,CUST_00703,NULL,2023-01-20,Desktop,260,FALSE
SESS_000989,CUST_00351,CAMP_05,2023-05-09,Mobile,1077,FALSE
SESS_000990,NULL,CAMP_10,2023-05-31,Mobile,510,TRUE
SESS_000991,CUST_00868,NULL,2023-07-20,Mobile,403,TRUE
SESS_000992,CUST_00349,NULL,2023-05-14,Desktop,676,FALSE
SESS_000993,CUST_00495,NULL,2023-06-25,Mobile,348,TRUE
SESS_000994,NULL,CAMP_06,2023-09-29,Desktop,762,TRUE
SESS_000995,NULL,CAMP_06,2023-07-07,Desktop,1007,TRUE
SESS_000996,CUST_00625,NULL,2023-09-07,Tablet,593,FALSE
SESS_000997,CUST_00639,NULL,2023-12-12,Desktop,1186,FALSE
SESS_000998,CUST_00169,NULL,2023-09-25,Tablet,688,TRUE
SESS_000999,NULL,NULL,2023-07-21,Tablet,185,TRUE
SESS_001000,CUST_00208,NULL,2023-03-30,Tablet,444,TRUE
SESS_001001,NULL,CAMP_08,2023-06-12,Desktop,37,FALSE
SESS_001002,CUST_00659,CAMP_05,2023-02-14,Desktop,729,TRUE
SESS_001003,CUST_00125,CAMP_09,2023-08-31,Desktop,128,FALSE
SESS_001004,NULL,NULL,2023-05-01,Desktop,1083,FALSE
SESS_001005,NULL,NULL,2023-06-19,Desktop,881,TRUE
SESS_001006,CUST_00812,CAMP_09,2023-08-15,Tablet,616,FALSE
SESS_001007,CUST_00346,CAMP_05,2023-10-05,Tablet,700,TRUE
SESS_001008,CUST_00325,CAMP_10,2023-05-28,Mobile,1033,TRUE
SESS_001009,CUST_00832,CAMP_06,2023-01-14,Mobile,0,TRUE
SESS_001010,CUST_00236,CAMP_04,2023-02-07,Mobile,273,TRUE
SESS_001011,CUST_00890,NULL,2023-04-17,Desktop,0,FALSE
SESS_001012,CUST_00436,CAMP_03,2023-12-16,Desktop,586,TRUE
SESS_001013,CUST_00396,CAMP_08,2023-03-15,Mobile,459,FALSE
SESS_001014,CUST_00300,CAMP_03,2023-01-04,Mobile,755,FALSE
SESS_001015,NULL,NULL,2023-04-18,Desktop,1081,FALSE
SESS_001016,CUST_00836,NULL,2023-03-10,Mobile,133,FALSE
SESS_001017,NULL,NULL,2023-02-17,Desktop,777,TRUE
SESS_001018,NULL,NULL,2023-03-23,Mobile,0,FALSE
SESS_001019,CUST_00414,CAMP_02,2023-12-07,Mobile,367,FALSE
SESS_001020,CUST_00267,CAMP_06,2023-10-15,Tablet,549,TRUE
SESS_001021,CUST_00334,NULL,2023-02-16,Desktop,933,FALSE
SESS_001022,CUST_00402,NULL,2023-04-04,Tablet,905,FALSE
SESS_001023,NULL,CAMP_04,2023-08-15,Tablet,449,FALSE
SESS_001024,CUST_00949,NULL,2023-04-04,Mobile,322,TRUE
SESS_001025,NULL,NULL,2023-03-29,Desktop,879,TRUE
SESS_001026,NULL,NULL,2023-10-11,Desktop,299,FALSE
SESS_001027,CUST_00988,NULL,2023-10-23,Desktop,421,TRUE
SESS_001028,CUST_00501,CAMP_08,2023-09-10,Mobile,335,TRUE
SESS_001029,CUST_00268,CAMP_10,2023-09-13,Desktop,243,TRUE
SESS_001030,CUST_00192,CAMP_08,2023-02-05,Mobile,118,TRUE
SESS_001031,CUST_00540,CAMP_02,2023-04-20,Mobile,674,TRUE
SESS_001032,NULL,NULL,2023-12-12,Desktop,280,FALSE
SESS_001033,CUST_00562,NULL,2023-01-20,Desktop,548,FALSE
SESS_001034,CUST_00532,CAMP_10,2023-08-13,Tablet,436,TRUE
SESS_001035,CUST_00366,NULL,2023-11-23,Desktop,812,TRUE
SESS_001036,NULL,NULL,2023-06-04,Mobile,799,TRUE
SESS_001037,CUST_00472,NULL,2023-03-25,Mobile,1173,TRUE
SESS_001038,CUST_00659,CAMP_10,2023-06-28,Tablet,54,TRUE
SESS_001039,CUST_00753,CAMP_01,2023-11-10,Mobile,15,TRUE
SESS_001040,NULL,CAMP_02,2023-11-08,Desktop,302,FALSE
SESS_001041,NULL,NULL,2023-03-02,Tablet,947,FALSE
SESS_001042,NULL,CAMP_02,2023-03-01,Desktop,788,FALSE
SESS_001043,NULL,CAMP_01,2023-08-17,Mobile,707,FALSE
SESS_001044,CUST_00203,CAMP_04,2023-01-19,Tablet,1176,FALSE
SESS_001045,CUST_00677,NULL,2023-11-30,Tablet,622,TRUE
SESS_001046,NULL,NULL,2023-01-12,Desktop,813,TRUE
SESS_001047,CUST_00591,CAMP_03,2023-03-18,Desktop,0,TRUE
SESS_001048,NULL,CAMP_06,2023-07-14,Desktop,7,FALSE
SESS_001049,CUST_00354,NULL,2023-12-22,Desktop,1021,FALSE
SESS_001050,CUST_00122,NULL,2023-04-08,Mobile,740,FALSE
SESS_001051,CUST_00947,NULL,2023-01-14,Tablet,158,TRUE
SESS_001052,NULL,NULL,2023-01-28,Mobile,257,FALSE
SESS_001053,CUST_00285,NULL,2023-11-03,Desktop,130,TRUE
SESS_001054,CUST_00883,CAMP_07,2023-04-27,Mobile,264,TRUE
SESS_001055,CUST_00268,CAMP_03,2023-12-17,Tablet,20,TRUE
SESS_001056,NULL,NULL,2023-01-09,Desktop,748,FALSE
SESS_001057,CUST_00787,CAMP_06,2023-08-05,Tablet,137,TRUE
SESS_001058,CUST_00436,CAMP_04,2023-05-09,Mobile,222,FALSE
SESS_001059,CUST_00114,NULL,2023-01-31,Desktop,1058,FALSE
SESS_001060,CUST_00568,NULL,2023-08-19,Mobile,570,FALSE
SESS_001061,CUST_00044,CAMP_09,2023-02-19,Tablet,755,TRUE
SESS_001062,CUST_00111,CAMP_01,2023-08-26,Desktop,405,TRUE
SESS_001063,NULL,NULL,2023-04-28,Tablet,168,TRUE
SESS_001064,CUST_00544,CAMP_08,2023-06-03,Mobile,825,TRUE
SESS_001065,NULL,NULL,2023-06-28,Desktop,1086,FALSE
SESS_001066,CUST_00260,NULL,2023-04-15,Desktop,669,FALSE
SESS_001067,CUST_00823,CAMP_04,2023-11-07,Mobile,325,FALSE
SESS_001068,CUST_00859,NULL,2023-07-21,Mobile,309,TRUE
SESS_001069,NULL,NULL,2023-09-01,Desktop,70,FALSE
SESS_001070,CUST_00319,CAMP_10,2023-01-13,Desktop,243,FALSE
SESS_001071,CUST_00936,NULL,2023-01-11,Tablet,542,TRUE
SESS_001072,NULL,CAMP_05,2023-10-21,Desktop,650,TRUE
SESS_001073,CUST_00177,NULL,2023-11-09,Desktop,1032,FALSE
SESS_001074,CUST_00842,NULL,2023-07-22,Desktop,1088,FALSE
SESS_001075,NULL,NULL,2023-08-13,Tablet,251,TRUE
SESS_001076,CUST_00105,NULL,2023-07-15,Desktop,309,TRUE
SESS_001077,CUST_00585,NULL,2023-04-30,Mobile,665,FALSE
SESS_001078,CUST_00686,CAMP_05,2023-10-26,Desktop,238,TRUE
SESS_001079,NULL,CAMP_05,2023-03-26,Mobile,290,TRUE
SESS_001080,CUST_00926,CAMP_03,2023-02-24,Desktop,846,FALSE
SESS_001081,CUST_00646,CAMP_05,2023-02-18,Desktop,176,TRUE
SESS_001082,CUST_00610,CAMP_10,2023-08-18,Mobile,234,TRUE
SESS_001083,CUST_00551,CAMP_10,2023-05-29,Tablet,1045,TRUE
SESS_001084,CUST_00951,NULL,2023-05-14,Tablet,1100,FALSE
SESS_001085,CUST_00905,NULL,2023-09-20,Tablet,482,TRUE
SESS_001086,CUST_00955,NULL,2023-03-30,Desktop,0,FALSE
SESS_001087,CUST_00683,NULL,2023-04-03,Mobile,783,FALSE
SESS_001088,NULL,CAMP_02,2023-03-22,Desktop,1028,FALSE
SESS_001089,CUST_00434,CAMP_09,2023-03-19,Mobile,808,FALSE
SESS_001090,CUST_00052,NULL,2023-10-29,Tablet,474,TRUE
SESS_001091,CUST_00434,NULL,2023-08-07,Desktop,1017,FALSE
SESS_001092,CUST_00691,CAMP_09,2023-10-13,Mobile,687,FALSE
SESS_001093,CUST_00880,CAMP_07,2023-04-04,Tablet,97,FALSE
SESS_001094,CUST_00856,CAMP_07,2023-10-07,Mobile,547,TRUE
SESS_001095,CUST_00320,NULL,2023-08-16,Desktop,318,FALSE
SESS_001096,NULL,CAMP_10,2023-05-05,Tablet,837,TRUE
SESS_001097,CUST_00588,CAMP_04,2023-05-17,Desktop,824,TRUE
SESS_001098,NULL,NULL,2023-05-13,Mobile,987,TRUE
SESS_001099,CUST_00590,NULL,2023-01-12,Desktop,134,TRUE
SESS_001100,CUST_00775,CAMP_04,2023-07-03,Tablet,339,FALSE
SESS_001101,CUST_00239,NULL,2023-07-28,Desktop,704,TRUE
SESS_001102,CUST_00524,NULL,2023-06-20,Tablet,49,TRUE
SESS_001103,CUST_00508,NULL,2023-03-05,Desktop,204,FALSE
SESS_001104,CUST_00281,NULL,2023-10-18,Mobile,828,FALSE
SESS_001105,CUST_00934,CAMP_02,2023-09-22,Mobile,534,TRUE
SESS_001106,CUST_00560,CAMP_01,2023-07-25,Mobile,1133,FALSE
SESS_001107,NULL,CAMP_02,2023-04-26,Tablet,383,TRUE
SESS_001108,CUST_00632,CAMP_10,2023-05-08,Tablet,1196,FALSE
SESS_001109,CUST_00519,NULL,2023-06-09,Tablet,189,TRUE
SESS_001110,CUST_00051,NULL,2023-11-11,Mobile,374,FALSE
SESS_001111,CUST_00253,CAMP_07,2023-12-22,Desktop,724,FALSE
SESS_001112,CUST_00064,NULL,2023-11-02,Desktop,1142,TRUE
SESS_001113,NULL,CAMP_03,2023-02-21,Desktop,1191,TRUE
SESS_001114,CUST_00008,NULL,2023-11-01,Tablet,1177,TRUE
SESS_001115,CUST_00257,NULL,2023-05-31,Mobile,773,FALSE
SESS_001116,CUST_00629,NULL,2023-09-12,Mobile,107,FALSE
SESS_001117,NULL,CAMP_05,2023-06-11,Mobile,750,TRUE
SESS_001118,CUST_00585,NULL,2023-06-07,Tablet,457,TRUE
SESS_001119,NULL,NULL,2023-07-09,Tablet,833,FALSE
SESS_001120,NULL,NULL,2023-12-25,Tablet,115,TRUE
SESS_001121,CUST_00235,CAMP_01,2023-12-22,Tablet,876,FALSE
SESS_001122,NULL,NULL,2023-08-20,Mobile,984,FALSE
SESS_001123,NULL,NULL,2023-02-04,Mobile,61,FALSE
SESS_001124,CUST_00095,NULL,2023-09-15,Tablet,1097,TRUE
SESS_001125,NULL,CAMP_09,2023-01-08,Desktop,976,FALSE
SESS_001126,CUST_00573,NULL,2023-02-10,Mobile,1188,FALSE
SESS_001127,CUST_00919,NULL,2023-05-20,Mobile,281,TRUE
SESS_001128,CUST_00654,CAMP_02,2023-03-17,Tablet,232,TRUE
SESS_001129,NULL,CAMP_08,2023-06-25,Mobile,885,FALSE
SESS_001130,CUST_00546,NULL,2023-10-11,Tablet,350,TRUE
SESS_001131,NULL,NULL,2023-12-10,Desktop,481,TRUE
SESS_001132,CUST_00973,NULL,2023-01-17,Tablet,884,TRUE
SESS_001133,CUST_00347,CAMP_04,2023-02-09,Desktop,291,FALSE
SESS_001134,CUST_00293,CAMP_10,2023-09-09,Tablet,178,FALSE
SESS_001135,CUST_00249,CAMP_03,2023-09-08,Mobile,67,TRUE
SESS_001136,CUST_00174,CAMP_08,2023-07-01,Tablet,30,TRUE
SESS_001137,CUST_00397,CAMP_01,2023-05-11,Tablet,403,FALSE
SESS_001138,CUST_00559,CAMP_03,2023-05-17,Desktop,474,TRUE
SESS_001139,NULL,CAMP_02,2023-09-21,Desktop,816,TRUE
SESS_001140,CUST_00863,NULL,2023-03-30,Tablet,525,TRUE
SESS_001141,NULL,NULL,2023-09-30,Mobile,1100,FALSE
SESS_001142,CUST_00223,NULL,2023-10-10,Desktop,36,FALSE
SESS_001143,CUST_00247,CAMP_02,2023-03-17,Desktop,939,TRUE
SESS_001144,CUST_00753,NULL,2023-11-15,Desktop,1191,TRUE
SESS_001145,CUST_00907,CAMP_10,2023-02-01,Tablet,649,FALSE
SESS_001146,NULL,CAMP_03,2023-05-10,Mobile,481,FALSE
SESS_001147,CUST_00554,CAMP_07,2023-12-30,Tablet,363,TRUE
SESS_001148,CUST_00607,NULL,2023-09-24,Mobile,492,TRUE
SESS_001149,CUST_00676,CAMP_01,2023-07-20,Mobile,1165,TRUE
SESS_001150,CUST_00729,CAMP_04,2023-03-27,Mobile,253,FALSE
SESS_001151,NULL,CAMP_01,2023-02-02,Tablet,1074,TRUE
SESS_001152,NULL,NULL,2023-11-20,Desktop,1148,FALSE
SESS_001153,CUST_00012,CAMP_05,2023-04-07,Tablet,790,FALSE
SESS_001154,NULL,CAMP_06,2023-11-29,Mobile,179,FALSE
SESS_001155,NULL,CAMP_09,2023-11-25,Mobile,404,TRUE
SESS_001156,CUST_00693,CAMP_01,2023-01-02,Mobile,39,FALSE
SESS_001157,NULL,CAMP_05,2023-06-18,Tablet,781,TRUE
SESS_001158,CUST_00048,NULL,2023-12-09,Mobile,869,FALSE
SESS_001159,CUST_00380,NULL,2023-02-14,Tablet,189,FALSE
SESS_001160,CUST_00002,CAMP_09,2023-06-15,Desktop,821,TRUE
SESS_001161,NULL,CAMP_01,2023-09-25,Desktop,35,FALSE
SESS_001162,CUST_00562,NULL,2023-10-11,Mobile,778,TRUE
SESS_001163,CUST_00398,CAMP_01,2023-09-28,Mobile,1110,FALSE
SESS_001164,CUST_00484,CAMP_08,2023-11-11,Desktop,750,FALSE
SESS_001165,NULL,NULL,2023-02-09,Desktop,0,TRUE
SESS_001166,NULL,NULL,2023-02-14,Mobile,888,TRUE
SESS_001167,CUST_00987,CAMP_10,2023-10-14,Mobile,312,TRUE
SESS_001168,CUST_00006,CAMP_10,2023-07-08,Mobile,154,TRUE
SESS_001169,CUST_00981,NULL,2023-09-07,Mobile,600,FALSE
SESS_001170,CUST_00395,CAMP_02,2023-02-19,Desktop,1134,FALSE
SESS_001171,CUST_00963,NULL,2023-05-17,Mobile,338,TRUE
SESS_001172,CUST_00077,NULL,2023-12-29,Tablet,755,TRUE
SESS_001173,CUST_00301,NULL,2023-01-24,Tablet,896,TRUE
SESS_001174,NULL,CAMP_06,2023-09-12,Desktop,369,FALSE
SESS_001175,NULL,CAMP_04,2023-12-27,Tablet,844,FALSE
SESS_001176,NULL,NULL,2023-08-29,Mobile,1035,TRUE
SESS_001177,CUST_00907,CAMP_01,2023-01-30,Desktop,999,TRUE
SESS_001178,NULL,CAMP_08,2023-05-04,Desktop,284,TRUE
SESS_001179,CUST_00814,CAMP_01,2023-09-04,Desktop,125,FALSE
SESS_001180,CUST_00972,NULL,2023-03-01,Desktop,766,FALSE
SESS_001181,CUST_00112,CAMP_02,2023-06-11,Mobile,880,FALSE
SESS_001182,CUST_00970,CAMP_08,2023-01-28,Desktop,0,TRUE
SESS_001183,CUST_00608,NULL,2023-01-08,Desktop,995,FALSE
SESS_001184,NULL,CAMP_05,2023-10-15,Tablet,675,FALSE
SESS_001185,NULL,CAMP_08,2023-07-31,Desktop,1142,FALSE
SESS_001186,CUST_00610,NULL,2023-08-30,Desktop,851,TRUE
SESS_001187,CUST_00528,CAMP_08,2023-04-14,Tablet,1107,FALSE
SESS_001188,CUST_00037,NULL,2023-01-24,Mobile,725,FALSE
SESS_001189,NULL,NULL,2023-08-28,Tablet,441,FALSE
SESS_001190,CUST_00263,CAMP_04,2023-06-22,Mobile,866,TRUE
SESS_001191,CUST_00446,NULL,2023-08-08,Mobile,401,FALSE
SESS_001192,CUST_00913,NULL,2023-10-05,Desktop,404,TRUE
SESS_001193,CUST_00392,CAMP_05,2023-07-27,Mobile,1111,FALSE
SESS_001194,CUST_00950,NULL,2023-01-26,Mobile,742,TRUE
SESS_001195,CUST_00407,NULL,2023-10-17,Mobile,24,TRUE
SESS_001196,CUST_00333,NULL,2023-09-10,Tablet,638,TRUE
SESS_001197,NULL,NULL,2023-02-12,Desktop,952,TRUE
SESS_001198,CUST_00704,NULL,2023-06-18,Tablet,916,FALSE
SESS_001199,NULL,CAMP_07,2023-11-14,Tablet,483,TRUE
SESS_001200,CUST_00086,CAMP_01,2023-02-12,Tablet,281,TRUE
SESS_001201,CUST_00986,NULL,2023-03-22,Mobile,108,FALSE
SESS_001202,CUST_00953,NULL,2023-06-27,Tablet,536,TRUE
SESS_001203,NULL,NULL,2023-09-10,Desktop,912,FALSE
SESS_001204,CUST_00051,CAMP_10,2023-12-12,Tablet,62,TRUE
SESS_001205,NULL,CAMP_05,2023-12-13,Desktop,447,TRUE
SESS_001206,NULL,CAMP_02,2023-01-02,Tablet,0,FALSE
SESS_001207,CUST_00519,CAMP_05,2023-02-02,Desktop,1116,TRUE
SESS_001208,CUST_00670,NULL,2023-11-12,Desktop,361,FALSE
SESS_001209,CUST_00703,CAMP_03,2023-01-24,Tablet,799,FALSE
SESS_001210,CUST_00592,NULL,2023-01-10,Mobile,1174,TRUE
SESS_001211,NULL,CAMP_08,2023-09-02,Tablet,95,FALSE
SESS_001212,CUST_00712,CAMP_04,2023-12-06,Mobile,1172,FALSE
SESS_001213,CUST_00384,CAMP_01,2023-01-02,Mobile,1010,FALSE
SESS_001214,CUST_00009,NULL,2023-11-21,Tablet,27,FALSE
SESS_001215,CUST_00134,CAMP_03,2023-05-27,Desktop,945,TRUE
SESS_001216,CUST_00678,CAMP_03,2023-04-23,Mobile,635,TRUE
SESS_001217,CUST_00033,CAMP_07,2023-12-13,Desktop,734,TRUE
SESS_001218,CUST_00424,CAMP_04,2023-01-08,Mobile,243,FALSE
SESS_001219,CUST_00632,CAMP_05,2023-12-14,Tablet,939,TRUE
SESS_001220,CUST_00557,NULL,2023-10-17,Mobile,184,FALSE
SESS_001221,CUST_00405,NULL,2023-05-04,Mobile,371,FALSE
SESS_001222,CUST_00363,CAMP_02,2023-05-11,Mobile,953,FALSE
SESS_001223,NULL,NULL,2023-02-16,Tablet,336,TRUE
SESS_001224,NULL,NULL,2023-03-28,Desktop,355,TRUE
SESS_001225,CUST_00535,CAMP_08,2023-01-03,Tablet,754,TRUE
SESS_001226,CUST_00217,CAMP_06,2023-10-09,Desktop,172,TRUE
SESS_001227,CUST_00707,CAMP_03,2023-12-27,Tablet,197,FALSE
SESS_001228,NULL,CAMP_06,2023-05-02,Mobile,1100,FALSE
SESS_001229,NULL,CAMP_10,2023-03-21,Desktop,1196,TRUE
SESS_001230,NULL,CAMP_05,2023-01-28,Tablet,201,FALSE
SESS_001231,CUST_00167,NULL,2023-04-01,Desktop,442,FALSE
SESS_001232,CUST_00235,NULL,2023-03-21,Desktop,521,TRUE
SESS_001233,CUST_00749,NULL,2023-09-26,Tablet,229,TRUE
SESS_001234,CUST_00728,NULL,2023-01-06,Tablet,264,FALSE
SESS_001235,NULL,NULL,2023-01-26,Tablet,310,FALSE
SESS_001236,CUST_00368,CAMP_03,2023-12-23,Desktop,504,FALSE
SESS_001237,CUST_00428,NULL,2023-01-25,Mobile,0,TRUE
SESS_001238,CUST_00813,CAMP_08,2023-08-22,Mobile,733,TRUE
SESS_001239,CUST_00136,CAMP_01,2023-11-30,Mobile,188,FALSE
SESS_001240,CUST_00076,NULL,2023-07-13,Desktop,88,FALSE
SESS_001241,CUST_00224,NULL,2023-01-15,Tablet,512,TRUE
SESS_001242,NULL,NULL,2023-03-25,Mobile,1167,TRUE
SESS_001243,CUST_00015,CAMP_06,2023-07-27,Desktop,759,FALSE
SESS_001244,CUST_00772,CAMP_01,2023-07-16,Mobile,811,TRUE
SESS_001245,CUST_00371,NULL,2023-06-05,Desktop,592,TRUE
SESS_001246,CUST_00452,CAMP_07,2023-04-11,Tablet,632,FALSE
SESS_001247,CUST_00353,NULL,2023-11-28,Desktop,776,FALSE
SESS_001248,CUST_00445,CAMP_02,2023-02-15,Tablet,305,FALSE
SESS_001249,NULL,CAMP_06,2023-12-02,Desktop,661,FALSE
SESS_001250,CUST_00526,CAMP_01,2023-10-01,Tablet,1014,FALSE
SESS_001251,CUST_00758,CAMP_07,2023-03-17,Tablet,496,FALSE
SESS_001252,NULL,CAMP_07,2023-05-15,Mobile,416,FALSE
SESS_001253,CUST_00986,CAMP_08,2023-04-06,Tablet,122,FALSE
SESS_001254,NULL,NULL,2023-01-18,Tablet,498,TRUE
SESS_001255,CUST_00542,NULL,2023-01-15,Tablet,551,FALSE
SESS_001256,CUST_00707,CAMP_05,2023-09-13,Tablet,933,FALSE
SESS_001257,CUST_00275,CAMP_06,2023-04-13,Tablet,496,TRUE
SESS_001258,CUST_00954,CAMP_09,2023-07-15,Desktop,887,TRUE
SESS_001259,NULL,NULL,2023-01-12,Desktop,21,TRUE
SESS_001260,CUST_00314,CAMP_06,2023-04-05,Mobile,297,TRUE
SESS_001261,CUST_00310,CAMP_03,2023-02-27,Mobile,32,FALSE
SESS_001262,NULL,CAMP_10,2023-03-02,Tablet,376,TRUE
SESS_001263,NULL,CAMP_05,2023-11-30,Desktop,1200,FALSE
SESS_001264,CUST_00837,NULL,2023-06-12,Tablet,442,TRUE
SESS_001265,CUST_00674,CAMP_04,2023-02-23,Tablet,42,FALSE
SESS_001266,NULL,CAMP_06,2023-03-27,Mobile,251,FALSE
SESS_001267,NULL,CAMP_05,2023-06-12,Mobile,433,TRUE
SESS_001268,CUST_00181,NULL,2023-09-16,Mobile,536,FALSE
SESS_001269,CUST_00116,NULL,2023-11-26,Mobile,56,TRUE
SESS_001270,CUST_00841,NULL,2023-08-16,Mobile,932,FALSE
SESS_001271,CUST_00193,NULL,2023-01-02,Desktop,575,TRUE
SESS_001272,CUST_00645,CAMP_03,2023-08-13,Desktop,133,TRUE
SESS_001273,CUST_00675,CAMP_01,2023-01-13,Mobile,995,FALSE
SESS_001274,NULL,NULL,2023-08-26,Tablet,0,TRUE
SESS_001275,NULL,CAMP_02,2023-04-22,Mobile,1088,FALSE
SESS_001276,CUST_00931,NULL,2023-03-04,Mobile,779,FALSE
SESS_001277,CUST_00401,NULL,2023-01-14,Desktop,386,FALSE
SESS_001278,CUST_00353,NULL,2023-07-11,Desktop,726,FALSE
SESS_001279,NULL,NULL,2023-03-28,Mobile,911,TRUE
SESS_001280,CUST_00179,NULL,2023-07-06,Mobile,459,FALSE
SESS_001281,CUST_00090,CAMP_01,2023-08-29,Mobile,192,FALSE
SESS_001282,NULL,NULL,2023-11-07,Mobile,252,FALSE
SESS_001283,CUST_00102,NULL,2023-03-05,Mobile,816,TRUE
SESS_001284,NULL,CAMP_09,2023-11-20,Mobile,188,FALSE
SESS_001285,CUST_00725,CAMP_09,2023-05-13,Mobile,984,TRUE
SESS_001286,NULL,NULL,2023-04-21,Tablet,317,FALSE
SESS_001287,CUST_00650,NULL,2023-11-08,Tablet,524,FALSE
SESS_001288,CUST_00580,NULL,2023-12-07,Tablet,382,FALSE
SESS_001289,NULL,NULL,2023-11-13,Tablet,0,FALSE
SESS_001290,NULL,CAMP_08,2023-05-06,Desktop,239,FALSE
SESS_001291,CUST_00283,NULL,2023-05-01,Desktop,999,TRUE
SESS_001292,CUST_00791,NULL,2023-10-15,Tablet,875,FALSE
SESS_001293,NULL,CAMP_03,2023-07-25,Tablet,122,FALSE
SESS_001294,NULL,CAMP_08,2023-12-03,Tablet,795,FALSE
SESS_001295,NULL,NULL,2023-10-19,Desktop,361,TRUE
SESS_001296,NULL,CAMP_05,2023-02-06,Desktop,1164,TRUE
SESS_001297,CUST_00018,CAMP_02,2023-10-23,Tablet,774,TRUE
SESS_001298,CUST_00509,NULL,2023-04-05,Desktop,982,TRUE
SESS_001299,NULL,NULL,2023-03-23,Tablet,35,FALSE
SESS_001300,NULL,CAMP_02,2023-03-18,Tablet,155,FALSE
SESS_001301,CUST_00970,CAMP_08,2023-09-30,Desktop,934,TRUE
SESS_001302,CUST_00076,NULL,2023-09-09,Mobile,478,FALSE
SESS_001303,NULL,CAMP_01,2023-08-24,Tablet,1186,FALSE
SESS_001304,CUST_00431,NULL,2023-11-23,Mobile,1175,TRUE
SESS_001305,NULL,CAMP_07,2023-06-18,Tablet,390,FALSE
SESS_001306,CUST_00653,NULL,2023-04-30,Desktop,301,TRUE
SESS_001307,CUST_00025,CAMP_08,2023-07-13,Tablet,584,TRUE
SESS_001308,CUST_00729,NULL,2023-03-13,Mobile,1154,TRUE
SESS_001309,CUST_00446,NULL,2023-06-02,Desktop,922,TRUE
SESS_001310,CUST_00207,NULL,2023-06-27,Mobile,74,TRUE
SESS_001311,CUST_00362,NULL,2023-04-23,Mobile,412,TRUE
SESS_001312,CUST_00632,NULL,2023-08-26,Mobile,166,FALSE
SESS_001313,CUST_00583,CAMP_04,2023-06-14,Mobile,106,FALSE
SESS_001314,NULL,NULL,2023-02-26,Mobile,1088,FALSE
SESS_001315,CUST_00241,CAMP_06,2023-11-11,Tablet,1079,TRUE
SESS_001316,CUST_00627,NULL,2023-05-25,Mobile,895,TRUE
SESS_001317,CUST_00965,CAMP_04,2023-06-07,Tablet,532,TRUE
SESS_001318,CUST_00406,CAMP_10,2023-10-29,Mobile,501,TRUE
SESS_001319,NULL,NULL,2023-04-26,Desktop,557,TRUE
SESS_001320,CUST_00857,CAMP_09,2023-03-29,Mobile,464,FALSE
SESS_001321,NULL,CAMP_04,2023-10-22,Tablet,1096,TRUE
SESS_001322,CUST_00277,NULL,2023-03-22,Desktop,21,FALSE
SESS_001323,NULL,CAMP_02,2023-09-03,Desktop,985,TRUE
SESS_001324,CUST_00294,CAMP_07,2023-07-09,Tablet,972,FALSE
SESS_001325,NULL,NULL,2023-06-04,Tablet,1165,TRUE
SESS_001326,NULL,CAMP_10,2023-01-28,Desktop,294,TRUE
SESS_001327,NULL,NULL,2023-08-25,Tablet,810,TRUE
SESS_001328,CUST_00339,CAMP_08,2023-01-02,Desktop,886,TRUE
SESS_001329,CUST_00968,NULL,2023-12-28,Tablet,1136,TRUE
SESS_001330,CUST_00227,NULL,2023-04-25,Desktop,1132,TRUE
SESS_001331,CUST_00196,CAMP_03,2023-12-10,Tablet,282,TRUE
SESS_001332,CUST_00188,NULL,2023-04-17,Tablet,963,FALSE
SESS_001333,CUST_00732,CAMP_09,2023-12-21,Tablet,816,TRUE
SESS_001334,NULL,CAMP_06,2023-12-30,Tablet,293,TRUE
SESS_001335,CUST_00157,CAMP_02,2023-11-28,Tablet,1002,FALSE
SESS_001336,NULL,CAMP_05,2023-04-17,Tablet,124,TRUE
SESS_001337,CUST_00168,NULL,2023-10-14,Desktop,579,FALSE
SESS_001338,CUST_00748,CAMP_03,2023-04-12,Mobile,278,FALSE
SESS_001339,NULL,NULL,2023-06-19,Mobile,1179,TRUE
SESS_001340,NULL,NULL,2023-05-10,Mobile,964,TRUE
SESS_001341,CUST_00439,CAMP_06,2023-01-06,Mobile,879,TRUE
SESS_001342,CUST_00834,NULL,2023-01-30,Mobile,574,TRUE
SESS_001343,CUST_00178,CAMP_10,2023-10-12,Tablet,0,TRUE
SESS_001344,CUST_00974,CAMP_01,2023-03-07,Desktop,611,TRUE
SESS_001345,CUST_00817,CAMP_01,2023-02-16,Mobile,338,FALSE
SESS_001346,NULL,CAMP_01,2023-08-13,Tablet,852,TRUE
SESS_001347,CUST_00795,CAMP_08,2023-11-25,Tablet,1019,TRUE
SESS_001348,CUST_00853,CAMP_03,2023-05-16,Desktop,796,TRUE
SESS_001349,CUST_00452,NULL,2023-12-13,Mobile,308,TRUE
SESS_001350,NULL,NULL,2023-01-21,Desktop,707,TRUE
SESS_001351,CUST_00937,CAMP_03,2023-05-07,Mobile,515,TRUE
SESS_001352,CUST_00103,NULL,2023-02-14,Desktop,249,TRUE
SESS_001353,NULL,NULL,2023-12-19,Desktop,856,TRUE
SESS_001354,CUST_00913,CAMP_02,2023-08-21,Desktop,0,FALSE
SESS_001355,CUST_00613,NULL,2023-02-23,Desktop,520,TRUE
SESS_001356,CUST_00919,CAMP_08,2023-02-22,Mobile,364,FALSE
SESS_001357,CUST_00256,NULL,2023-08-21,Mobile,339,FALSE
SESS_001358,NULL,NULL,2023-07-12,Tablet,661,FALSE
SESS_001359,CUST_00982,NULL,2023-04-10,Tablet,8,FALSE
SESS_001360,CUST_00302,NULL,2023-01-10,Tablet,1033,TRUE
SESS_001361,CUST_00339,NULL,2023-08-26,Desktop,890,TRUE
SESS_001362,CUST_00387,CAMP_06,2023-02-06,Desktop,646,FALSE
SESS_001363,NULL,CAMP_03,2023-07-23,Mobile,433,FALSE
SESS_001364,CUST_00239,NULL,2023-08-20,Mobile,976,TRUE
SESS_001365,CUST_00018,NULL,2023-07-24,Tablet,1116,FALSE
SESS_001366,NULL,NULL,2023-03-22,Mobile,590,FALSE
SESS_001367,NULL,NULL,2023-06-12,Tablet,1196,FALSE
SESS_001368,CUST_00832,NULL,2023-07-29,Mobile,612,TRUE
SESS_001369,CUST_00078,NULL,2023-05-13,Desktop,1058,TRUE
SESS_001370,NULL,NULL,2023-02-24,Mobile,0,TRUE
SESS_001371,CUST_00873,CAMP_03,2023-02-02,Tablet,176,FALSE
SESS_001372,CUST_00382,CAMP_09,2023-12-06,Desktop,767,TRUE
SESS_001373,CUST_00512,CAMP_05,2023-01-05,Desktop,1198,TRUE
SESS_001374,CUST_00399,NULL,2023-06-06,Mobile,6,TRUE
SESS_001375,CUST_00938,CAMP_08,2023-11-23,Desktop,988,TRUE
SESS_001376,CUST_00983,NULL,2023-07-25,Tablet,822,TRUE
SESS_001377,CUST_00742,NULL,2023-06-01,Tablet,374,FALSE
SESS_001378,CUST_00184,NULL,2023-04-04,Desktop,0,FALSE
SESS_001379,CUST_00545,NULL,2023-02-27,Tablet,999,TRUE
SESS_001380,CUST_00717,CAMP_02,2023-08-30,Desktop,919,TRUE
SESS_001381,CUST_00628,NULL,2023-12-20,Desktop,202,FALSE
SESS_001382,NULL,CAMP_01,2023-04-23,Mobile,869,FALSE
SESS_001383,NULL,NULL,2023-01-03,Tablet,407,FALSE
SESS_001384,CUST_00194,CAMP_01,2023-06-14,Tablet,100,FALSE
SESS_001385,CUST_00921,NULL,2023-12-30,Desktop,732,FALSE
SESS_001386,CUST_00631,NULL,2023-10-17,Desktop,132,FALSE
SESS_001387,CUST_00843,NULL,2023-08-12,Mobile,470,FALSE
SESS_001388,CUST_00514,CAMP_07,2023-12-11,Mobile,444,FALSE
SESS_001389,NULL,NULL,2023-02-28,Tablet,1115,FALSE
SESS_001390,NULL,NULL,2023-05-07,Mobile,1135,TRUE
SESS_001391,CUST_00195,NULL,2023-09-16,Mobile,416,FALSE
SESS_001392,NULL,CAMP_09,2023-04-25,Tablet,387,TRUE
SESS_001393,CUST_00334,CAMP_01,2023-07-27,Mobile,1014,FALSE
SESS_001394,CUST_00741,NULL,2023-10-25,Mobile,17,TRUE
SESS_001395,NULL,CAMP_05,2023-05-07,Desktop,265,FALSE
SESS_001396,NULL,CAMP_02,2023-06-30,Desktop,863,FALSE
SESS_001397,CUST_00307,NULL,2023-09-12,Mobile,39,FALSE
SESS_001398,CUST_00386,NULL,2023-07-24,Desktop,792,TRUE
SESS_001399,CUST_00097,NULL,2023-08-18,Mobile,635,FALSE
SESS_001400,CUST_00229,CAMP_07,2023-11-18,Tablet,23,FALSE
SESS_001401,CUST_00623,NULL,2023-05-18,Tablet,978,FALSE
SESS_001402,CUST_00312,NULL,2023-08-13,Desktop,816,TRUE
SESS_001403,CUST_00469,NULL,2023-12-15,Mobile,527,TRUE
SESS_001404,NULL,NULL,2023-09-18,Mobile,1037,FALSE
SESS_001405,NULL,CAMP_09,2023-11-19,Tablet,427,TRUE
SESS_001406,NULL,NULL,2023-10-27,Desktop,62,TRUE
SESS_001407,NULL,CAMP_07,2023-01-06,Tablet,355,TRUE
SESS_001408,NULL,NULL,2023-08-23,Desktop,817,TRUE
SESS_001409,NULL,CAMP_05,2023-10-01,Tablet,739,TRUE
SESS_001410,CUST_00553,CAMP_04,2023-12-07,Desktop,680,TRUE
SESS_001411,CUST_00634,CAMP_08,2023-05-15,Tablet,222,FALSE
SESS_001412,NULL,CAMP_08,2023-07-09,Desktop,1079,TRUE
SESS_001413,CUST_00738,NULL,2023-12-14,Mobile,213,TRUE
SESS_001414,CUST_00209,NULL,2023-07-03,Mobile,604,TRUE
SESS_001415,NULL,NULL,2023-10-05,Tablet,607,TRUE
SESS_001416,CUST_00936,CAMP_01,2023-12-01,Desktop,1092,FALSE
SESS_001417,CUST_00032,NULL,2023-04-15,Mobile,767,FALSE
SESS_001418,NULL,NULL,2023-05-10,Mobile,93,TRUE
SESS_001419,CUST_00573,CAMP_07,2023-07-11,Mobile,621,FALSE
SESS_001420,NULL,CAMP_10,2023-11-02,Mobile,983,FALSE
SESS_001421,NULL,CAMP_02,2023-11-08,Desktop,684,FALSE
SESS_001422,CUST_00451,CAMP_05,2023-09-13,Tablet,988,TRUE
SESS_001423,CUST_00334,NULL,2023-04-25,Desktop,900,FALSE
SESS_001424,CUST_00321,NULL,2023-02-11,Mobile,593,TRUE
SESS_001425,NULL,CAMP_10,2023-01-29,Desktop,515,TRUE
SESS_001426,CUST_00070,CAMP_08,2023-05-02,Tablet,298,FALSE
SESS_001427,CUST_00278,CAMP_09,2023-05-07,Desktop,714,TRUE
SESS_001428,CUST_00176,NULL,2023-12-09,Tablet,353,FALSE
SESS_001429,CUST_00104,NULL,2023-09-15,Tablet,1006,TRUE
SESS_001430,NULL,CAMP_09,2023-11-23,Desktop,748,FALSE
SESS_001431,CUST_00276,NULL,2023-07-07,Tablet,444,FALSE
SESS_001432,CUST_00750,CAMP_05,2023-02-27,Mobile,248,TRUE
SESS_001433,CUST_00267,NULL,2023-11-05,Mobile,80,TRUE
SESS_001434,NULL,NULL,2023-09-29,Mobile,867,FALSE
SESS_001435,NULL,CAMP_09,2023-11-04,Mobile,879,TRUE
SESS_001436,CUST_00180,CAMP_09,2023-02-04,Tablet,361,TRUE
SESS_001437,NULL,CAMP_03,2023-06-11,Tablet,133,FALSE
SESS_001438,CUST_00335,CAMP_04,2023-06-17,Tablet,468,TRUE
SESS_001439,NULL,CAMP_02,2023-07-02,Mobile,984,FALSE
SESS_001440,CUST_00753,NULL,2023-07-13,Mobile,819,TRUE
SESS_001441,NULL,CAMP_03,2023-10-28,Desktop,1183,FALSE
SESS_001442,NULL,CAMP_01,2023-11-09,Desktop,0,TRUE
SESS_001443,NULL,CAMP_09,2023-06-24,Mobile,471,FALSE
SESS_001444,CUST_00701,CAMP_03,2023-02-18,Tablet,179,TRUE
SESS_001445,NULL,NULL,2023-11-30,Tablet,803,TRUE
SESS_001446,NULL,CAMP_10,2023-08-23,Desktop,764,TRUE
SESS_001447,CUST_00912,NULL,2023-11-22,Tablet,1174,TRUE
SESS_001448,CUST_00863,CAMP_03,2023-03-15,Desktop,908,TRUE
SESS_001449,CUST_00919,CAMP_02,2023-03-12,Tablet,1088,FALSE
SESS_001450,CUST_00474,NULL,2023-06-18,Desktop,1088,TRUE
SESS_001451,CUST_00809,NULL,2023-04-16,Mobile,1021,FALSE
SESS_001452,CUST_00108,NULL,2023-04-22,Tablet,65,FALSE
SESS_001453,CUST_00117,CAMP_10,2023-05-06,Desktop,1011,TRUE
SESS_001454,CUST_00909,CAMP_10,2023-12-03,Tablet,1178,TRUE
SESS_001455,CUST_00591,NULL,2023-06-11,Mobile,1152,TRUE
SESS_001456,NULL,CAMP_06,2023-02-15,Tablet,646,TRUE
SESS_001457,CUST_00476,CAMP_01,2023-12-09,Tablet,404,FALSE
SESS_001458,CUST_00125,CAMP_10,2023-02-10,Desktop,514,TRUE
SESS_001459,CUST_00315,NULL,2023-06-11,Tablet,253,TRUE
SESS_001460,NULL,CAMP_09,2023-02-21,Desktop,256,FALSE
SESS_001461,NULL,CAMP_04,2023-07-25,Desktop,707,TRUE
SESS_001462,CUST_00389,CAMP_03,2023-08-14,Desktop,449,TRUE
SESS_001463,CUST_00252,NULL,2023-05-04,Desktop,128,TRUE
SESS_001464,CUST_00895,CAMP_07,2023-02-16,Tablet,602,FALSE
SESS_001465,CUST_00396,CAMP_04,2023-10-27,Mobile,1168,TRUE
SESS_001466,NULL,NULL,2023-07-21,Tablet,92,FALSE
SESS_001467,CUST_00187,NULL,2023-03-23,Desktop,868,FALSE
SESS_001468,NULL,CAMP_05,2023-04-01,Desktop,173,TRUE
SESS_001469,CUST_00700,NULL,2023-01-18,Desktop,950,FALSE
SESS_001470,CUST_00894,CAMP_05,2023-07-29,Tablet,92,TRUE
SESS_001471,NULL,CAMP_01,2023-03-11,Mobile,57,FALSE
SESS_001472,CUST_00214,NULL,2023-09-18,Desktop,544,FALSE
SESS_001473,NULL,CAMP_04,2023-10-31,Tablet,437,TRUE
SESS_001474,CUST_00429,NULL,2023-05-14,Tablet,12,TRUE
SESS_001475,CUST_00285,CAMP_09,2023-08-21,Tablet,660,FALSE
SESS_001476,NULL,CAMP_06,2023-10-03,Tablet,934,FALSE
SESS_001477,NULL,NULL,2023-11-25,Mobile,1137,TRUE
SESS_001478,CUST_00860,CAMP_05,2023-01-18,Mobile,629,TRUE
SESS_001479,CUST_00520,NULL,2023-10-08,Mobile,912,TRUE
SESS_001480,NULL,NULL,2023-07-27,Tablet,977,TRUE
SESS_001481,NULL,NULL,2023-01-07,Desktop,235,TRUE
SESS_001482,CUST_00895,NULL,2023-01-12,Mobile,1121,TRUE
SESS_001483,CUST_00994,NULL,2023-05-15,Desktop,353,TRUE
SESS_001484,CUST_00742,CAMP_08,2023-08-25,Mobile,19,TRUE
SESS_001485,NULL,CAMP_10,2023-12-27,Tablet,209,TRUE
SESS_001486,CUST_00246,CAMP_02,2023-01-31,Desktop,993,FALSE
SESS_001487,CUST_00148,CAMP_09,2023-08-27,Desktop,1147,TRUE
SESS_001488,CUST_00589,NULL,2023-04-04,Mobile,769,TRUE
SESS_001489,CUST_00190,NULL,2023-05-16,Tablet,443,TRUE
SESS_001490,CUST_00053,NULL,2023-06-06,Mobile,1081,FALSE
SESS_001491,NULL,NULL,2023-10-07,Mobile,923,FALSE
SESS_001492,CUST_00033,CAMP_04,2023-07-20,Mobile,282,FALSE
SESS_001493,CUST_00598,NULL,2023-06-23,Mobile,0,TRUE
SESS_001494,CUST_00140,NULL,2023-10-16,Desktop,58,FALSE
SESS_001495,NULL,CAMP_01,2023-12-02,Mobile,356,TRUE
SESS_001496,CUST_00580,NULL,2023-09-18,Mobile,159,FALSE
SESS_001497,NULL,CAMP_05,2023-06-11,Tablet,577,FALSE
SESS_001498,NULL,NULL,2023-02-05,Mobile,17,FALSE
SESS_001499,NULL,CAMP_04,2023-06-04,Tablet,274,FALSE
SESS_001500,CUST_00148,NULL,2023-04-20,Desktop,557,FALSE
SESS_001501,CUST_00681,CAMP_10,2023-05-20,Tablet,918,FALSE
SESS_001502,CUST_00024,NULL,2023-04-04,Mobile,728,FALSE
SESS_001503,CUST_00081,CAMP_10,2023-06-03,Tablet,1146,FALSE
SESS_001504,NULL,NULL,2023-12-21,Tablet,1111,FALSE
SESS_001505,NULL,CAMP_02,2023-06-13,Desktop,1195,FALSE
SESS_001506,CUST_00415,CAMP_05,2023-11-07,Desktop,852,TRUE
SESS_001507,CUST_00130,NULL,2023-07-14,Desktop,24,FALSE
SESS_001508,NULL,CAMP_04,2023-08-13,Tablet,1146,TRUE
SESS_001509,CUST_00503,NULL,2023-10-18,Mobile,0,FALSE
SESS_001510,CUST_00744,CAMP_04,2023-07-21,Desktop,266,FALSE
SESS_001511,NULL,NULL,2023-08-12,Tablet,0,FALSE
SESS_001512,NULL,CAMP_09,2023-07-30,Tablet,566,TRUE
SESS_001513,NULL,CAMP_04,2023-09-09,Tablet,308,TRUE
SESS_001514,NULL,NULL,2023-04-22,Desktop,129,FALSE
SESS_001515,NULL,NULL,2024-01-01,Mobile,933,TRUE
SESS_001516,NULL,CAMP_10,2023-02-16,Desktop,521,TRUE
SESS_001517,CUST_00877,CAMP_07,2023-10-18,Tablet,316,FALSE
SESS_001518,NULL,NULL,2023-10-25,Tablet,1094,FALSE
SESS_001519,CUST_00633,NULL,2023-01-05,Desktop,694,TRUE
SESS_001520,CUST_00888,CAMP_07,2023-09-03,Tablet,800,TRUE
SESS_001521,CUST_00996,CAMP_05,2023-12-17,Mobile,515,FALSE
SESS_001522,CUST_00976,NULL,2023-02-19,Desktop,179,TRUE
SESS_001523,CUST_00711,NULL,2023-09-14,Mobile,1179,TRUE
SESS_001524,NULL,NULL,2023-12-07,Desktop,145,FALSE
SESS_001525,NULL,NULL,2023-08-17,Tablet,773,TRUE
SESS_001526,NULL,CAMP_05,2023-07-27,Mobile,909,TRUE
SESS_001527,CUST_00274,CAMP_01,2023-03-13,Tablet,1109,FALSE
SESS_001528,CUST_00669,NULL,2023-08-17,Desktop,596,FALSE
SESS_001529,NULL,CAMP_09,2023-02-05,Mobile,541,FALSE
SESS_001530,NULL,CAMP_04,2023-07-30,Tablet,332,FALSE
SESS_001531,NULL,NULL,2023-03-23,Desktop,198,FALSE
SESS_001532,CUST_00340,NULL,2023-03-01,Tablet,862,FALSE
SESS_001533,CUST_00355,CAMP_05,2023-12-07,Mobile,239,TRUE
SESS_001534,NULL,NULL,2023-08-07,Mobile,53,FALSE
SESS_001535,CUST_00470,NULL,2023-02-15,Tablet,364,TRUE
SESS_001536,CUST_00948,CAMP_02,2023-06-29,Desktop,261,TRUE
SESS_001537,CUST_00012,NULL,2023-08-08,Mobile,670,FALSE
SESS_001538,CUST_00773,NULL,2023-07-15,Tablet,99,FALSE
SESS_001539,CUST_00451,NULL,2023-04-23,Tablet,619,TRUE
SESS_001540,CUST_00341,NULL,2023-07-07,Mobile,424,FALSE
SESS_001541,NULL,NULL,2023-08-04,Desktop,1010,FALSE
SESS_001542,CUST_00776,NULL,2023-12-14,Mobile,944,FALSE
SESS_001543,CUST_00522,NULL,2023-08-03,Tablet,798,FALSE
SESS_001544,CUST_00877,NULL,2023-02-09,Desktop,910,TRUE
SESS_001545,CUST_00877,CAMP_10,2023-05-31,Mobile,961,TRUE
SESS_001546,NULL,NULL,2023-01-08,Desktop,850,TRUE
SESS_001547,CUST_00580,NULL,2023-06-04,Mobile,262,FALSE
SESS_001548,CUST_00315,CAMP_07,2023-10-08,Mobile,231,FALSE
SESS_001549,CUST_00259,CAMP_06,2023-03-25,Tablet,530,FALSE
SESS_001550,CUST_00284,CAMP_02,2023-03-05,Desktop,1014,TRUE
SESS_001551,CUST_00475,NULL,2023-12-09,Mobile,483,TRUE
SESS_001552,CUST_00513,CAMP_09,2023-04-02,Tablet,137,FALSE
SESS_001553,CUST_00415,NULL,2023-01-10,Tablet,206,FALSE
SESS_001554,NULL,CAMP_06,2023-06-09,Mobile,576,FALSE
SESS_001555,CUST_00122,CAMP_01,2023-06-09,Desktop,1086,FALSE
SESS_001556,CUST_00103,CAMP_09,2023-07-17,Desktop,124,FALSE
SESS_001557,NULL,CAMP_09,2023-10-31,Desktop,106,TRUE
SESS_001558,CUST_00215,NULL,2023-09-01,Desktop,497,FALSE
SESS_001559,NULL,CAMP_09,2023-08-01,Desktop,219,FALSE
SESS_001560,CUST_00963,NULL,2023-11-12,Desktop,1044,TRUE
SESS_001561,CUST_00652,NULL,2023-09-26,Tablet,751,TRUE
SESS_001562,NULL,NULL,2023-04-25,Tablet,1090,FALSE
SESS_001563,CUST_00572,CAMP_08,2023-09-25,Tablet,12,TRUE
SESS_001564,CUST_00733,NULL,2023-02-27,Mobile,221,TRUE
SESS_001565,NULL,CAMP_03,2023-03-08,Mobile,791,TRUE
SESS_001566,CUST_00497,NULL,2023-04-27,Desktop,921,TRUE
SESS_001567,CUST_00008,NULL,2023-05-27,Desktop,35,TRUE
SESS_001568,CUST_00477,CAMP_09,2023-01-17,Desktop,352,TRUE
SESS_001569,NULL,CAMP_04,2023-07-22,Mobile,337,TRUE
SESS_001570,NULL,CAMP_10,2023-12-09,Mobile,1134,FALSE
SESS_001571,CUST_00021,NULL,2023-08-15,Tablet,735,TRUE
SESS_001572,NULL,CAMP_06,2023-12-23,Tablet,295,TRUE
SESS_001573,CUST_00917,NULL,2023-03-16,Mobile,696,TRUE
SESS_001574,NULL,NULL,2023-11-29,Desktop,533,FALSE
SESS_001575,CUST_00712,NULL,2023-10-03,Mobile,1188,TRUE
SESS_001576,CUST_00226,NULL,2023-06-04,Desktop,875,TRUE
SESS_001577,CUST_00235,NULL,2023-02-21,Tablet,150,FALSE
SESS_001578,CUST_00398,CAMP_07,2024-01-01,Mobile,478,TRUE
SESS_001579,NULL,CAMP_02,2023-01-02,Tablet,39,TRUE
SESS_001580,CUST_00431,NULL,2023-03-21,Mobile,1040,FALSE
SESS_001581,CUST_00126,NULL,2023-05-07,Desktop,695,TRUE
SESS_001582,NULL,CAMP_08,2023-09-10,Tablet,206,TRUE
SESS_001583,CUST_00101,NULL,2023-05-13,Mobile,775,FALSE
SESS_001584,CUST_00473,NULL,2023-07-16,Desktop,319,FALSE
SESS_001585,CUST_00379,CAMP_07,2023-08-25,Mobile,294,TRUE
SESS_001586,NULL,NULL,2023-09-14,Mobile,255,FALSE
SESS_001587,CUST_00657,CAMP_08,2023-12-07,Tablet,130,TRUE
SESS_001588,CUST_00543,NULL,2023-04-06,Mobile,612,TRUE
SESS_001589,CUST_00723,NULL,2023-04-03,Mobile,107,TRUE
SESS_001590,CUST_00404,CAMP_07,2023-03-17,Mobile,385,TRUE
SESS_001591,CUST_00439,NULL,2023-01-06,Mobile,777,TRUE
SESS_001592,CUST_00724,NULL,2023-06-23,Mobile,1128,FALSE
SESS_001593,CUST_00367,CAMP_04,2023-09-28,Mobile,1037,FALSE
SESS_001594,CUST_00711,NULL,2023-05-15,Desktop,1076,FALSE
SESS_001595,NULL,CAMP_06,2023-05-01,Tablet,0,TRUE
SESS_001596,CUST_00619,CAMP_08,2023-04-13,Desktop,861,TRUE
SESS_001597,CUST_00461,NULL,2023-05-12,Desktop,648,TRUE
SESS_001598,CUST_00060,CAMP_09,2023-11-01,Mobile,1028,FALSE
SESS_001599,CUST_00079,CAMP_01,2023-05-04,Desktop,536,FALSE
SESS_001600,CUST_00768,CAMP_08,2023-04-16,Mobile,127,FALSE
SESS_001601,NULL,NULL,2023-02-08,Mobile,764,TRUE
SESS_001602,NULL,NULL,2023-08-05,Mobile,122,TRUE
SESS_001603,CUST_00296,NULL,2023-10-10,Mobile,0,FALSE
SESS_001604,CUST_00856,NULL,2023-10-24,Desktop,429,FALSE
SESS_001605,NULL,NULL,2023-07-31,Desktop,90,TRUE
SESS_001606,NULL,NULL,2023-09-11,Desktop,0,TRUE
SESS_001607,CUST_00905,CAMP_01,2023-04-21,Desktop,824,TRUE
SESS_001608,CUST_00702,NULL,2023-01-17,Tablet,1199,FALSE
SESS_001609,NULL,CAMP_07,2023-10-23,Mobile,236,TRUE
SESS_001610,NULL,NULL,2023-05-04,Desktop,15,TRUE
SESS_001611,CUST_00775,CAMP_05,2023-02-01,Mobile,721,TRUE
SESS_001612,CUST_00716,CAMP_10,2023-04-26,Mobile,951,FALSE
SESS_001613,NULL,CAMP_03,2023-10-21,Desktop,798,TRUE
SESS_001614,CUST_00577,CAMP_01,2023-03-06,Mobile,864,FALSE
SESS_001615,CUST_00171,CAMP_05,2023-07-02,Mobile,1006,TRUE
SESS_001616,CUST_00464,CAMP_09,2023-10-07,Mobile,622,FALSE
SESS_001617,CUST_00772,NULL,2023-01-12,Mobile,96,TRUE
SESS_001618,CUST_00863,CAMP_10,2023-01-24,Mobile,386,TRUE
SESS_001619,CUST_00244,CAMP_05,2023-05-13,Desktop,1177,FALSE
SESS_001620,CUST_00357,CAMP_04,2023-04-16,Mobile,18,TRUE
SESS_001621,NULL,CAMP_06,2023-06-26,Desktop,237,TRUE
SESS_001622,NULL,CAMP_01,2023-04-26,Mobile,1194,TRUE
SESS_001623,NULL,CAMP_10,2023-04-10,Mobile,399,FALSE
SESS_001624,CUST_00168,CAMP_03,2023-01-04,Desktop,59,TRUE
SESS_001625,CUST_00237,NULL,2023-05-18,Tablet,190,FALSE
SESS_001626,CUST_00770,CAMP_06,2023-11-10,Desktop,279,FALSE
SESS_001627,CUST_00412,NULL,2023-09-04,Mobile,637,TRUE
SESS_001628,CUST_00394,NULL,2023-05-18,Tablet,195,TRUE
SESS_001629,CUST_00816,NULL,2023-03-09,Mobile,815,TRUE
SESS_001630,CUST_00238,CAMP_03,2023-08-05,Tablet,974,TRUE
SESS_001631,CUST_00409,NULL,2023-02-22,Mobile,57,FALSE
SESS_001632,CUST_00235,NULL,2023-10-20,Desktop,329,TRUE
SESS_001633,CUST_00141,NULL,2023-04-08,Mobile,221,TRUE
SESS_001634,CUST_00326,NULL,2023-04-18,Tablet,290,TRUE
SESS_001635,NULL,CAMP_09,2023-08-15,Mobile,949,TRUE
SESS_001636,CUST_00384,CAMP_05,2023-03-09,Mobile,196,TRUE
SESS_001637,CUST_00692,NULL,2023-10-04,Desktop,374,TRUE
SESS_001638,CUST_00495,NULL,2023-08-09,Mobile,787,FALSE
SESS_001639,CUST_00776,NULL,2023-10-29,Desktop,885,TRUE
SESS_001640,CUST_00170,NULL,2023-10-05,Tablet,598,TRUE
SESS_001641,CUST_00516,CAMP_06,2023-09-27,Desktop,398,TRUE
SESS_001642,CUST_00728,CAMP_03,2023-07-27,Mobile,41,FALSE
SESS_001643,NULL,CAMP_03,2023-07-05,Tablet,448,TRUE
SESS_001644,CUST_00083,CAMP_07,2023-03-28,Desktop,330,TRUE
SESS_001645,CUST_00547,NULL,2023-12-06,Tablet,835,TRUE
SESS_001646,CUST_00566,NULL,2023-10-29,Tablet,374,FALSE
SESS_001647,CUST_00252,CAMP_02,2023-05-28,Desktop,0,TRUE
SESS_001648,CUST_00671,NULL,2023-03-29,Tablet,913,TRUE
SESS_001649,NULL,CAMP_06,2023-01-27,Desktop,744,FALSE
SESS_001650,CUST_00663,NULL,2023-04-29,Desktop,158,TRUE
SESS_001651,NULL,NULL,2023-04-13,Desktop,368,FALSE
SESS_001652,NULL,CAMP_04,2023-07-15,Desktop,0,TRUE
SESS_001653,NULL,NULL,2023-01-20,Tablet,824,FALSE
SESS_001654,CUST_00851,CAMP_08,2023-08-12,Mobile,805,FALSE
SESS_001655,CUST_00011,NULL,2023-06-16,Mobile,953,TRUE
SESS_001656,CUST_00436,CAMP_04,2023-12-11,Desktop,426,FALSE
SESS_001657,NULL,CAMP_10,2023-05-13,Tablet,195,FALSE
SESS_001658,CUST_00399,NULL,2023-05-28,Desktop,407,FALSE
SESS_001659,CUST_00536,NULL,2023-08-04,Desktop,869,TRUE
SESS_001660,CUST_00185,CAMP_01,2023-05-23,Mobile,147,TRUE
SESS_001661,CUST_00452,NULL,2023-02-14,Mobile,1161,FALSE
SESS_001662,NULL,NULL,2023-10-14,Mobile,916,TRUE
SESS_001663,CUST_00173,NULL,2023-06-26,Mobile,691,FALSE
SESS_001664,CUST_00460,CAMP_01,2023-03-26,Tablet,605,FALSE
SESS_001665,CUST_00780,NULL,2023-10-14,Desktop,89,FALSE
SESS_001666,CUST_00752,CAMP_02,2023-12-01,Desktop,11,TRUE
SESS_001667,CUST_00321,NULL,2023-05-18,Mobile,192,TRUE
SESS_001668,CUST_00618,NULL,2023-01-17,Desktop,456,FALSE
SESS_001669,CUST_00313,NULL,2023-11-28,Tablet,845,FALSE
SESS_001670,CUST_00929,CAMP_05,2023-04-19,Mobile,109,TRUE
SESS_001671,CUST_00864,CAMP_06,2023-08-01,Tablet,853,FALSE
SESS_001672,CUST_00414,CAMP_02,2023-07-08,Tablet,613,TRUE
SESS_001673,CUST_00765,CAMP_01,2023-01-31,Mobile,932,TRUE
SESS_001674,CUST_00012,CAMP_05,2023-06-21,Desktop,935,FALSE
SESS_001675,NULL,CAMP_06,2023-07-30,Mobile,0,FALSE
SESS_001676,NULL,NULL,2023-08-06,Desktop,0,FALSE
SESS_001677,CUST_00682,NULL,2023-07-27,Mobile,251,FALSE
SESS_001678,NULL,NULL,2023-09-01,Desktop,580,TRUE
SESS_001679,CUST_00663,CAMP_06,2023-04-22,Desktop,679,TRUE
SESS_001680,CUST_00770,NULL,2023-08-01,Mobile,628,TRUE
SESS_001681,CUST_00890,CAMP_08,2023-07-24,Desktop,649,TRUE
SESS_001682,CUST_00653,NULL,2023-03-12,Mobile,246,FALSE
SESS_001683,CUST_00433,CAMP_02,2023-10-07,Mobile,911,FALSE
SESS_001684,CUST_00781,NULL,2023-03-25,Desktop,35,TRUE
SESS_001685,CUST_00786,CAMP_10,2023-02-11,Tablet,1165,FALSE
SESS_001686,NULL,NULL,2023-12-26,Tablet,422,TRUE
SESS_001687,CUST_00937,CAMP_09,2023-08-05,Tablet,542,FALSE
SESS_001688,NULL,CAMP_10,2023-10-02,Tablet,485,FALSE
SESS_001689,CUST_00310,CAMP_10,2023-12-21,Desktop,236,TRUE
SESS_001690,CUST_00461,NULL,2023-07-14,Desktop,372,TRUE
SESS_001691,CUST_00003,NULL,2023-11-07,Desktop,337,TRUE
SESS_001692,CUST_00761,CAMP_04,2023-01-28,Tablet,305,FALSE
SESS_001693,NULL,CAMP_02,2023-08-01,Mobile,0,FALSE
SESS_001694,CUST_00657,NULL,2023-04-24,Tablet,238,TRUE
SESS_001695,CUST_00777,CAMP_01,2023-02-22,Mobile,522,FALSE
SESS_001696,CUST_00923,CAMP_09,2023-02-17,Tablet,8,TRUE
SESS_001697,NULL,NULL,2023-11-03,Mobile,0,TRUE
SESS_001698,NULL,CAMP_09,2023-01-17,Desktop,139,TRUE
SESS_001699,NULL,CAMP_09,2023-03-31,Tablet,611,TRUE
SESS_001700,CUST_00031,CAMP_01,2023-08-23,Mobile,1062,TRUE
SESS_001701,CUST_00189,CAMP_08,2023-11-20,Tablet,186,FALSE
SESS_001702,CUST_00702,NULL,2023-11-04,Mobile,230,FALSE
SESS_001703,NULL,CAMP_09,2023-03-10,Desktop,496,FALSE
SESS_001704,CUST_00180,CAMP_07,2023-04-10,Tablet,546,TRUE
SESS_001705,CUST_00667,NULL,2023-05-10,Tablet,1073,TRUE
SESS_001706,NULL,NULL,2023-06-01,Tablet,297,TRUE
SESS_001707,NULL,CAMP_10,2023-02-16,Mobile,461,FALSE
SESS_001708,CUST_00273,CAMP_07,2023-12-27,Desktop,516,FALSE
SESS_001709,NULL,CAMP_05,2023-05-05,Mobile,656,FALSE
SESS_001710,CUST_00361,NULL,2023-12-24,Mobile,528,TRUE
SESS_001711,CUST_00809,NULL,2023-05-23,Tablet,38,FALSE
SESS_001712,NULL,CAMP_09,2023-10-07,Mobile,248,FALSE
SESS_001713,CUST_00255,CAMP_05,2023-12-31,Mobile,846,FALSE
SESS_001714,NULL,NULL,2023-07-26,Mobile,1088,FALSE
SESS_001715,CUST_00318,CAMP_08,2023-12-08,Mobile,281,FALSE
SESS_001716,CUST_00397,NULL,2023-07-30,Desktop,712,FALSE
SESS_001717,CUST_00990,NULL,2023-10-19,Desktop,840,FALSE
SESS_001718,CUST_00605,CAMP_10,2023-12-03,Mobile,1127,TRUE
SESS_001719,CUST_00886,CAMP_09,2023-09-21,Mobile,1019,FALSE
SESS_001720,NULL,NULL,2023-05-11,Desktop,358,TRUE
SESS_001721,CUST_00833,NULL,2023-06-17,Mobile,1086,TRUE
SESS_001722,NULL,CAMP_07,2023-01-06,Desktop,14,TRUE
SESS_001723,CUST_00675,CAMP_07,2023-03-17,Desktop,142,FALSE
SESS_001724,CUST_00874,NULL,2023-05-26,Tablet,1160,TRUE
SESS_001725,NULL,CAMP_08,2023-06-14,Mobile,0,TRUE
SESS_001726,CUST_00660,NULL,2023-12-10,Mobile,613,FALSE
SESS_001727,NULL,CAMP_06,2023-11-14,Tablet,314,TRUE
SESS_001728,CUST_00032,CAMP_08,2023-08-07,Mobile,214,TRUE
SESS_001729,CUST_00938,CAMP_09,2023-01-18,Tablet,762,TRUE
SESS_001730,NULL,CAMP_04,2023-11-18,Desktop,923,TRUE
SESS_001731,CUST_00342,CAMP_03,2023-11-30,Tablet,0,FALSE
SESS_001732,CUST_00315,NULL,2023-03-03,Tablet,339,FALSE
SESS_001733,NULL,CAMP_06,2023-07-27,Desktop,31,FALSE
SESS_001734,CUST_00076,NULL,2023-06-29,Desktop,467,FALSE
SESS_001735,NULL,NULL,2023-12-22,Tablet,1200,FALSE
SESS_001736,CUST_00199,NULL,2023-01-21,Mobile,615,TRUE
SESS_001737,NULL,NULL,2023-10-09,Desktop,5,TRUE
SESS_001738,CUST_00982,CAMP_03,2023-04-26,Tablet,139,FALSE
SESS_001739,CUST_00424,NULL,2023-11-08,Desktop,970,FALSE
SESS_001740,CUST_00800,CAMP_02,2023-09-05,Tablet,494,TRUE
SESS_001741,CUST_00081,NULL,2023-07-16,Mobile,528,TRUE
SESS_001742,CUST_00522,NULL,2023-06-27,Desktop,166,TRUE
SESS_001743,CUST_00463,NULL,2023-11-14,Mobile,754,FALSE
SESS_001744,NULL,NULL,2023-08-31,Desktop,108,TRUE
SESS_001745,CUST_00327,CAMP_02,2023-10-04,Tablet,42,FALSE
SESS_001746,CUST_00183,NULL,2023-10-04,Desktop,433,FALSE
SESS_001747,CUST_00757,CAMP_04,2023-09-21,Tablet,1119,TRUE
SESS_001748,CUST_00711,CAMP_08,2023-10-01,Desktop,30,TRUE
SESS_001749,CUST_00093,CAMP_07,2023-05-25,Tablet,900,FALSE
SESS_001750,CUST_00351,CAMP_03,2023-04-13,Desktop,393,TRUE
SESS_001751,CUST_00516,CAMP_01,2023-08-10,Mobile,92,TRUE
SESS_001752,CUST_00993,NULL,2023-03-28,Desktop,245,TRUE
SESS_001753,CUST_00843,CAMP_05,2023-04-24,Desktop,193,FALSE
SESS_001754,CUST_00388,NULL,2023-06-21,Desktop,569,TRUE
SESS_001755,NULL,NULL,2023-04-06,Tablet,249,TRUE
SESS_001756,NULL,NULL,2023-12-17,Tablet,330,TRUE
SESS_001757,CUST_00695,NULL,2023-09-02,Tablet,749,FALSE
SESS_001758,CUST_00809,NULL,2023-09-30,Tablet,286,TRUE
SESS_001759,CUST_00066,NULL,2023-02-07,Desktop,1177,TRUE
SESS_001760,CUST_00812,NULL,2023-07-18,Mobile,275,TRUE
SESS_001761,CUST_00591,NULL,2023-01-02,Tablet,480,FALSE
SESS_001762,NULL,CAMP_01,2023-03-08,Tablet,1000,TRUE
SESS_001763,NULL,NULL,2023-07-25,Desktop,682,FALSE
SESS_001764,NULL,NULL,2023-08-11,Desktop,764,FALSE
SESS_001765,NULL,CAMP_05,2023-01-05,Desktop,0,FALSE
SESS_001766,CUST_00607,NULL,2023-03-26,Desktop,490,FALSE
SESS_001767,NULL,NULL,2023-03-22,Tablet,414,TRUE
SESS_001768,CUST_00713,CAMP_04,2023-02-27,Desktop,0,TRUE
SESS_001769,CUST_00441,NULL,2023-08-26,Tablet,1014,TRUE
SESS_001770,CUST_00646,CAMP_03,2023-01-23,Tablet,590,TRUE
SESS_001771,CUST_00948,NULL,2023-09-21,Desktop,259,TRUE
SESS_001772,CUST_00610,NULL,2023-11-19,Tablet,1089,TRUE
SESS_001773,CUST_00408,CAMP_03,2023-03-27,Desktop,764,FALSE
SESS_001774,NULL,CAMP_07,2023-01-07,Mobile,841,FALSE
SESS_001775,CUST_00434,NULL,2023-01-06,Tablet,924,FALSE
SESS_001776,CUST_00416,NULL,2023-04-11,Tablet,133,TRUE
SESS_001777,CUST_00204,CAMP_02,2023-08-14,Mobile,189,TRUE
SESS_001778,CUST_00356,CAMP_10,2023-02-01,Tablet,269,FALSE
SESS_001779,NULL,NULL,2023-08-15,Desktop,548,TRUE
SESS_001780,CUST_00375,NULL,2023-12-15,Tablet,962,FALSE
SESS_001781,NULL,CAMP_02,2023-11-26,Desktop,1183,FALSE
SESS_001782,CUST_00868,CAMP_10,2023-04-20,Mobile,681,FALSE
SESS_001783,NULL,NULL,2023-11-07,Mobile,545,FALSE
SESS_001784,CUST_00008,NULL,2023-08-28,Desktop,385,FALSE
SESS_001785,CUST_00486,CAMP_02,2023-10-05,Tablet,505,TRUE
SESS_001786,CUST_00168,NULL,2023-07-04,Mobile,1006,FALSE
SESS_001787,CUST_00619,CAMP_04,2023-12-16,Mobile,435,TRUE
SESS_001788,NULL,NULL,2023-10-15,Mobile,664,FALSE
SESS_001789,CUST_00918,CAMP_07,2023-11-13,Desktop,387,FALSE
SESS_001790,CUST_00727,NULL,2023-10-01,Tablet,293,FALSE
SESS_001791,NULL,NULL,2023-12-19,Desktop,138,FALSE
SESS_001792,CUST_00301,NULL,2023-06-02,Mobile,149,TRUE
SESS_001793,NULL,CAMP_06,2023-06-14,Desktop,677,FALSE
SESS_001794,CUST_00059,CAMP_08,2023-06-15,Mobile,1169,FALSE
SESS_001795,CUST_00227,NULL,2023-01-02,Tablet,810,FALSE
SESS_001796,CUST_00189,CAMP_07,2023-11-17,Tablet,313,FALSE
SESS_001797,CUST_00209,CAMP_07,2023-09-17,Tablet,74,TRUE
SESS_001798,CUST_00029,CAMP_08,2023-01-02,Mobile,1148,TRUE
SESS_001799,CUST_00321,NULL,2023-09-15,Tablet,282,TRUE
SESS_001800,CUST_00811,CAMP_01,2023-03-09,Mobile,679,FALSE
SESS_001801,CUST_00485,CAMP_06,2023-09-17,Mobile,881,TRUE
SESS_001802,CUST_00863,CAMP_03,2023-01-08,Desktop,506,TRUE
SESS_001803,CUST_00366,CAMP_07,2023-05-15,Mobile,150,TRUE
SESS_001804,CUST_00662,CAMP_02,2023-09-25,Mobile,1173,TRUE
SESS_001805,CUST_00863,CAMP_02,2023-05-12,Desktop,1041,TRUE
SESS_001806,CUST_00834,NULL,2023-05-25,Desktop,430,FALSE
SESS_001807,NULL,NULL,2023-04-24,Desktop,531,TRUE
SESS_001808,NULL,CAMP_09,2023-11-30,Desktop,218,TRUE
SESS_001809,NULL,NULL,2023-12-25,Desktop,378,FALSE
SESS_001810,CUST_00897,NULL,2023-04-09,Desktop,1092,FALSE
SESS_001811,CUST_00847,CAMP_03,2023-06-24,Mobile,949,TRUE
SESS_001812,CUST_00793,CAMP_03,2023-03-07,Mobile,927,FALSE
SESS_001813,NULL,CAMP_05,2023-02-04,Mobile,1074,FALSE
SESS_001814,NULL,CAMP_10,2023-11-25,Tablet,825,TRUE
SESS_001815,CUST_00996,CAMP_05,2023-07-20,Desktop,669,TRUE
SESS_001816,NULL,CAMP_07,2023-04-09,Tablet,0,TRUE
SESS_001817,CUST_00456,NULL,2023-07-22,Desktop,108,FALSE
SESS_001818,CUST_00394,NULL,2023-01-04,Desktop,862,FALSE
SESS_001819,CUST_00519,NULL,2023-05-23,Tablet,1027,FALSE
SESS_001820,CUST_00770,CAMP_08,2023-06-30,Desktop,357,TRUE
SESS_001821,NULL,NULL,2023-08-17,Tablet,1072,TRUE
SESS_001822,CUST_00299,CAMP_06,2023-02-06,Mobile,788,FALSE
SESS_001823,NULL,NULL,2023-06-04,Tablet,145,FALSE
SESS_001824,CUST_00006,NULL,2023-04-14,Mobile,1088,FALSE
SESS_001825,NULL,CAMP_06,2023-08-29,Desktop,135,FALSE
SESS_001826,NULL,CAMP_05,2023-05-18,Mobile,439,FALSE
SESS_001827,NULL,CAMP_01,2023-10-04,Desktop,1100,TRUE
SESS_001828,CUST_00218,NULL,2023-10-24,Desktop,1200,TRUE
SESS_001829,CUST_00497,CAMP_10,2023-09-07,Mobile,563,TRUE
SESS_001830,NULL,NULL,2023-11-09,Tablet,613,TRUE
SESS_001831,CUST_00476,NULL,2023-07-13,Tablet,1012,TRUE
SESS_001832,CUST_00511,CAMP_04,2023-10-21,Tablet,43,FALSE
SESS_001833,CUST_00047,NULL,2023-08-10,Desktop,350,FALSE
SESS_001834,CUST_00829,CAMP_04,2023-02-16,Tablet,1091,TRUE
SESS_001835,CUST_00626,CAMP_01,2023-08-28,Mobile,644,TRUE
SESS_001836,CUST_00681,NULL,2023-05-27,Desktop,899,TRUE
SESS_001837,CUST_00069,CAMP_07,2023-05-17,Tablet,1075,TRUE
SESS_001838,CUST_00742,NULL,2023-11-07,Tablet,1069,TRUE
SESS_001839,NULL,NULL,2023-05-06,Tablet,455,TRUE
SESS_001840,CUST_00370,CAMP_07,2023-11-15,Tablet,344,TRUE
SESS_001841,CUST_00215,NULL,2023-08-16,Mobile,10,TRUE
SESS_001842,NULL,CAMP_02,2023-07-10,Desktop,1089,TRUE
SESS_001843,CUST_00513,NULL,2023-03-17,Mobile,745,FALSE
SESS_001844,CUST_00608,CAMP_07,2023-03-20,Mobile,278,FALSE
SESS_001845,CUST_00462,CAMP_10,2023-01-14,Mobile,355,TRUE
SESS_001846,NULL,CAMP_07,2023-06-11,Tablet,1115,FALSE
SESS_001847,CUST_00288,CAMP_08,2023-10-25,Tablet,536,FALSE
SESS_001848,CUST_00322,NULL,2023-09-26,Desktop,1120,FALSE
SESS_001849,CUST_00474,CAMP_06,2023-10-26,Desktop,661,TRUE
SESS_001850,CUST_00523,CAMP_07,2023-03-27,Mobile,1131,TRUE
SESS_001851,CUST_00211,CAMP_03,2023-01-09,Tablet,985,TRUE
SESS_001852,CUST_00112,NULL,2023-11-20,Tablet,62,TRUE
SESS_001853,CUST_00827,CAMP_03,2023-10-18,Tablet,1110,FALSE
SESS_001854,CUST_00101,CAMP_03,2023-01-14,Tablet,817,FALSE
SESS_001855,CUST_00779,CAMP_10,2023-01-19,Desktop,101,FALSE
SESS_001856,CUST_00604,CAMP_07,2023-10-11,Desktop,478,TRUE
SESS_001857,CUST_00870,NULL,2023-06-05,Desktop,935,TRUE
SESS_001858,NULL,NULL,2023-08-24,Desktop,852,FALSE
SESS_001859,CUST_00196,NULL,2023-12-20,Mobile,32,FALSE
SESS_001860,NULL,NULL,2023-12-03,Mobile,210,TRUE
SESS_001861,CUST_00787,NULL,2023-12-13,Desktop,737,FALSE
SESS_001862,CUST_00692,CAMP_04,2023-09-22,Tablet,578,TRUE
SESS_001863,CUST_00108,CAMP_05,2023-02-02,Tablet,994,FALSE
SESS_001864,NULL,NULL,2023-04-27,Tablet,665,TRUE
SESS_001865,CUST_00117,NULL,2023-07-21,Desktop,157,FALSE
SESS_001866,CUST_00462,CAMP_09,2023-01-28,Mobile,480,FALSE
SESS_001867,NULL,NULL,2023-05-30,Tablet,848,TRUE
SESS_001868,NULL,CAMP_04,2023-08-05,Tablet,880,TRUE
SESS_001869,CUST_00961,NULL,2023-06-13,Mobile,452,FALSE
SESS_001870,CUST_00364,CAMP_08,2023-07-07,Mobile,333,FALSE
SESS_001871,CUST_00240,NULL,2023-07-21,Desktop,431,TRUE
SESS_001872,CUST_00378,CAMP_05,2023-11-25,Mobile,469,FALSE
SESS_001873,CUST_00755,NULL,2023-10-09,Tablet,525,FALSE
SESS_001874,NULL,NULL,2023-04-17,Tablet,602,FALSE
SESS_001875,NULL,NULL,2023-03-04,Tablet,1177,TRUE
SESS_001876,CUST_00499,NULL,2023-11-09,Desktop,0,TRUE
SESS_001877,CUST_00920,NULL,2023-09-20,Tablet,197,FALSE
SESS_001878,CUST_00294,CAMP_02,2023-04-27,Tablet,565,TRUE
SESS_001879,CUST_00262,CAMP_04,2023-12-22,Mobile,926,FALSE
SESS_001880,CUST_00737,CAMP_09,2023-07-27,Tablet,499,TRUE
SESS_001881,CUST_00435,CAMP_06,2023-01-16,Desktop,792,TRUE
SESS_001882,CUST_00426,NULL,2023-08-24,Desktop,778,TRUE
SESS_001883,NULL,CAMP_07,2023-05-04,Tablet,361,FALSE
SESS_001884,CUST_00859,NULL,2023-12-15,Tablet,455,TRUE
SESS_001885,NULL,CAMP_08,2023-08-05,Desktop,457,TRUE
SESS_001886,CUST_00097,NULL,2023-08-20,Desktop,152,TRUE
SESS_001887,CUST_00124,NULL,2023-01-14,Desktop,341,TRUE
SESS_001888,NULL,NULL,2023-07-22,Tablet,894,FALSE
SESS_001889,CUST_00113,CAMP_04,2023-09-08,Mobile,782,TRUE
SESS_001890,CUST_00659,NULL,2023-11-10,Tablet,690,FALSE
SESS_001891,NULL,CAMP_07,2023-05-15,Desktop,0,TRUE
SESS_001892,CUST_00997,NULL,2023-06-21,Tablet,135,TRUE
SESS_001893,CUST_00948,CAMP_09,2023-07-24,Mobile,293,FALSE
SESS_001894,CUST_00308,NULL,2023-05-04,Mobile,140,FALSE
SESS_001895,CUST_00713,NULL,2023-12-18,Mobile,603,TRUE
SESS_001896,NULL,NULL,2023-10-29,Mobile,1082,TRUE
SESS_001897,NULL,NULL,2023-12-19,Desktop,387,TRUE
SESS_001898,NULL,NULL,2023-11-30,Mobile,875,FALSE
SESS_001899,CUST_00383,CAMP_01,2023-02-21,Tablet,1102,TRUE
SESS_001900,NULL,NULL,2023-02-17,Desktop,517,FALSE
SESS_001901,NULL,NULL,2023-01-08,Mobile,1128,TRUE
SESS_001902,CUST_00416,CAMP_06,2023-08-05,Tablet,268,TRUE
SESS_001903,CUST_00562,CAMP_01,2023-03-15,Mobile,1189,FALSE
SESS_001904,NULL,CAMP_03,2023-12-28,Tablet,271,TRUE
SESS_001905,NULL,NULL,2023-04-05,Desktop,889,FALSE
SESS_001906,CUST_00932,CAMP_06,2023-03-12,Mobile,595,FALSE
SESS_001907,NULL,NULL,2023-01-19,Desktop,650,TRUE
SESS_001908,CUST_00020,NULL,2023-07-25,Mobile,516,FALSE
SESS_001909,NULL,CAMP_05,2023-01-20,Desktop,659,FALSE
SESS_001910,NULL,NULL,2023-07-10,Mobile,291,FALSE
SESS_001911,CUST_00776,NULL,2023-02-08,Desktop,430,FALSE
SESS_001912,CUST_00198,NULL,2023-03-31,Tablet,376,TRUE
SESS_001913,CUST_00163,NULL,2023-11-03,Tablet,692,TRUE
SESS_001914,CUST_00222,NULL,2023-09-14,Mobile,616,FALSE
SESS_001915,CUST_00006,NULL,2023-10-26,Desktop,885,FALSE
SESS_001916,NULL,CAMP_06,2023-05-07,Mobile,934,FALSE
SESS_001917,NULL,CAMP_06,2023-04-01,Desktop,971,TRUE
SESS_001918,CUST_00182,CAMP_07,2023-07-09,Tablet,1157,FALSE
SESS_001919,CUST_00379,CAMP_09,2023-02-01,Desktop,858,FALSE
SESS_001920,CUST_00379,NULL,2023-07-27,Desktop,764,TRUE
SESS_001921,CUST_00404,NULL,2023-06-12,Tablet,482,FALSE
SESS_001922,CUST_00949,NULL,2023-11-21,Desktop,1134,FALSE
SESS_001923,NULL,CAMP_07,2023-09-10,Desktop,313,TRUE
SESS_001924,NULL,NULL,2023-11-27,Tablet,861,TRUE
SESS_001925,CUST_00332,NULL,2023-12-04,Tablet,846,FALSE
SESS_001926,NULL,CAMP_07,2023-02-21,Mobile,1107,TRUE
SESS_001927,CUST_00631,CAMP_09,2023-12-03,Desktop,855,FALSE
SESS_001928,CUST_00086,NULL,2023-09-21,Tablet,407,FALSE
SESS_001929,NULL,CAMP_08,2023-03-08,Mobile,125,TRUE
SESS_001930,CUST_00281,CAMP_07,2023-09-04,Desktop,44,FALSE
SESS_001931,NULL,NULL,2023-03-09,Desktop,589,TRUE
SESS_001932,CUST_00453,NULL,2023-06-15,Tablet,574,FALSE
SESS_001933,NULL,CAMP_05,2023-06-26,Mobile,425,TRUE
SESS_001934,CUST_00767,CAMP_10,2023-11-19,Tablet,28,TRUE
SESS_001935,CUST_00681,NULL,2023-12-08,Desktop,376,FALSE
SESS_001936,CUST_00581,NULL,2023-11-14,Mobile,0,FALSE
SESS_001937,CUST_00230,NULL,2023-04-23,Desktop,232,TRUE
SESS_001938,NULL,CAMP_10,2023-01-15,Desktop,826,TRUE
SESS_001939,NULL,CAMP_02,2023-04-10,Mobile,479,FALSE
SESS_001940,CUST_00430,CAMP_04,2023-12-18,Tablet,1097,TRUE
SESS_001941,CUST_00708,NULL,2023-02-01,Desktop,894,TRUE
SESS_001942,CUST_00931,CAMP_02,2023-07-25,Desktop,584,FALSE
SESS_001943,CUST_00791,NULL,2023-06-09,Tablet,0,TRUE
SESS_001944,CUST_00903,NULL,2023-08-02,Desktop,832,FALSE
SESS_001945,CUST_00898,CAMP_01,2023-05-07,Tablet,300,FALSE
SESS_001946,NULL,CAMP_06,2023-06-04,Desktop,539,FALSE
SESS_001947,CUST_00077,NULL,2023-12-23,Mobile,1163,TRUE
SESS_001948,NULL,CAMP_07,2023-01-31,Desktop,668,FALSE
SESS_001949,CUST_00810,NULL,2023-04-15,Mobile,205,TRUE
SESS_001950,CUST_00311,CAMP_01,2023-03-24,Desktop,1142,TRUE
SESS_001951,NULL,CAMP_08,2023-11-20,Tablet,654,FALSE
SESS_001952,NULL,CAMP_04,2023-08-12,Mobile,1049,FALSE
SESS_001953,NULL,NULL,2023-10-11,Desktop,81,TRUE
SESS_001954,CUST_00674,CAMP_02,2023-10-23,Tablet,351,TRUE
SESS_001955,NULL,NULL,2023-12-30,Mobile,173,TRUE
SESS_001956,CUST_00680,NULL,2023-12-05,Mobile,800,TRUE
SESS_001957,CUST_00331,NULL,2023-12-02,Mobile,0,FALSE
SESS_001958,CUST_00499,CAMP_02,2023-12-29,Mobile,1200,TRUE
SESS_001959,CUST_00937,CAMP_07,2023-07-19,Desktop,583,TRUE
SESS_001960,NULL,NULL,2023-07-09,Desktop,702,FALSE
SESS_001961,CUST_00214,NULL,2023-09-16,Tablet,303,FALSE
SESS_001962,CUST_00467,NULL,2023-07-26,Mobile,0,FALSE
SESS_001963,CUST_00488,NULL,2023-01-22,Desktop,607,TRUE
SESS_001964,NULL,NULL,2023-07-13,Desktop,867,FALSE
SESS_001965,CUST_00797,CAMP_01,2023-01-02,Tablet,848,FALSE
SESS_001966,NULL,CAMP_02,2023-09-06,Mobile,1103,FALSE
SESS_001967,NULL,CAMP_02,2023-06-29,Tablet,335,FALSE
SESS_001968,NULL,CAMP_05,2023-01-07,Desktop,573,TRUE
SESS_001969,NULL,CAMP_10,2023-11-01,Tablet,1157,TRUE
SESS_001970,NULL,CAMP_05,2023-08-20,Desktop,242,TRUE
SESS_001971,CUST_00959,NULL,2023-12-08,Desktop,648,FALSE
SESS_001972,CUST_00169,CAMP_09,2023-10-31,Mobile,20,TRUE
SESS_001973,CUST_00959,CAMP_08,2023-10-12,Desktop,0,TRUE
SESS_001974,NULL,NULL,2023-06-03,Desktop,594,TRUE
SESS_001975,NULL,NULL,2023-06-20,Mobile,1050,FALSE
SESS_001976,NULL,NULL,2023-07-29,Mobile,594,TRUE
SESS_001977,NULL,NULL,2023-09-19,Tablet,1142,FALSE
SESS_001978,NULL,NULL,2023-10-14,Tablet,56,TRUE
SESS_001979,CUST_00119,CAMP_02,2023-04-24,Tablet,915,FALSE
SESS_001980,CUST_00413,CAMP_01,2023-06-13,Tablet,1136,FALSE
SESS_001981,CUST_00607,CAMP_01,2023-10-06,Tablet,387,FALSE
SESS_001982,CUST_00441,CAMP_01,2023-12-20,Tablet,740,TRUE
SESS_001983,CUST_00387,NULL,2023-01-25,Mobile,684,FALSE
SESS_001984,CUST_00381,NULL,2023-01-23,Desktop,822,TRUE
SESS_001985,CUST_00429,CAMP_02,2023-06-03,Desktop,1135,FALSE
SESS_001986,NULL,NULL,2023-09-03,Tablet,821,TRUE
SESS_001987,CUST_00303,NULL,2023-08-24,Mobile,374,TRUE
SESS_001988,CUST_00692,NULL,2023-03-14,Tablet,361,TRUE
SESS_001989,NULL,NULL,2023-03-06,Tablet,231,FALSE
SESS_001990,CUST_00336,CAMP_06,2023-08-23,Tablet,63,TRUE
SESS_001991,CUST_00016,NULL,2023-03-26,Tablet,931,FALSE
SESS_001992,NULL,NULL,2023-06-23,Tablet,601,TRUE
SESS_001993,CUST_00551,CAMP_03,2023-09-26,Mobile,0,FALSE
SESS_001994,CUST_00402,NULL,2023-12-20,Desktop,190,TRUE
SESS_001995,CUST_00615,NULL,2023-03-09,Desktop,623,FALSE
SESS_001996,CUST_00368,CAMP_10,2023-04-01,Mobile,788,TRUE
SESS_001997,CUST_00130,CAMP_01,2023-04-21,Desktop,477,TRUE
SESS_001998,CUST_00961,CAMP_01,2023-04-05,Mobile,97,TRUE
SESS_001999,NULL,NULL,2023-05-05,Mobile,770,FALSE
SESS_002000,NULL,NULL,2023-01-30,Tablet,49,TRUE
SESS_002001,CUST_00386,NULL,2023-06-24,Mobile,580,FALSE
SESS_002002,CUST_00994,CAMP_01,2023-08-19,Desktop,297,TRUE
SESS_002003,CUST_00223,NULL,2023-04-30,Desktop,793,TRUE
SESS_002004,CUST_00292,NULL,2023-05-29,Mobile,594,FALSE
SESS_002005,NULL,NULL,2023-06-30,Mobile,218,FALSE
SESS_002006,CUST_00431,CAMP_06,2023-01-30,Tablet,367,FALSE
SESS_002007,NULL,NULL,2023-10-22,Mobile,1139,TRUE
SESS_002008,CUST_00057,NULL,2023-02-07,Tablet,127,FALSE
SESS_002009,NULL,NULL,2023-10-08,Tablet,909,FALSE
SESS_002010,CUST_00210,NULL,2023-03-11,Mobile,411,TRUE
SESS_002011,CUST_00074,CAMP_07,2023-11-22,Desktop,587,FALSE
SESS_002012,CUST_00086,NULL,2023-03-19,Desktop,0,FALSE
SESS_002013,NULL,CAMP_04,2023-10-19,Desktop,1161,FALSE
SESS_002014,CUST_00075,NULL,2023-05-13,Mobile,710,FALSE
SESS_002015,CUST_00214,NULL,2023-09-03,Desktop,533,FALSE
SESS_002016,CUST_00509,NULL,2023-10-19,Desktop,703,FALSE
SESS_002017,NULL,NULL,2023-05-21,Tablet,67,FALSE
SESS_002018,CUST_00403,NULL,2023-08-09,Mobile,456,FALSE
SESS_002019,CUST_00287,NULL,2023-06-26,Mobile,514,FALSE
SESS_002020,CUST_00953,CAMP_10,2023-08-29,Mobile,537,TRUE
SESS_002021,CUST_00169,NULL,2023-10-23,Tablet,0,FALSE
SESS_002022,CUST_00323,NULL,2023-07-31,Desktop,270,FALSE
SESS_002023,CUST_00342,CAMP_03,2023-12-11,Desktop,868,FALSE
SESS_002024,CUST_00184,CAMP_04,2023-06-13,Tablet,49,FALSE
SESS_002025,NULL,CAMP_03,2023-02-07,Mobile,1183,FALSE
SESS_002026,CUST_00005,NULL,2023-04-11,Tablet,1015,FALSE
SESS_002027,CUST_00717,CAMP_01,2023-05-27,Tablet,1014,FALSE
SESS_002028,CUST_00885,CAMP_01,2023-08-23,Desktop,421,FALSE
SESS_002029,NULL,NULL,2023-12-15,Mobile,502,FALSE
SESS_002030,CUST_00949,CAMP_05,2023-06-12,Desktop,813,FALSE
SESS_002031,NULL,NULL,2023-11-19,Mobile,292,TRUE
SESS_002032,CUST_00005,NULL,2023-03-12,Mobile,60,FALSE
SESS_002033,CUST_00300,CAMP_05,2023-03-06,Mobile,523,FALSE
SESS_002034,NULL,CAMP_07,2023-08-20,Tablet,1185,TRUE
SESS_002035,NULL,CAMP_09,2023-11-06,Mobile,1026,FALSE
SESS_002036,NULL,NULL,2023-06-21,Tablet,523,FALSE
SESS_002037,CUST_00614,NULL,2023-10-15,Tablet,863,TRUE
SESS_002038,NULL,NULL,2023-05-14,Desktop,761,TRUE
SESS_002039,CUST_00384,NULL,2023-12-01,Desktop,163,FALSE
SESS_002040,NULL,NULL,2023-09-29,Tablet,0,TRUE
SESS_002041,CUST_00591,CAMP_01,2023-05-27,Tablet,144,FALSE
SESS_002042,NULL,NULL,2023-09-18,Tablet,160,FALSE
SESS_002043,CUST_00671,NULL,2023-09-21,Tablet,449,TRUE
SESS_002044,CUST_00202,NULL,2023-11-24,Desktop,216,TRUE
SESS_002045,CUST_00459,NULL,2023-08-19,Desktop,542,TRUE
SESS_002046,NULL,CAMP_02,2023-07-27,Desktop,1084,FALSE
SESS_002047,CUST_00106,NULL,2023-02-24,Tablet,1061,TRUE
SESS_002048,CUST_00116,NULL,2023-10-20,Mobile,794,FALSE
SESS_002049,CUST_00680,NULL,2023-07-31,Desktop,980,TRUE
SESS_002050,CUST_00550,NULL,2023-04-08,Tablet,735,TRUE
SESS_002051,CUST_00451,CAMP_09,2023-07-09,Mobile,751,TRUE
SESS_002052,CUST_00789,CAMP_03,2023-05-25,Mobile,799,FALSE
SESS_002053,CUST_00718,NULL,2023-10-14,Desktop,141,TRUE
SESS_002054,CUST_00439,CAMP_10,2023-04-17,Desktop,422,TRUE
SESS_002055,CUST_00162,CAMP_08,2023-04-02,Mobile,791,FALSE
SESS_002056,NULL,NULL,2023-11-23,Tablet,130,TRUE
SESS_002057,CUST_00308,NULL,2023-05-03,Desktop,1119,TRUE
SESS_002058,CUST_00578,CAMP_03,2023-01-05,Tablet,940,FALSE
SESS_002059,CUST_00973,NULL,2023-09-01,Mobile,938,TRUE
SESS_002060,NULL,CAMP_05,2023-03-13,Tablet,267,TRUE
SESS_002061,CUST_00204,NULL,2023-11-05,Desktop,22,TRUE
SESS_002062,NULL,NULL,2023-05-23,Mobile,401,FALSE
SESS_002063,CUST_00988,NULL,2023-12-04,Mobile,920,TRUE
SESS_002064,CUST_00803,CAMP_07,2023-03-03,Tablet,1192,FALSE
SESS_002065,CUST_00625,NULL,2023-07-24,Mobile,0,TRUE
SESS_002066,CUST_00387,CAMP_04,2023-04-10,Tablet,309,TRUE
SESS_002067,CUST_00156,NULL,2023-05-25,Mobile,782,FALSE
SESS_002068,CUST_00981,CAMP_03,2023-02-15,Desktop,160,TRUE
SESS_002069,CUST_00470,NULL,2023-12-21,Tablet,984,TRUE
SESS_002070,CUST_00808,CAMP_02,2023-02-12,Tablet,81,TRUE
SESS_002071,CUST_00849,CAMP_07,2023-01-05,Desktop,1037,TRUE
SESS_002072,CUST_00214,CAMP_08,2023-06-22,Desktop,938,FALSE
SESS_002073,NULL,NULL,2023-09-14,Tablet,428,TRUE
SESS_002074,NULL,NULL,2023-07-26,Mobile,1172,FALSE
SESS_002075,CUST_00728,CAMP_07,2023-11-21,Mobile,585,FALSE
SESS_002076,NULL,NULL,2023-09-11,Tablet,289,TRUE
SESS_002077,NULL,CAMP_05,2023-07-21,Desktop,687,FALSE
SESS_002078,CUST_00511,CAMP_05,2023-01-02,Desktop,75,FALSE
SESS_002079,NULL,CAMP_01,2023-02-14,Tablet,777,TRUE
SESS_002080,NULL,CAMP_05,2023-04-17,Mobile,1019,FALSE
SESS_002081,NULL,NULL,2023-11-27,Tablet,410,FALSE
SESS_002082,CUST_00932,NULL,2023-11-03,Tablet,416,TRUE
SESS_002083,NULL,NULL,2023-01-27,Desktop,485,TRUE
SESS_002084,CUST_00829,CAMP_09,2023-01-23,Mobile,1083,TRUE
SESS_002085,CUST_00286,NULL,2023-10-06,Desktop,373,FALSE
SESS_002086,NULL,CAMP_04,2023-11-21,Mobile,859,FALSE
SESS_002087,CUST_00547,CAMP_01,2023-09-20,Desktop,292,FALSE
SESS_002088,CUST_00358,CAMP_10,2023-06-05,Mobile,530,TRUE
SESS_002089,CUST_00226,NULL,2023-02-15,Desktop,719,FALSE
SESS_002090,CUST_00251,NULL,2023-11-10,Mobile,1023,TRUE
SESS_002091,CUST_00143,NULL,2023-10-27,Desktop,636,FALSE
SESS_002092,CUST_00418,CAMP_06,2023-11-28,Desktop,217,FALSE
SESS_002093,CUST_00101,CAMP_08,2023-07-23,Mobile,1092,FALSE
SESS_002094,CUST_00443,CAMP_06,2023-01-13,Desktop,817,FALSE
SESS_002095,CUST_00412,NULL,2023-03-23,Mobile,875,FALSE
SESS_002096,CUST_00584,CAMP_04,2023-08-18,Tablet,818,TRUE
SESS_002097,NULL,CAMP_10,2023-12-13,Tablet,0,TRUE
SESS_002098,CUST_00248,CAMP_10,2023-10-02,Desktop,282,FALSE
SESS_002099,CUST_00445,NULL,2023-11-05,Mobile,783,FALSE
SESS_002100,CUST_00379,CAMP_09,2023-01-13,Tablet,65,TRUE
SESS_002101,NULL,NULL,2023-07-18,Tablet,993,TRUE
SESS_002102,CUST_00143,CAMP_06,2023-07-22,Tablet,195,FALSE
SESS_002103,NULL,CAMP_09,2023-08-08,Desktop,119,TRUE
SESS_002104,NULL,CAMP_05,2023-05-19,Desktop,375,FALSE
SESS_002105,CUST_00475,CAMP_04,2023-11-25,Desktop,0,TRUE
SESS_002106,CUST_00154,NULL,2023-01-07,Desktop,1043,FALSE
SESS_002107,NULL,CAMP_01,2023-07-25,Tablet,710,FALSE
SESS_002108,CUST_00418,CAMP_02,2023-11-21,Desktop,37,TRUE
SESS_002109,CUST_00511,CAMP_01,2023-03-11,Tablet,358,FALSE
SESS_002110,NULL,CAMP_10,2023-08-20,Tablet,494,FALSE
SESS_002111,NULL,NULL,2023-06-17,Mobile,193,TRUE
SESS_002112,CUST_00680,CAMP_06,2023-07-28,Tablet,1020,TRUE
SESS_002113,CUST_00808,NULL,2023-11-27,Tablet,523,TRUE
SESS_002114,CUST_00288,NULL,2023-08-08,Desktop,1103,TRUE
SESS_002115,NULL,CAMP_05,2023-09-17,Mobile,612,FALSE
SESS_002116,CUST_00362,CAMP_07,2023-11-19,Mobile,857,FALSE
SESS_002117,CUST_00531,NULL,2023-03-20,Desktop,948,TRUE
SESS_002118,CUST_00923,CAMP_04,2023-03-23,Tablet,841,FALSE
SESS_002119,CUST_00665,NULL,2023-05-05,Tablet,886,TRUE
SESS_002120,NULL,NULL,2023-06-06,Tablet,127,TRUE
SESS_002121,NULL,NULL,2023-08-26,Mobile,21,FALSE
SESS_002122,CUST_00777,CAMP_04,2023-10-18,Desktop,962,FALSE
SESS_002123,CUST_00865,CAMP_06,2023-05-19,Tablet,712,TRUE
SESS_002124,NULL,CAMP_02,2023-08-04,Mobile,691,TRUE
SESS_002125,NULL,NULL,2023-12-23,Tablet,14,FALSE
SESS_002126,NULL,CAMP_05,2023-04-18,Tablet,469,FALSE
SESS_002127,CUST_00791,CAMP_04,2023-04-25,Mobile,682,FALSE
SESS_002128,CUST_00115,NULL,2023-12-03,Tablet,1184,FALSE
SESS_002129,CUST_00190,CAMP_05,2023-03-18,Desktop,894,FALSE
SESS_002130,CUST_00353,NULL,2023-01-27,Desktop,749,TRUE
SESS_002131,CUST_00359,NULL,2023-06-25,Desktop,536,TRUE
SESS_002132,CUST_00844,CAMP_02,2023-10-27,Mobile,668,TRUE
SESS_002133,CUST_00367,NULL,2023-12-17,Mobile,934,FALSE
SESS_002134,NULL,NULL,2023-02-25,Mobile,938,FALSE
SESS_002135,NULL,CAMP_02,2023-12-08,Tablet,979,FALSE
SESS_002136,CUST_00766,NULL,2023-08-06,Tablet,212,TRUE
SESS_002137,NULL,NULL,2023-12-02,Mobile,808,TRUE
SESS_002138,CUST_00240,NULL,2023-08-09,Mobile,46,TRUE
SESS_002139,CUST_00973,NULL,2023-09-10,Desktop,641,FALSE
SESS_002140,CUST_00605,CAMP_03,2023-12-13,Tablet,862,TRUE
SESS_002141,CUST_00976,CAMP_05,2023-04-28,Desktop,0,TRUE
SESS_002142,CUST_00959,NULL,2023-05-30,Tablet,316,FALSE
SESS_002143,CUST_00376,NULL,2023-12-14,Mobile,1137,TRUE
SESS_002144,NULL,NULL,2023-07-05,Tablet,909,TRUE
SESS_002145,NULL,CAMP_05,2023-10-30,Desktop,589,TRUE
SESS_002146,CUST_00725,NULL,2023-06-03,Mobile,897,TRUE
SESS_002147,CUST_00703,CAMP_03,2023-12-07,Desktop,995,TRUE
SESS_002148,CUST_00418,NULL,2023-10-27,Desktop,962,TRUE
SESS_002149,CUST_00932,NULL,2023-03-24,Desktop,233,TRUE
SESS_002150,NULL,NULL,2023-09-15,Mobile,473,TRUE
SESS_002151,CUST_00253,NULL,2023-02-08,Tablet,911,FALSE
SESS_002152,NULL,NULL,2023-03-12,Desktop,1057,FALSE
SESS_002153,CUST_00355,CAMP_10,2023-02-11,Tablet,407,TRUE
SESS_002154,NULL,CAMP_01,2023-03-09,Tablet,777,TRUE
SESS_002155,CUST_00628,NULL,2023-04-20,Tablet,639,FALSE
SESS_002156,CUST_00516,NULL,2023-07-23,Desktop,0,TRUE
SESS_002157,CUST_00737,CAMP_05,2023-07-28,Tablet,945,TRUE
SESS_002158,CUST_00741,NULL,2023-08-06,Desktop,1039,FALSE
SESS_002159,CUST_00681,NULL,2023-03-30,Desktop,104,FALSE
SESS_002160,NULL,NULL,2023-02-21,Desktop,0,FALSE
SESS_002161,CUST_00561,NULL,2023-05-01,Mobile,69,FALSE
SESS_002162,CUST_00903,CAMP_07,2023-09-25,Desktop,846,FALSE
SESS_002163,CUST_00693,CAMP_02,2023-11-29,Tablet,985,TRUE
SESS_002164,NULL,CAMP_10,2023-12-28,Tablet,1000,TRUE
SESS_002165,NULL,NULL,2023-05-12,Tablet,209,TRUE
SESS_002166,CUST_00445,NULL,2023-10-15,Tablet,61,TRUE
SESS_002167,CUST_00185,NULL,2023-01-04,Desktop,765,TRUE
SESS_002168,CUST_00638,NULL,2023-11-26,Tablet,745,TRUE
SESS_002169,CUST_00632,NULL,2023-06-23,Mobile,240,FALSE
SESS_002170,NULL,NULL,2023-12-17,Desktop,1031,FALSE
SESS_002171,NULL,NULL,2023-02-24,Mobile,827,FALSE
SESS_002172,CUST_00963,NULL,2023-07-06,Mobile,429,TRUE
SESS_002173,CUST_00294,CAMP_01,2023-03-26,Tablet,291,FALSE
SESS_002174,CUST_00296,CAMP_02,2023-06-04,Tablet,805,FALSE
SESS_002175,NULL,NULL,2023-06-01,Tablet,231,TRUE
SESS_002176,CUST_00179,CAMP_02,2023-07-11,Mobile,610,FALSE
SESS_002177,CUST_00755,NULL,2023-08-01,Tablet,986,TRUE
SESS_002178,CUST_00579,NULL,2023-09-19,Mobile,49,FALSE
SESS_002179,NULL,NULL,2023-04-23,Mobile,471,TRUE
SESS_002180,CUST_00591,CAMP_03,2023-12-28,Desktop,237,TRUE
SESS_002181,CUST_00613,NULL,2023-02-02,Desktop,546,FALSE
SESS_002182,NULL,NULL,2023-10-06,Mobile,353,FALSE
SESS_002183,NULL,NULL,2023-02-14,Desktop,238,FALSE
SESS_002184,CUST_00869,CAMP_06,2023-12-13,Mobile,1081,FALSE
SESS_002185,CUST_00259,CAMP_08,2023-05-26,Desktop,924,FALSE
SESS_002186,CUST_00139,NULL,2023-03-05,Desktop,576,TRUE
SESS_002187,CUST_00365,CAMP_02,2023-10-11,Desktop,1099,TRUE
SESS_002188,CUST_00505,NULL,2023-12-17,Tablet,646,FALSE
SESS_002189,NULL,NULL,2023-11-02,Mobile,755,FALSE
SESS_002190,CUST_00772,NULL,2023-08-03,Desktop,629,TRUE
SESS_002191,CUST_00091,CAMP_04,2023-09-27,Tablet,1194,TRUE
SESS_002192,CUST_00171,CAMP_02,2023-04-17,Tablet,31,FALSE
SESS_002193,CUST_00815,CAMP_03,2023-02-28,Mobile,459,FALSE
SESS_002194,CUST_00822,CAMP_02,2023-08-29,Desktop,1084,TRUE
SESS_002195,CUST_00617,CAMP_04,2023-09-01,Tablet,339,TRUE
SESS_002196,CUST_00341,CAMP_06,2023-12-22,Mobile,485,TRUE
SESS_002197,CUST_00127,NULL,2023-05-23,Tablet,451,TRUE
SESS_002198,CUST_00914,NULL,2023-08-13,Tablet,147,FALSE
SESS_002199,CUST_00902,CAMP_05,2023-09-10,Mobile,372,FALSE
SESS_002200,CUST_00724,NULL,2023-01-20,Desktop,1115,TRUE
SESS_002201,CUST_00101,CAMP_09,2023-05-09,Tablet,483,TRUE
SESS_002202,CUST_00009,CAMP_08,2023-11-03,Mobile,1072,TRUE
SESS_002203,NULL,CAMP_05,2023-07-05,Desktop,1107,FALSE
SESS_002204,NULL,CAMP_10,2023-11-06,Mobile,225,FALSE
SESS_002205,CUST_00969,CAMP_02,2023-08-03,Mobile,1045,FALSE
SESS_002206,CUST_00482,NULL,2023-08-08,Mobile,63,FALSE
SESS_002207,CUST_00724,NULL,2023-01-06,Tablet,374,FALSE
SESS_002208,NULL,CAMP_05,2023-02-18,Tablet,1080,FALSE
SESS_002209,CUST_00063,NULL,2023-05-06,Mobile,485,TRUE
SESS_002210,NULL,CAMP_05,2023-05-29,Tablet,349,TRUE
SESS_002211,NULL,CAMP_01,2023-03-22,Tablet,577,TRUE
SESS_002212,NULL,CAMP_08,2023-07-30,Tablet,191,FALSE
SESS_002213,CUST_00345,NULL,2023-05-21,Desktop,1184,TRUE
SESS_002214,NULL,CAMP_02,2023-04-09,Mobile,84,FALSE
SESS_002215,CUST_00333,CAMP_10,2023-01-29,Desktop,371,TRUE
SESS_002216,NULL,NULL,2023-07-16,Tablet,552,FALSE
SESS_002217,NULL,CAMP_04,2023-09-03,Mobile,786,FALSE
SESS_002218,CUST_00794,NULL,2023-06-27,Mobile,479,TRUE
SESS_002219,NULL,NULL,2023-10-05,Mobile,38,TRUE
SESS_002220,NULL,CAMP_03,2023-05-31,Desktop,780,FALSE
SESS_002221,NULL,NULL,2023-04-14,Tablet,1064,FALSE
SESS_002222,NULL,NULL,2023-02-22,Tablet,1083,TRUE
SESS_002223,CUST_00520,NULL,2023-07-05,Tablet,364,FALSE
SESS_002224,CUST_00636,CAMP_09,2023-06-18,Tablet,47,TRUE
SESS_002225,CUST_00356,NULL,2023-10-14,Tablet,1076,TRUE
SESS_002226,NULL,CAMP_08,2023-11-20,Desktop,514,TRUE
SESS_002227,CUST_00433,NULL,2023-04-18,Tablet,201,TRUE
SESS_002228,NULL,NULL,2023-10-09,Desktop,1056,TRUE
SESS_002229,CUST_00349,NULL,2023-10-09,Desktop,937,TRUE
SESS_002230,CUST_00626,CAMP_07,2023-09-22,Mobile,885,TRUE
SESS_002231,NULL,NULL,2023-12-25,Desktop,942,TRUE
SESS_002232,CUST_00888,CAMP_10,2023-01-27,Desktop,539,TRUE
SESS_002233,NULL,CAMP_09,2023-05-14,Tablet,922,TRUE
SESS_002234,CUST_00746,NULL,2023-12-01,Tablet,161,TRUE
SESS_002235,CUST_00394,NULL,2023-05-30,Tablet,1157,FALSE
SESS_002236,NULL,NULL,2023-07-08,Desktop,895,TRUE
SESS_002237,CUST_00932,NULL,2023-06-21,Mobile,841,FALSE
SESS_002238,CUST_00319,NULL,2023-12-31,Tablet,546,FALSE
SESS_002239,NULL,CAMP_09,2023-10-28,Mobile,683,TRUE
SESS_002240,CUST_00339,NULL,2023-12-16,Mobile,1108,FALSE
SESS_002241,CUST_00177,CAMP_05,2023-09-21,Desktop,847,FALSE
SESS_002242,NULL,NULL,2023-07-28,Desktop,111,TRUE
SESS_002243,CUST_00020,CAMP_02,2023-01-12,Desktop,294,TRUE
SESS_002244,CUST_00991,CAMP_04,2023-01-01,Tablet,1036,FALSE
SESS_002245,CUST_00359,CAMP_08,2023-01-25,Mobile,798,FALSE
SESS_002246,CUST_00221,NULL,2023-12-15,Tablet,437,TRUE
SESS_002247,CUST_00387,CAMP_04,2023-04-30,Desktop,1105,FALSE
SESS_002248,NULL,NULL,2023-08-04,Desktop,981,TRUE
SESS_002249,CUST_00226,CAMP_08,2023-06-04,Tablet,736,FALSE
SESS_002250,CUST_00912,NULL,2023-05-06,Mobile,915,TRUE
SESS_002251,CUST_00932,CAMP_10,2023-09-08,Mobile,547,TRUE
SESS_002252,CUST_00701,NULL,2023-05-03,Tablet,1033,TRUE
SESS_002253,CUST_00457,CAMP_05,2023-01-15,Mobile,980,FALSE
SESS_002254,NULL,NULL,2023-03-18,Desktop,988,TRUE
SESS_002255,CUST_00360,NULL,2023-02-15,Desktop,654,FALSE
SESS_002256,CUST_00061,CAMP_01,2023-01-17,Tablet,100,TRUE
SESS_002257,CUST_00382,NULL,2023-09-17,Mobile,500,TRUE
SESS_002258,NULL,CAMP_06,2023-12-02,Tablet,870,FALSE
SESS_002259,CUST_00886,CAMP_07,2023-08-09,Desktop,0,FALSE
SESS_002260,NULL,CAMP_02,2023-02-05,Desktop,507,FALSE
SESS_002261,CUST_00432,NULL,2023-11-04,Tablet,1032,TRUE
SESS_002262,CUST_00089,CAMP_06,2023-09-15,Mobile,922,FALSE
SESS_002263,NULL,CAMP_08,2023-08-18,Mobile,195,FALSE
SESS_002264,CUST_00685,NULL,2023-08-25,Tablet,1200,FALSE
SESS_002265,CUST_00151,CAMP_01,2023-07-10,Tablet,277,TRUE
SESS_002266,CUST_00018,CAMP_10,2023-02-04,Tablet,341,TRUE
SESS_002267,CUST_00589,CAMP_08,2023-08-05,Tablet,40,FALSE
SESS_002268,NULL,CAMP_03,2023-03-21,Desktop,523,TRUE
SESS_002269,CUST_00386,NULL,2023-09-06,Tablet,928,TRUE
SESS_002270,CUST_00260,NULL,2023-09-14,Tablet,348,TRUE
SESS_002271,CUST_00003,NULL,2023-11-07,Tablet,582,FALSE
SESS_002272,CUST_00171,CAMP_04,2023-09-16,Mobile,467,TRUE
SESS_002273,CUST_00699,CAMP_07,2023-07-31,Tablet,1022,TRUE
SESS_002274,CUST_00941,NULL,2023-09-16,Tablet,484,TRUE
SESS_002275,CUST_00201,NULL,2023-08-03,Tablet,1099,TRUE
SESS_002276,CUST_00795,CAMP_03,2023-12-22,Desktop,1006,TRUE
SESS_002277,CUST_00060,CAMP_09,2023-06-05,Tablet,160,TRUE
SESS_002278,CUST_00339,NULL,2023-09-23,Desktop,776,FALSE
SESS_002279,NULL,NULL,2023-02-19,Desktop,456,TRUE
SESS_002280,NULL,CAMP_01,2023-01-29,Mobile,1096,FALSE
SESS_002281,NULL,NULL,2023-11-07,Mobile,643,TRUE
SESS_002282,CUST_00589,NULL,2023-05-04,Desktop,213,FALSE
SESS_002283,CUST_00198,NULL,2023-02-14,Tablet,827,TRUE
SESS_002284,CUST_00365,NULL,2023-01-28,Desktop,661,TRUE
SESS_002285,NULL,NULL,2023-09-30,Desktop,209,FALSE
SESS_002286,CUST_00629,CAMP_06,2023-06-13,Mobile,838,FALSE
SESS_002287,CUST_00313,NULL,2023-06-05,Desktop,1148,TRUE
SESS_002288,NULL,NULL,2023-11-11,Desktop,551,TRUE
SESS_002289,CUST_00958,CAMP_02,2023-01-12,Mobile,219,FALSE
SESS_002290,CUST_00631,NULL,2023-01-31,Tablet,1083,TRUE
SESS_002291,NULL,CAMP_07,2023-10-02,Mobile,859,FALSE
SESS_002292,CUST_00649,CAMP_06,2023-11-23,Mobile,354,TRUE
SESS_002293,CUST_00391,CAMP_01,2023-09-28,Mobile,559,FALSE
SESS_002294,NULL,NULL,2023-06-26,Desktop,476,FALSE
SESS_002295,CUST_00970,CAMP_08,2023-03-08,Mobile,0,FALSE
SESS_002296,NULL,NULL,2023-11-27,Tablet,953,TRUE
SESS_002297,CUST_00753,NULL,2023-04-08,Desktop,953,TRUE
SESS_002298,NULL,NULL,2023-01-23,Tablet,1053,TRUE
SESS_002299,CUST_00151,CAMP_09,2023-07-24,Desktop,783,FALSE
SESS_002300,CUST_00852,NULL,2023-01-07,Mobile,739,TRUE
SESS_002301,CUST_00824,NULL,2023-11-07,Tablet,0,TRUE
SESS_002302,CUST_00996,CAMP_09,2023-06-19,Mobile,808,TRUE
SESS_002303,NULL,NULL,2023-11-18,Tablet,888,TRUE
SESS_002304,CUST_00521,CAMP_08,2023-07-15,Tablet,876,TRUE
SESS_002305,CUST_00244,NULL,2023-07-19,Tablet,112,FALSE
SESS_002306,CUST_00024,CAMP_02,2023-04-10,Desktop,907,TRUE
SESS_002307,CUST_00604,NULL,2023-08-17,Desktop,1187,TRUE
SESS_002308,NULL,NULL,2023-05-12,Desktop,665,FALSE
SESS_002309,CUST_00316,NULL,2023-12-31,Desktop,536,TRUE
SESS_002310,CUST_00239,NULL,2023-03-07,Desktop,495,FALSE
SESS_002311,CUST_00221,CAMP_10,2023-06-19,Tablet,457,FALSE
SESS_002312,NULL,CAMP_09,2023-09-22,Mobile,1087,TRUE
SESS_002313,CUST_00677,NULL,2023-03-27,Tablet,1100,FALSE
SESS_002314,CUST_00169,CAMP_01,2023-02-26,Desktop,452,TRUE
SESS_002315,CUST_00523,CAMP_07,2023-10-02,Tablet,615,FALSE
SESS_002316,CUST_00655,NULL,2023-01-10,Desktop,822,FALSE
SESS_002317,CUST_00276,CAMP_10,2023-06-16,Desktop,977,TRUE
SESS_002318,CUST_00084,CAMP_06,2023-06-26,Tablet,680,TRUE
SESS_002319,CUST_00501,NULL,2023-12-29,Mobile,571,FALSE
SESS_002320,CUST_00995,CAMP_03,2023-08-08,Mobile,666,FALSE
SESS_002321,NULL,CAMP_08,2023-08-06,Tablet,690,TRUE
SESS_002322,CUST_00074,CAMP_07,2023-06-09,Desktop,830,FALSE
SESS_002323,CUST_00009,CAMP_01,2023-10-17,Mobile,723,TRUE
SESS_002324,CUST_00406,CAMP_01,2023-02-13,Tablet,675,FALSE
SESS_002325,NULL,NULL,2023-03-06,Desktop,580,FALSE
SESS_002326,CUST_00679,CAMP_08,2023-07-15,Mobile,1138,TRUE
SESS_002327,CUST_00711,NULL,2023-02-12,Tablet,1041,FALSE
SESS_002328,NULL,NULL,2023-01-03,Desktop,688,FALSE
SESS_002329,CUST_00903,CAMP_07,2023-09-06,Desktop,713,TRUE
SESS_002330,CUST_00600,NULL,2023-07-21,Desktop,900,FALSE
SESS_002331,CUST_00413,CAMP_03,2023-09-11,Mobile,103,FALSE
SESS_002332,CUST_00874,CAMP_10,2023-10-21,Desktop,224,TRUE
SESS_002333,CUST_00358,NULL,2023-11-17,Tablet,319,TRUE
SESS_002334,NULL,NULL,2023-07-02,Tablet,450,FALSE
SESS_002335,CUST_00349,CAMP_09,2023-03-13,Desktop,330,FALSE
SESS_002336,CUST_00380,NULL,2023-11-25,Desktop,551,FALSE
SESS_002337,CUST_00796,CAMP_08,2023-06-25,Desktop,1157,TRUE
SESS_002338,CUST_00468,NULL,2023-07-09,Desktop,318,TRUE
SESS_002339,NULL,NULL,2023-03-26,Tablet,426,TRUE
SESS_002340,CUST_00183,CAMP_04,2023-09-22,Tablet,693,FALSE
SESS_002341,CUST_00359,NULL,2023-06-13,Desktop,80,TRUE
SESS_002342,CUST_00270,CAMP_04,2023-11-23,Tablet,460,FALSE
SESS_002343,CUST_00105,NULL,2023-07-30,Desktop,362,TRUE
SESS_002344,NULL,CAMP_01,2023-09-07,Mobile,498,FALSE
SESS_002345,CUST_00475,NULL,2023-01-27,Tablet,102,FALSE
SESS_002346,NULL,NULL,2023-04-28,Tablet,543,FALSE
SESS_002347,NULL,CAMP_03,2023-03-30,Tablet,753,FALSE
SESS_002348,NULL,NULL,2023-05-19,Tablet,1004,TRUE
SESS_002349,CUST_00384,NULL,2023-11-14,Tablet,648,TRUE
SESS_002350,CUST_00382,NULL,2023-01-10,Tablet,1197,FALSE
SESS_002351,CUST_00309,CAMP_06,2023-09-14,Desktop,842,TRUE
SESS_002352,CUST_00269,CAMP_02,2023-04-10,Mobile,348,FALSE
SESS_002353,CUST_00654,NULL,2023-01-01,Tablet,42,TRUE
SESS_002354,CUST_00456,CAMP_02,2023-05-11,Tablet,1014,FALSE
SESS_002355,NULL,NULL,2023-10-12,Tablet,659,TRUE
SESS_002356,CUST_00512,CAMP_06,2024-01-01,Mobile,0,TRUE
SESS_002357,CUST_00104,NULL,2023-08-24,Tablet,0,TRUE
SESS_002358,CUST_00037,CAMP_08,2023-10-21,Tablet,557,FALSE
SESS_002359,CUST_00183,CAMP_06,2023-06-10,Tablet,205,TRUE
SESS_002360,CUST_00374,CAMP_04,2023-12-07,Desktop,873,TRUE
SESS_002361,CUST_00810,NULL,2023-05-03,Tablet,734,TRUE
SESS_002362,CUST_00466,NULL,2023-10-01,Desktop,444,FALSE
SESS_002363,NULL,NULL,2023-02-24,Mobile,19,TRUE
SESS_002364,CUST_00878,NULL,2023-09-10,Tablet,639,FALSE
SESS_002365,CUST_00946,NULL,2023-09-03,Tablet,1167,TRUE
SESS_002366,CUST_00275,CAMP_01,2023-04-11,Tablet,27,FALSE
SESS_002367,CUST_00824,NULL,2023-11-18,Mobile,752,TRUE
SESS_002368,CUST_00998,CAMP_03,2023-12-09,Mobile,490,TRUE
SESS_002369,CUST_00725,CAMP_02,2023-03-14,Desktop,1076,TRUE
SESS_002370,NULL,NULL,2023-03-07,Mobile,345,FALSE
SESS_002371,CUST_00163,CAMP_02,2023-02-25,Desktop,1006,FALSE
SESS_002372,CUST_00830,CAMP_05,2023-07-21,Tablet,929,TRUE
SESS_002373,CUST_00382,CAMP_03,2023-07-11,Tablet,654,TRUE
SESS_002374,CUST_00817,CAMP_09,2023-12-07,Tablet,706,FALSE
SESS_002375,NULL,CAMP_06,2023-03-15,Desktop,427,TRUE
SESS_002376,NULL,CAMP_08,2023-08-08,Desktop,621,TRUE
SESS_002377,CUST_00962,NULL,2023-07-15,Tablet,280,TRUE
SESS_002378,CUST_00250,NULL,2023-06-15,Tablet,127,FALSE
SESS_002379,NULL,NULL,2023-07-19,Desktop,620,FALSE
SESS_002380,CUST_00405,CAMP_08,2023-09-05,Desktop,205,FALSE
SESS_002381,CUST_00495,NULL,2023-10-06,Mobile,957,TRUE
SESS_002382,NULL,NULL,2023-09-05,Tablet,139,TRUE
SESS_002383,CUST_00043,NULL,2023-09-26,Desktop,813,TRUE
SESS_002384,CUST_00834,CAMP_01,2023-04-26,Tablet,336,TRUE
SESS_002385,CUST_00263,CAMP_08,2023-06-02,Desktop,175,FALSE
SESS_002386,CUST_00624,CAMP_07,2023-05-09,Desktop,72,FALSE
SESS_002387,CUST_00235,NULL,2023-06-22,Tablet,239,FALSE
SESS_002388,NULL,CAMP_06,2023-10-14,Desktop,209,FALSE
SESS_002389,CUST_00476,CAMP_08,2023-05-22,Mobile,246,TRUE
SESS_002390,CUST_00653,CAMP_03,2023-06-24,Mobile,827,TRUE
SESS_002391,CUST_00753,CAMP_01,2023-10-09,Tablet,1049,TRUE
SESS_002392,NULL,CAMP_10,2023-04-29,Mobile,758,TRUE
SESS_002393,NULL,CAMP_02,2023-01-03,Mobile,746,TRUE
SESS_002394,CUST_00492,NULL,2023-05-10,Mobile,1180,TRUE
SESS_002395,NULL,CAMP_02,2023-06-05,Desktop,186,FALSE
SESS_002396,NULL,NULL,2023-09-20,Tablet,1198,TRUE
SESS_002397,CUST_00348,CAMP_10,2023-08-21,Desktop,1014,FALSE
SESS_002398,CUST_00197,NULL,2023-07-30,Desktop,930,TRUE
SESS_002399,NULL,NULL,2023-12-24,Mobile,14,TRUE
SESS_002400,CUST_00238,CAMP_09,2023-10-30,Tablet,432,TRUE
SESS_002401,NULL,CAMP_07,2023-08-23,Mobile,0,TRUE
SESS_002402,NULL,NULL,2023-12-02,Tablet,936,FALSE
SESS_002403,CUST_00655,CAMP_04,2023-01-23,Mobile,467,FALSE
SESS_002404,CUST_00740,CAMP_06,2023-09-13,Tablet,0,TRUE
SESS_002405,NULL,CAMP_01,2023-10-28,Tablet,903,TRUE
SESS_002406,CUST_00353,NULL,2023-06-24,Tablet,337,TRUE
SESS_002407,CUST_00369,CAMP_05,2023-09-02,Mobile,245,TRUE
SESS_002408,CUST_00315,CAMP_06,2023-05-29,Tablet,724,TRUE
SESS_002409,CUST_00467,NULL,2023-07-18,Tablet,1185,TRUE
SESS_002410,CUST_00697,NULL,2023-04-15,Desktop,26,FALSE
SESS_002411,CUST_00879,NULL,2023-08-02,Desktop,893,TRUE
SESS_002412,NULL,CAMP_07,2023-02-04,Mobile,1068,TRUE
SESS_002413,CUST_00640,CAMP_08,2023-08-14,Mobile,904,FALSE
SESS_002414,NULL,CAMP_07,2023-03-15,Mobile,461,FALSE
SESS_002415,CUST_00945,NULL,2023-12-10,Desktop,117,TRUE
SESS_002416,NULL,CAMP_07,2023-03-30,Mobile,71,FALSE
SESS_002417,CUST_00295,NULL,2023-04-29,Mobile,500,TRUE
SESS_002418,CUST_00236,NULL,2023-07-14,Desktop,826,FALSE
SESS_002419,CUST_00998,NULL,2023-04-27,Tablet,9,FALSE
SESS_002420,NULL,NULL,2023-07-20,Tablet,292,TRUE
SESS_002421,CUST_00494,CAMP_01,2023-01-17,Mobile,547,TRUE
SESS_002422,CUST_00545,NULL,2023-06-24,Mobile,223,TRUE
SESS_002423,CUST_00263,NULL,2023-06-29,Tablet,0,FALSE
SESS_002424,CUST_00421,CAMP_05,2023-03-09,Tablet,687,FALSE
SESS_002425,CUST_00653,CAMP_09,2023-07-23,Desktop,374,FALSE
SESS_002426,NULL,NULL,2023-02-08,Mobile,75,FALSE
SESS_002427,CUST_00574,NULL,2023-08-01,Mobile,1186,FALSE
SESS_002428,CUST_00796,NULL,2023-09-23,Mobile,420,TRUE
SESS_002429,CUST_00825,NULL,2023-07-05,Mobile,360,FALSE
SESS_002430,CUST_00318,NULL,2023-08-07,Desktop,485,TRUE
SESS_002431,CUST_00483,NULL,2023-06-15,Desktop,89,TRUE
SESS_002432,CUST_00154,CAMP_03,2023-12-15,Mobile,12,TRUE
SESS_002433,NULL,CAMP_02,2023-07-23,Tablet,1090,FALSE
SESS_002434,NULL,CAMP_05,2023-07-27,Mobile,274,FALSE
SESS_002435,NULL,NULL,2023-03-29,Mobile,1174,TRUE
SESS_002436,NULL,CAMP_01,2023-09-04,Desktop,704,FALSE
SESS_002437,NULL,CAMP_06,2023-09-17,Mobile,295,FALSE
SESS_002438,CUST_00725,CAMP_07,2023-01-26,Desktop,536,FALSE
SESS_002439,NULL,NULL,2023-02-08,Tablet,1093,TRUE
SESS_002440,CUST_00008,NULL,2023-01-23,Tablet,223,FALSE
SESS_002441,CUST_00029,CAMP_06,2023-02-07,Desktop,272,FALSE
SESS_002442,CUST_00739,NULL,2023-05-02,Mobile,310,TRUE
SESS_002443,CUST_00590,CAMP_04,2023-09-02,Desktop,702,TRUE
SESS_002444,CUST_00988,CAMP_06,2023-06-15,Desktop,163,TRUE
SESS_002445,CUST_00086,NULL,2023-03-26,Desktop,960,TRUE
SESS_002446,CUST_00114,CAMP_05,2023-04-04,Tablet,1154,TRUE
SESS_002447,CUST_00395,NULL,2023-11-04,Desktop,1064,TRUE
SESS_002448,NULL,CAMP_08,2023-08-19,Mobile,894,FALSE
SESS_002449,CUST_00265,NULL,2023-11-22,Tablet,409,TRUE
SESS_002450,CUST_00474,CAMP_03,2023-11-06,Mobile,746,FALSE
SESS_002451,CUST_00872,NULL,2023-09-23,Tablet,93,TRUE
SESS_002452,NULL,CAMP_05,2023-10-01,Tablet,43,FALSE
SESS_002453,CUST_00429,CAMP_01,2023-01-26,Desktop,229,TRUE
SESS_002454,CUST_00363,NULL,2023-09-02,Mobile,266,FALSE
SESS_002455,CUST_00993,CAMP_03,2023-03-06,Tablet,540,FALSE
SESS_002456,CUST_00614,NULL,2023-11-01,Desktop,554,TRUE
SESS_002457,CUST_00696,NULL,2023-08-27,Mobile,227,FALSE
SESS_002458,NULL,NULL,2023-06-09,Desktop,534,FALSE
SESS_002459,CUST_00807,NULL,2023-01-06,Tablet,139,TRUE
SESS_002460,CUST_00223,CAMP_10,2023-09-28,Tablet,563,FALSE
SESS_002461,CUST_00653,NULL,2023-11-28,Tablet,859,FALSE
SESS_002462,CUST_00817,CAMP_06,2023-05-08,Desktop,45,FALSE
SESS_002463,CUST_00477,CAMP_04,2023-07-26,Tablet,26,TRUE
SESS_002464,CUST_00589,NULL,2023-11-22,Desktop,890,TRUE
SESS_002465,CUST_00661,NULL,2023-03-16,Mobile,1035,FALSE
SESS_002466,CUST_00267,CAMP_01,2024-01-01,Tablet,365,TRUE
SESS_002467,CUST_00148,CAMP_01,2023-08-10,Mobile,749,TRUE
SESS_002468,NULL,NULL,2023-04-29,Tablet,0,TRUE
SESS_002469,CUST_00758,CAMP_10,2023-04-04,Tablet,715,FALSE
SESS_002470,NULL,NULL,2023-05-08,Desktop,206,FALSE
SESS_002471,NULL,NULL,2023-11-19,Tablet,431,FALSE
SESS_002472,CUST_00866,NULL,2023-05-31,Mobile,524,TRUE
SESS_002473,NULL,CAMP_03,2023-01-29,Mobile,476,TRUE
SESS_002474,CUST_00129,NULL,2023-03-09,Tablet,201,TRUE
SESS_002475,CUST_00366,NULL,2023-09-13,Desktop,551,TRUE
SESS_002476,NULL,CAMP_05,2023-06-24,Mobile,630,FALSE
SESS_002477,CUST_00382,CAMP_03,2023-06-14,Mobile,0,FALSE
SESS_002478,CUST_00078,CAMP_04,2023-06-26,Desktop,720,FALSE
SESS_002479,CUST_00985,NULL,2023-02-05,Desktop,968,TRUE
SESS_002480,CUST_00973,NULL,2023-07-20,Mobile,477,FALSE
SESS_002481,NULL,NULL,2023-05-06,Desktop,886,TRUE
SESS_002482,CUST_00894,CAMP_06,2023-08-10,Mobile,652,TRUE
SESS_002483,CUST_00963,NULL,2023-01-22,Tablet,320,FALSE
SESS_002484,CUST_00829,NULL,2023-11-30,Mobile,917,FALSE
SESS_002485,CUST_00710,CAMP_01,2023-09-16,Desktop,82,TRUE
SESS_002486,CUST_00428,CAMP_01,2023-04-21,Desktop,309,TRUE
SESS_002487,CUST_00551,CAMP_01,2023-05-24,Mobile,239,TRUE
SESS_002488,NULL,CAMP_08,2023-12-29,Desktop,726,TRUE
SESS_002489,CUST_00954,CAMP_06,2023-11-18,Desktop,786,TRUE
SESS_002490,CUST_00165,NULL,2023-04-01,Desktop,623,FALSE
SESS_002491,CUST_00161,CAMP_09,2023-02-27,Tablet,599,FALSE
SESS_002492,NULL,NULL,2023-01-10,Mobile,1061,TRUE
SESS_002493,CUST_00228,NULL,2023-07-24,Desktop,913,TRUE
SESS_002494,CUST_00584,NULL,2023-11-25,Tablet,714,FALSE
SESS_002495,CUST_00914,NULL,2023-07-18,Mobile,544,FALSE
SESS_002496,CUST_00741,NULL,2023-07-10,Desktop,1154,TRUE
SESS_002497,NULL,NULL,2023-08-09,Desktop,724,FALSE
SESS_002498,NULL,NULL,2023-02-15,Desktop,104,FALSE
SESS_002499,CUST_00151,NULL,2023-01-17,Mobile,720,FALSE
SESS_002500,CUST_00810,NULL,2023-08-29,Tablet,981,FALSE
SESS_002501,NULL,NULL,2023-12-19,Desktop,990,FALSE
SESS_002502,NULL,NULL,2023-09-04,Tablet,276,TRUE
SESS_002503,NULL,CAMP_03,2023-07-11,Tablet,695,TRUE
SESS_002504,NULL,CAMP_09,2023-01-19,Tablet,1159,FALSE
SESS_002505,CUST_00508,NULL,2023-08-23,Mobile,1070,FALSE
SESS_002506,NULL,NULL,2023-04-14,Tablet,514,TRUE
SESS_002507,NULL,CAMP_05,2023-04-25,Tablet,327,FALSE
SESS_002508,CUST_00504,CAMP_05,2023-02-24,Mobile,1168,TRUE
SESS_002509,CUST_00424,CAMP_03,2023-09-20,Desktop,1021,TRUE
SESS_002510,CUST_00387,NULL,2023-06-22,Mobile,931,TRUE
SESS_002511,NULL,NULL,2023-01-20,Mobile,464,TRUE
SESS_002512,CUST_00480,NULL,2023-02-22,Mobile,741,TRUE
SESS_002513,CUST_00846,NULL,2023-09-22,Tablet,344,TRUE
SESS_002514,CUST_00423,NULL,2023-01-23,Tablet,1115,FALSE
SESS_002515,CUST_00500,CAMP_05,2023-05-22,Mobile,73,FALSE
SESS_002516,CUST_00335,NULL,2023-07-20,Desktop,666,TRUE
SESS_002517,CUST_00160,NULL,2023-03-23,Tablet,1142,FALSE
SESS_002518,NULL,NULL,2023-08-25,Mobile,951,FALSE
SESS_002519,CUST_00858,CAMP_02,2023-09-30,Desktop,317,TRUE
SESS_002520,CUST_00943,NULL,2023-03-04,Desktop,514,FALSE
SESS_002521,NULL,NULL,2023-02-17,Desktop,1167,TRUE
SESS_002522,CUST_00824,CAMP_03,2023-06-11,Mobile,297,FALSE
SESS_002523,CUST_00686,CAMP_05,2023-02-02,Desktop,456,FALSE
SESS_002524,CUST_00529,NULL,2023-10-15,Tablet,217,TRUE
SESS_002525,CUST_00715,CAMP_03,2023-06-11,Tablet,242,TRUE
SESS_002526,CUST_00462,NULL,2023-07-04,Mobile,7,TRUE
SESS_002527,CUST_00925,NULL,2023-02-21,Tablet,1035,TRUE
SESS_002528,NULL,NULL,2023-07-01,Mobile,561,FALSE
SESS_002529,CUST_00678,CAMP_10,2023-05-18,Desktop,0,FALSE
SESS_002530,CUST_00960,NULL,2023-05-13,Desktop,1194,FALSE
SESS_002531,NULL,CAMP_04,2023-11-08,Desktop,473,TRUE
SESS_002532,NULL,NULL,2023-11-19,Mobile,620,TRUE
SESS_002533,NULL,NULL,2023-08-19,Tablet,483,TRUE
SESS_002534,NULL,NULL,2023-07-23,Mobile,0,TRUE
SESS_002535,CUST_00618,NULL,2023-06-20,Tablet,838,FALSE
SESS_002536,CUST_00398,CAMP_01,2023-02-01,Tablet,907,FALSE
SESS_002537,CUST_00898,CAMP_10,2023-09-23,Desktop,561,FALSE
SESS_002538,NULL,CAMP_07,2023-02-24,Desktop,114,FALSE
SESS_002539,NULL,NULL,2023-09-06,Mobile,989,TRUE
SESS_002540,NULL,NULL,2023-01-19,Mobile,1085,TRUE
SESS_002541,CUST_00588,CAMP_07,2023-01-27,Desktop,574,TRUE
SESS_002542,NULL,NULL,2023-07-02,Tablet,871,FALSE
SESS_002543,CUST_00532,NULL,2023-10-17,Tablet,838,TRUE
SESS_002544,CUST_00235,CAMP_02,2023-09-03,Tablet,59,TRUE
SESS_002545,NULL,NULL,2023-01-29,Tablet,1200,TRUE
SESS_002546,NULL,NULL,2023-02-27,Tablet,983,TRUE
SESS_002547,CUST_00222,CAMP_05,2023-08-07,Tablet,321,FALSE
SESS_002548,NULL,CAMP_09,2023-06-28,Desktop,775,FALSE
SESS_002549,CUST_00158,CAMP_07,2023-10-11,Mobile,194,FALSE
SESS_002550,NULL,NULL,2023-03-05,Mobile,0,TRUE
SESS_002551,CUST_00573,CAMP_08,2023-04-28,Tablet,952,FALSE
SESS_002552,NULL,NULL,2023-01-13,Mobile,1146,TRUE
SESS_002553,CUST_00403,NULL,2023-04-17,Desktop,1100,TRUE
SESS_002554,CUST_00679,CAMP_06,2023-07-04,Mobile,15,FALSE
SESS_002555,NULL,CAMP_08,2023-12-23,Desktop,1112,FALSE
SESS_002556,CUST_00155,NULL,2023-03-06,Desktop,117,FALSE
SESS_002557,CUST_00055,NULL,2023-12-08,Desktop,232,TRUE
SESS_002558,CUST_00435,NULL,2023-02-06,Desktop,946,TRUE
SESS_002559,CUST_00765,CAMP_09,2023-02-11,Mobile,0,FALSE
SESS_002560,CUST_00525,NULL,2023-04-09,Desktop,625,TRUE
SESS_002561,CUST_00783,CAMP_09,2023-07-27,Mobile,266,TRUE
SESS_002562,NULL,CAMP_09,2023-03-05,Mobile,959,FALSE
SESS_002563,CUST_00962,NULL,2023-06-12,Tablet,863,TRUE
SESS_002564,CUST_00544,CAMP_03,2023-01-11,Mobile,441,FALSE
SESS_002565,CUST_00125,NULL,2023-02-02,Tablet,462,FALSE
SESS_002566,NULL,NULL,2023-11-18,Mobile,493,FALSE
SESS_002567,CUST_00068,NULL,2023-08-25,Mobile,875,FALSE
SESS_002568,NULL,CAMP_02,2024-01-01,Desktop,472,FALSE
SESS_002569,CUST_00547,NULL,2023-11-22,Mobile,935,TRUE
SESS_002570,NULL,CAMP_10,2023-11-16,Desktop,662,FALSE
SESS_002571,CUST_00929,CAMP_05,2023-05-13,Tablet,1070,FALSE
SESS_002572,CUST_00786,CAMP_09,2023-08-11,Desktop,236,TRUE
SESS_002573,CUST_00995,NULL,2023-01-24,Mobile,532,TRUE
SESS_002574,CUST_00512,NULL,2023-06-20,Tablet,717,FALSE
SESS_002575,NULL,CAMP_07,2023-12-24,Mobile,991,TRUE
SESS_002576,NULL,NULL,2023-02-20,Tablet,790,FALSE
SESS_002577,NULL,NULL,2023-05-01,Mobile,349,FALSE
SESS_002578,CUST_00405,CAMP_04,2023-03-16,Mobile,668,TRUE
SESS_002579,NULL,NULL,2023-12-03,Desktop,1167,FALSE
SESS_002580,CUST_00994,CAMP_10,2023-04-11,Desktop,740,TRUE
SESS_002581,CUST_00070,CAMP_03,2023-05-11,Tablet,929,TRUE
SESS_002582,CUST_00222,CAMP_08,2023-01-07,Mobile,1085,FALSE
SESS_002583,CUST_00475,CAMP_02,2023-02-22,Mobile,752,FALSE
SESS_002584,NULL,NULL,2023-01-08,Desktop,92,TRUE
SESS_002585,CUST_00521,CAMP_10,2023-03-27,Tablet,522,TRUE
SESS_002586,CUST_00985,CAMP_03,2023-02-26,Desktop,971,FALSE
SESS_002587,NULL,CAMP_04,2023-08-07,Tablet,600,TRUE
SESS_002588,CUST_00007,NULL,2023-08-18,Desktop,1132,TRUE
SESS_002589,CUST_00072,NULL,2023-03-24,Mobile,885,FALSE
SESS_002590,CUST_00161,CAMP_06,2023-06-30,Tablet,0,TRUE
SESS_002591,CUST_00034,CAMP_10,2023-06-05,Tablet,1106,FALSE
SESS_002592,CUST_00178,NULL,2023-01-25,Desktop,434,FALSE
SESS_002593,NULL,NULL,2023-03-20,Tablet,1088,FALSE
SESS_002594,CUST_00700,NULL,2023-11-24,Tablet,409,FALSE
SESS_002595,CUST_00446,CAMP_03,2023-10-14,Desktop,234,FALSE
SESS_002596,NULL,CAMP_07,2023-11-10,Mobile,1148,TRUE
SESS_002597,NULL,CAMP_05,2023-07-11,Tablet,0,TRUE
SESS_002598,CUST_00271,CAMP_01,2023-01-16,Tablet,1124,TRUE
SESS_002599,CUST_00103,NULL,2023-12-02,Desktop,1008,FALSE
SESS_002600,CUST_00175,CAMP_10,2023-03-08,Tablet,0,TRUE
SESS_002601,CUST_00988,CAMP_10,2023-10-21,Tablet,856,FALSE
SESS_002602,NULL,CAMP_06,2023-07-10,Mobile,505,TRUE
SESS_002603,CUST_00333,CAMP_09,2023-04-09,Mobile,916,TRUE
SESS_002604,CUST_00978,CAMP_05,2023-09-12,Mobile,362,FALSE
SESS_002605,NULL,NULL,2023-02-24,Desktop,242,TRUE
SESS_002606,CUST_00703,NULL,2023-04-03,Mobile,917,FALSE
SESS_002607,CUST_00227,NULL,2023-08-16,Tablet,1093,TRUE
SESS_002608,NULL,CAMP_09,2023-09-17,Desktop,969,TRUE
SESS_002609,CUST_00870,CAMP_03,2023-04-02,Desktop,455,FALSE
SESS_002610,CUST_00677,CAMP_10,2023-04-03,Desktop,672,FALSE
SESS_002611,CUST_00456,NULL,2023-11-07,Desktop,224,TRUE
SESS_002612,CUST_00229,NULL,2023-06-06,Tablet,962,TRUE
SESS_002613,CUST_00889,CAMP_02,2023-07-19,Desktop,1130,TRUE
SESS_002614,CUST_00585,NULL,2023-01-20,Desktop,718,FALSE
SESS_002615,NULL,NULL,2023-07-14,Tablet,1073,TRUE
SESS_002616,CUST_00201,NULL,2023-08-10,Tablet,149,TRUE
SESS_002617,CUST_00601,CAMP_04,2023-01-04,Tablet,1020,FALSE
SESS_002618,NULL,NULL,2023-10-20,Desktop,986,TRUE
SESS_002619,NULL,NULL,2023-06-18,Tablet,811,FALSE
SESS_002620,NULL,CAMP_09,2023-09-23,Tablet,727,TRUE
SESS_002621,CUST_00987,CAMP_10,2023-09-20,Mobile,1054,TRUE
SESS_002622,CUST_00993,CAMP_07,2023-12-23,Mobile,109,TRUE
SESS_002623,CUST_00482,NULL,2023-10-28,Tablet,1197,FALSE
SESS_002624,CUST_00305,CAMP_06,2023-08-25,Tablet,522,TRUE
SESS_002625,CUST_00045,NULL,2023-10-25,Mobile,877,TRUE
SESS_002626,NULL,NULL,2023-08-20,Tablet,1168,FALSE
SESS_002627,NULL,NULL,2023-11-30,Desktop,433,FALSE
SESS_002628,CUST_00883,CAMP_01,2023-08-25,Desktop,1177,TRUE
SESS_002629,CUST_00775,NULL,2023-12-11,Mobile,680,TRUE
SESS_002630,NULL,NULL,2023-06-08,Mobile,632,FALSE
SESS_002631,NULL,CAMP_02,2023-12-18,Mobile,958,FALSE
SESS_002632,CUST_00198,NULL,2023-01-14,Tablet,10,FALSE
SESS_002633,CUST_00153,NULL,2023-12-31,Desktop,663,FALSE
SESS_002634,CUST_00602,CAMP_03,2023-10-11,Tablet,93,FALSE
SESS_002635,CUST_00700,CAMP_06,2023-04-11,Mobile,944,FALSE
SESS_002636,CUST_00122,NULL,2023-08-19,Mobile,542,FALSE
SESS_002637,CUST_00252,NULL,2023-09-07,Desktop,603,TRUE
SESS_002638,CUST_00728,NULL,2023-07-08,Tablet,0,FALSE
SESS_002639,NULL,NULL,2023-08-29,Tablet,155,TRUE
SESS_002640,CUST_00812,NULL,2023-05-21,Mobile,807,TRUE
SESS_002641,CUST_00950,CAMP_02,2023-11-22,Mobile,983,TRUE
SESS_002642,CUST_00333,NULL,2023-07-27,Desktop,320,TRUE
SESS_002643,CUST_00672,CAMP_01,2023-07-06,Mobile,611,TRUE
SESS_002644,NULL,NULL,2023-05-12,Tablet,762,TRUE
SESS_002645,CUST_00130,CAMP_04,2023-12-28,Tablet,100,FALSE
SESS_002646,CUST_00552,CAMP_05,2023-04-21,Mobile,285,FALSE
SESS_002647,CUST_00616,NULL,2023-12-14,Mobile,77,FALSE
SESS_002648,CUST_00410,CAMP_03,2023-08-06,Desktop,40,FALSE
SESS_002649,NULL,NULL,2023-06-22,Tablet,52,TRUE
SESS_002650,NULL,CAMP_08,2023-01-13,Tablet,142,FALSE
SESS_002651,NULL,NULL,2023-04-17,Tablet,638,TRUE
SESS_002652,CUST_00168,CAMP_07,2023-04-04,Tablet,156,FALSE
SESS_002653,CUST_00838,NULL,2023-11-22,Desktop,327,FALSE
SESS_002654,CUST_00116,NULL,2023-06-22,Mobile,55,FALSE
SESS_002655,NULL,NULL,2023-10-14,Mobile,302,FALSE
SESS_002656,CUST_00187,NULL,2023-01-28,Tablet,590,FALSE
SESS_002657,CUST_00911,NULL,2023-03-27,Desktop,302,FALSE
SESS_002658,CUST_00531,CAMP_01,2023-02-10,Mobile,868,TRUE
SESS_002659,NULL,CAMP_06,2023-09-15,Desktop,668,FALSE
SESS_002660,CUST_00865,CAMP_01,2023-11-28,Mobile,548,TRUE
SESS_002661,CUST_00351,NULL,2023-08-25,Mobile,932,FALSE
SESS_002662,CUST_00928,CAMP_01,2023-08-15,Desktop,563,FALSE
SESS_002663,CUST_00055,CAMP_02,2023-03-14,Desktop,1057,FALSE
SESS_002664,CUST_00159,NULL,2023-02-01,Desktop,284,FALSE
SESS_002665,CUST_00073,CAMP_07,2023-05-12,Desktop,901,FALSE
SESS_002666,NULL,CAMP_07,2023-01-18,Tablet,797,TRUE
SESS_002667,NULL,NULL,2023-12-20,Tablet,827,TRUE
SESS_002668,CUST_00652,NULL,2023-08-27,Desktop,1077,FALSE
SESS_002669,CUST_00269,NULL,2023-12-17,Tablet,492,TRUE
SESS_002670,NULL,NULL,2023-01-10,Desktop,1186,TRUE
SESS_002671,CUST_00570,NULL,2023-08-14,Desktop,247,FALSE
SESS_002672,CUST_00498,CAMP_02,2023-07-07,Mobile,85,FALSE
SESS_002673,CUST_00483,CAMP_01,2023-05-26,Mobile,465,TRUE
SESS_002674,CUST_00612,NULL,2023-12-25,Mobile,606,TRUE
SESS_002675,CUST_00094,NULL,2023-10-20,Desktop,109,TRUE
SESS_002676,CUST_00755,NULL,2023-04-01,Desktop,767,TRUE
SESS_002677,CUST_00168,CAMP_04,2023-12-27,Tablet,0,FALSE
SESS_002678,NULL,CAMP_08,2023-07-06,Desktop,974,FALSE
SESS_002679,CUST_00881,CAMP_04,2023-11-03,Mobile,663,FALSE
SESS_002680,CUST_00261,CAMP_03,2023-06-27,Mobile,790,FALSE
SESS_002681,NULL,CAMP_01,2023-05-25,Desktop,833,FALSE
SESS_002682,NULL,NULL,2023-12-15,Tablet,195,FALSE
SESS_002683,CUST_00800,CAMP_04,2023-08-16,Mobile,814,FALSE
SESS_002684,CUST_00389,CAMP_07,2023-01-03,Desktop,660,FALSE
SESS_002685,CUST_00674,NULL,2023-07-05,Desktop,615,TRUE
SESS_002686,NULL,NULL,2023-11-10,Desktop,1060,TRUE
SESS_002687,CUST_00176,NULL,2023-01-24,Tablet,733,TRUE
SESS_002688,CUST_00592,CAMP_04,2023-04-04,Tablet,770,FALSE
SESS_002689,CUST_00112,NULL,2023-03-01,Desktop,121,FALSE
SESS_002690,CUST_00986,CAMP_07,2023-12-13,Mobile,1052,FALSE
SESS_002691,CUST_00228,CAMP_02,2023-05-05,Tablet,1186,FALSE
SESS_002692,NULL,CAMP_04,2023-11-30,Tablet,437,TRUE
SESS_002693,CUST_00152,CAMP_07,2023-05-16,Mobile,713,FALSE
SESS_002694,CUST_00009,NULL,2023-06-19,Tablet,1124,TRUE
SESS_002695,CUST_00950,NULL,2023-10-08,Desktop,293,TRUE
SESS_002696,CUST_00700,NULL,2023-10-04,Tablet,0,FALSE
SESS_002697,CUST_00958,NULL,2023-02-23,Mobile,1126,FALSE
SESS_002698,NULL,NULL,2023-08-23,Mobile,0,TRUE
SESS_002699,CUST_00148,CAMP_03,2023-08-05,Mobile,881,FALSE
SESS_002700,CUST_00604,CAMP_09,2023-08-25,Mobile,682,TRUE
SESS_002701,CUST_00777,NULL,2023-02-05,Mobile,953,TRUE
SESS_002702,CUST_00140,CAMP_10,2023-12-21,Mobile,856,FALSE
SESS_002703,CUST_00617,NULL,2023-12-23,Mobile,686,FALSE
SESS_002704,CUST_00258,NULL,2023-05-08,Desktop,60,TRUE
SESS_002705,NULL,NULL,2023-11-06,Mobile,869,FALSE
SESS_002706,NULL,CAMP_06,2023-07-29,Desktop,828,FALSE
SESS_002707,CUST_00064,CAMP_08,2023-01-15,Tablet,862,TRUE
SESS_002708,CUST_00992,NULL,2023-07-13,Desktop,273,TRUE
SESS_002709,NULL,NULL,2023-08-14,Tablet,365,FALSE
SESS_002710,CUST_00504,NULL,2023-07-31,Tablet,336,TRUE
SESS_002711,CUST_00883,NULL,2023-02-23,Mobile,161,FALSE
SESS_002712,CUST_00191,CAMP_08,2023-10-04,Desktop,814,TRUE
SESS_002713,CUST_00883,CAMP_09,2023-07-25,Mobile,479,TRUE
SESS_002714,NULL,CAMP_03,2023-11-18,Desktop,1074,FALSE
SESS_002715,CUST_00536,CAMP_07,2023-08-10,Desktop,89,TRUE
SESS_002716,NULL,CAMP_10,2023-09-27,Tablet,364,FALSE
SESS_002717,CUST_00294,NULL,2023-01-19,Tablet,320,FALSE
SESS_002718,CUST_00172,CAMP_09,2023-10-12,Mobile,191,FALSE
SESS_002719,NULL,NULL,2023-01-09,Mobile,890,TRUE
SESS_002720,NULL,NULL,2023-09-04,Desktop,802,FALSE
SESS_002721,CUST_00347,NULL,2023-03-15,Desktop,952,FALSE
SESS_002722,NULL,NULL,2023-09-05,Mobile,1154,TRUE
SESS_002723,CUST_00008,NULL,2023-12-07,Desktop,471,FALSE
SESS_002724,CUST_00891,CAMP_06,2023-09-03,Mobile,705,FALSE
SESS_002725,NULL,CAMP_08,2023-09-13,Tablet,79,TRUE
SESS_002726,CUST_00723,CAMP_04,2023-02-01,Mobile,951,FALSE
SESS_002727,NULL,NULL,2023-08-18,Desktop,644,TRUE
SESS_002728,CUST_00995,NULL,2023-06-25,Tablet,599,FALSE
SESS_002729,CUST_00701,NULL,2023-10-24,Mobile,943,TRUE
SESS_002730,CUST_00995,CAMP_02,2023-07-04,Desktop,867,FALSE
SESS_002731,CUST_00472,NULL,2023-07-20,Tablet,783,TRUE
SESS_002732,CUST_00950,CAMP_07,2023-09-13,Tablet,472,TRUE
SESS_002733,CUST_00988,CAMP_05,2023-10-06,Desktop,681,FALSE
SESS_002734,CUST_00011,CAMP_07,2023-03-24,Mobile,541,TRUE
SESS_002735,CUST_00286,CAMP_07,2023-05-21,Desktop,1004,TRUE
SESS_002736,CUST_00061,NULL,2023-01-25,Mobile,0,TRUE
SESS_002737,NULL,CAMP_08,2023-02-16,Mobile,299,FALSE
SESS_002738,CUST_00055,NULL,2023-10-08,Desktop,0,TRUE
SESS_002739,CUST_00224,NULL,2023-05-24,Mobile,0,FALSE
SESS_002740,CUST_00503,NULL,2023-08-24,Desktop,657,FALSE
SESS_002741,CUST_00377,NULL,2023-10-25,Tablet,610,TRUE
SESS_002742,CUST_00584,NULL,2023-07-08,Desktop,706,FALSE
SESS_002743,CUST_00138,CAMP_02,2023-08-15,Desktop,620,TRUE
SESS_002744,CUST_00573,NULL,2023-06-26,Mobile,645,TRUE
SESS_002745,NULL,CAMP_08,2023-12-09,Desktop,1030,FALSE
SESS_002746,CUST_00099,CAMP_10,2023-11-19,Tablet,383,TRUE
SESS_002747,CUST_00728,NULL,2023-03-18,Desktop,423,FALSE
SESS_002748,CUST_00395,CAMP_05,2023-08-26,Mobile,57,FALSE
SESS_002749,CUST_00059,NULL,2023-07-05,Tablet,500,FALSE
SESS_002750,CUST_00292,CAMP_05,2023-01-05,Tablet,359,FALSE
SESS_002751,NULL,CAMP_01,2023-10-22,Tablet,189,TRUE
SESS_002752,CUST_00371,CAMP_03,2023-07-01,Mobile,1175,FALSE
SESS_002753,NULL,CAMP_08,2023-11-08,Tablet,186,FALSE
SESS_002754,CUST_00333,NULL,2023-01-05,Desktop,1138,TRUE
SESS_002755,NULL,NULL,2023-04-30,Tablet,1033,FALSE
SESS_002756,NULL,CAMP_10,2023-08-10,Tablet,365,FALSE
SESS_002757,NULL,NULL,2023-05-29,Mobile,242,FALSE
SESS_002758,CUST_00905,CAMP_04,2023-09-15,Desktop,463,TRUE
SESS_002759,CUST_00167,CAMP_10,2023-01-26,Desktop,1121,TRUE
SESS_002760,CUST_00423,NULL,2023-07-04,Mobile,390,FALSE
SESS_002761,CUST_00605,NULL,2023-03-20,Desktop,449,TRUE
SESS_002762,CUST_00713,NULL,2023-08-15,Mobile,483,FALSE
SESS_002763,CUST_00056,CAMP_02,2023-09-05,Desktop,28,TRUE
SESS_002764,CUST_00095,CAMP_09,2023-09-03,Tablet,78,TRUE
SESS_002765,NULL,NULL,2023-03-23,Desktop,514,TRUE
SESS_002766,CUST_00029,CAMP_02,2023-05-12,Desktop,977,FALSE
SESS_002767,CUST_00356,CAMP_03,2023-07-03,Tablet,945,FALSE
SESS_002768,CUST_00214,NULL,2023-01-14,Mobile,1023,TRUE
SESS_002769,NULL,CAMP_01,2023-06-11,Tablet,905,FALSE
SESS_002770,CUST_00588,CAMP_04,2023-01-31,Mobile,0,TRUE
SESS_002771,CUST_00288,NULL,2023-11-02,Mobile,818,FALSE
SESS_002772,NULL,CAMP_04,2023-12-20,Mobile,126,FALSE
SESS_002773,CUST_00839,NULL,2023-01-14,Desktop,1019,FALSE
SESS_002774,NULL,NULL,2023-05-08,Mobile,447,FALSE
SESS_002775,CUST_00548,CAMP_05,2023-05-27,Tablet,1114,TRUE
SESS_002776,CUST_00176,NULL,2023-06-21,Desktop,15,FALSE
SESS_002777,CUST_00911,NULL,2023-10-05,Tablet,294,TRUE
SESS_002778,CUST_00365,NULL,2023-02-27,Mobile,239,TRUE
SESS_002779,CUST_00942,NULL,2023-03-26,Mobile,882,FALSE
SESS_002780,CUST_00501,NULL,2023-10-16,Tablet,399,TRUE
SESS_002781,NULL,CAMP_07,2023-05-11,Mobile,750,TRUE
SESS_002782,CUST_00756,NULL,2023-12-31,Tablet,206,TRUE
SESS_002783,NULL,NULL,2023-02-24,Mobile,686,FALSE
SESS_002784,CUST_00039,NULL,2023-07-03,Desktop,587,TRUE
SESS_002785,NULL,CAMP_05,2023-02-10,Tablet,904,TRUE
SESS_002786,CUST_00720,NULL,2023-02-05,Desktop,853,TRUE
SESS_002787,CUST_00032,CAMP_07,2023-02-08,Desktop,1062,FALSE
SESS_002788,NULL,NULL,2023-06-23,Tablet,557,TRUE
SESS_002789,NULL,NULL,2023-05-07,Mobile,1042,FALSE
SESS_002790,CUST_00092,CAMP_01,2023-04-12,Tablet,563,TRUE
SESS_002791,CUST_00363,CAMP_07,2023-01-15,Desktop,477,TRUE
SESS_002792,CUST_00424,CAMP_03,2023-03-19,Mobile,311,FALSE
SESS_002793,CUST_00483,CAMP_03,2023-12-20,Desktop,916,FALSE
SESS_002794,CUST_00238,CAMP_01,2023-10-25,Tablet,928,FALSE
SESS_002795,NULL,CAMP_10,2023-10-21,Desktop,837,TRUE
SESS_002796,CUST_00072,NULL,2023-12-21,Tablet,44,FALSE
SESS_002797,NULL,NULL,2023-08-31,Mobile,406,FALSE
SESS_002798,NULL,NULL,2023-10-20,Tablet,1185,TRUE
SESS_002799,CUST_00609,CAMP_05,2023-05-26,Desktop,797,FALSE
SESS_002800,CUST_00760,CAMP_08,2023-12-23,Tablet,729,TRUE
SESS_002801,NULL,NULL,2023-01-07,Desktop,854,FALSE
SESS_002802,CUST_00664,CAMP_04,2023-05-19,Tablet,949,FALSE
SESS_002803,CUST_00600,NULL,2023-06-10,Tablet,245,TRUE
SESS_002804,NULL,NULL,2023-05-23,Tablet,1058,FALSE
SESS_002805,CUST_00873,NULL,2023-02-16,Mobile,31,TRUE
SESS_002806,NULL,CAMP_05,2023-11-22,Tablet,696,FALSE
SESS_002807,CUST_00042,CAMP_10,2023-06-04,Desktop,582,TRUE
SESS_002808,NULL,CAMP_04,2023-06-10,Tablet,723,TRUE
SESS_002809,NULL,NULL,2023-03-28,Tablet,1100,FALSE
SESS_002810,CUST_00588,CAMP_02,2023-12-04,Mobile,103,TRUE
SESS_002811,CUST_00653,NULL,2023-12-31,Mobile,201,TRUE
SESS_002812,NULL,CAMP_02,2023-09-26,Mobile,81,TRUE
SESS_002813,NULL,CAMP_01,2023-09-07,Tablet,1186,TRUE
SESS_002814,NULL,CAMP_05,2023-05-11,Mobile,172,TRUE
SESS_002815,NULL,CAMP_08,2023-07-05,Tablet,358,FALSE
SESS_002816,NULL,CAMP_09,2023-10-07,Tablet,694,FALSE
SESS_002817,CUST_00686,NULL,2023-05-30,Desktop,1019,TRUE
SESS_002818,CUST_00124,CAMP_06,2023-05-05,Mobile,689,FALSE
SESS_002819,CUST_00569,CAMP_09,2023-03-25,Mobile,836,TRUE
SESS_002820,CUST_00682,NULL,2023-01-10,Mobile,1113,FALSE
SESS_002821,CUST_00221,CAMP_06,2023-08-24,Desktop,844,FALSE
SESS_002822,CUST_00999,NULL,2023-01-01,Desktop,391,TRUE
SESS_002823,CUST_00768,CAMP_01,2023-08-17,Desktop,508,TRUE
SESS_002824,CUST_00770,CAMP_07,2023-10-24,Mobile,341,FALSE
SESS_002825,NULL,CAMP_09,2023-05-01,Tablet,1038,FALSE
SESS_002826,CUST_00504,CAMP_09,2023-08-14,Mobile,365,FALSE
SESS_002827,CUST_00690,CAMP_06,2023-07-22,Tablet,909,TRUE
SESS_002828,CUST_00092,CAMP_09,2023-03-24,Desktop,215,FALSE
SESS_002829,CUST_00359,NULL,2023-01-21,Mobile,634,FALSE
SESS_002830,NULL,NULL,2023-04-02,Mobile,467,FALSE
SESS_002831,CUST_00975,CAMP_06,2023-03-29,Tablet,0,FALSE
SESS_002832,CUST_00473,CAMP_05,2023-01-21,Tablet,785,TRUE
SESS_002833,CUST_00663,NULL,2023-08-27,Mobile,985,FALSE
SESS_002834,CUST_00494,CAMP_10,2023-10-31,Desktop,131,FALSE
SESS_002835,CUST_00947,CAMP_10,2023-04-17,Mobile,283,TRUE
SESS_002836,NULL,CAMP_06,2023-12-23,Mobile,331,FALSE
SESS_002837,CUST_00917,CAMP_04,2023-09-12,Tablet,366,FALSE
SESS_002838,NULL,NULL,2023-04-28,Tablet,970,FALSE
SESS_002839,CUST_00008,CAMP_10,2023-06-09,Mobile,430,FALSE
SESS_002840,CUST_00012,NULL,2023-04-08,Mobile,407,TRUE
SESS_002841,CUST_00527,NULL,2023-05-24,Tablet,821,FALSE
SESS_002842,CUST_00499,CAMP_01,2023-05-18,Mobile,453,FALSE
SESS_002843,CUST_00381,CAMP_02,2023-09-02,Mobile,1175,FALSE
SESS_002844,CUST_00303,NULL,2023-12-28,Tablet,634,FALSE
SESS_002845,NULL,NULL,2023-12-23,Desktop,460,FALSE
SESS_002846,NULL,NULL,2024-01-01,Mobile,927,TRUE
SESS_002847,CUST_00543,NULL,2023-04-15,Tablet,276,FALSE
SESS_002848,CUST_00039,NULL,2023-08-22,Desktop,964,TRUE
SESS_002849,CUST_00694,NULL,2023-12-22,Tablet,51,TRUE
SESS_002850,CUST_00596,CAMP_07,2023-06-26,Tablet,170,FALSE
SESS_002851,CUST_00406,NULL,2023-11-29,Desktop,834,FALSE
SESS_002852,CUST_00229,CAMP_08,2023-08-02,Mobile,196,TRUE
SESS_002853,CUST_00439,NULL,2023-10-14,Desktop,738,FALSE
SESS_002854,NULL,CAMP_03,2023-06-08,Mobile,966,TRUE
SESS_002855,CUST_00778,NULL,2023-12-13,Mobile,609,FALSE
SESS_002856,NULL,CAMP_10,2023-06-22,Desktop,40,TRUE
SESS_002857,CUST_00329,CAMP_05,2023-08-01,Tablet,896,FALSE
SESS_002858,NULL,NULL,2023-09-09,Mobile,69,TRUE
SESS_002859,NULL,NULL,2023-08-28,Mobile,783,FALSE
SESS_002860,CUST_00360,CAMP_08,2023-04-15,Tablet,385,TRUE
SESS_002861,CUST_00463,NULL,2023-04-20,Desktop,138,TRUE
SESS_002862,CUST_00035,CAMP_05,2023-10-08,Desktop,887,TRUE
SESS_002863,CUST_00213,CAMP_03,2023-07-31,Tablet,628,TRUE
SESS_002864,CUST_00644,CAMP_08,2023-09-21,Tablet,748,FALSE
SESS_002865,CUST_00815,NULL,2023-11-12,Tablet,52,FALSE
SESS_002866,NULL,CAMP_06,2023-11-23,Desktop,120,TRUE
SESS_002867,CUST_00835,NULL,2023-05-20,Mobile,896,TRUE
SESS_002868,CUST_00812,NULL,2023-04-30,Desktop,907,FALSE
SESS_002869,CUST_00914,CAMP_06,2023-03-08,Desktop,1177,FALSE
SESS_002870,CUST_00090,CAMP_08,2023-10-05,Tablet,925,TRUE
SESS_002871,CUST_00456,NULL,2023-05-16,Tablet,93,TRUE
SESS_002872,CUST_00516,NULL,2023-03-22,Tablet,667,TRUE
SESS_002873,CUST_00661,CAMP_07,2023-05-24,Mobile,343,FALSE
SESS_002874,CUST_00542,NULL,2023-06-18,Mobile,234,TRUE
SESS_002875,CUST_00843,NULL,2023-08-20,Desktop,0,TRUE
SESS_002876,CUST_00430,CAMP_07,2023-08-07,Desktop,618,FALSE
SESS_002877,CUST_00452,NULL,2023-08-09,Tablet,1198,TRUE
SESS_002878,CUST_00191,NULL,2023-06-23,Desktop,491,FALSE
SESS_002879,CUST_00360,CAMP_07,2023-12-30,Desktop,148,TRUE
SESS_002880,NULL,CAMP_02,2023-06-10,Desktop,458,TRUE
SESS_002881,CUST_00733,CAMP_01,2023-02-21,Mobile,1060,TRUE
SESS_002882,NULL,NULL,2023-09-04,Mobile,277,TRUE
SESS_002883,NULL,CAMP_06,2023-08-27,Desktop,1114,TRUE
SESS_002884,CUST_00937,CAMP_02,2023-11-03,Tablet,1168,FALSE
SESS_002885,CUST_00742,NULL,2023-07-02,Tablet,252,FALSE
SESS_002886,CUST_00228,CAMP_10,2023-07-30,Desktop,902,FALSE
SESS_002887,CUST_00495,NULL,2023-01-06,Tablet,642,FALSE
SESS_002888,CUST_00770,CAMP_09,2023-07-07,Desktop,1009,TRUE
SESS_002889,CUST_00158,CAMP_04,2023-04-17,Mobile,157,TRUE
SESS_002890,NULL,NULL,2023-10-16,Tablet,89,FALSE
SESS_002891,CUST_00693,NULL,2023-08-30,Mobile,748,FALSE
SESS_002892,CUST_00262,CAMP_07,2023-07-24,Desktop,144,FALSE
SESS_002893,CUST_00808,CAMP_03,2023-01-17,Tablet,475,TRUE
SESS_002894,CUST_00380,CAMP_07,2023-06-12,Mobile,196,FALSE
SESS_002895,NULL,CAMP_09,2023-02-11,Desktop,274,FALSE
SESS_002896,CUST_00630,CAMP_04,2023-04-11,Desktop,377,FALSE
SESS_002897,CUST_00508,CAMP_03,2023-01-31,Mobile,313,FALSE
SESS_002898,CUST_00441,CAMP_09,2023-12-25,Desktop,220,FALSE
SESS_002899,CUST_00111,CAMP_07,2023-10-08,Desktop,595,TRUE
SESS_002900,NULL,CAMP_04,2023-08-05,Desktop,1067,TRUE
SESS_002901,CUST_00912,CAMP_01,2023-05-10,Tablet,838,FALSE
SESS_002902,NULL,CAMP_02,2023-05-12,Desktop,1135,TRUE
SESS_002903,CUST_00288,CAMP_06,2023-01-16,Mobile,28,FALSE
SESS_002904,CUST_00931,CAMP_01,2023-07-31,Mobile,940,TRUE
SESS_002905,CUST_00701,CAMP_09,2023-06-28,Desktop,88,TRUE
SESS_002906,NULL,NULL,2023-11-13,Tablet,37,FALSE
SESS_002907,CUST_00442,NULL,2023-04-08,Tablet,1097,FALSE
SESS_002908,CUST_00900,CAMP_06,2023-04-10,Desktop,201,TRUE
SESS_002909,CUST_00538,CAMP_07,2023-03-05,Mobile,606,TRUE
SESS_002910,CUST_00929,NULL,2023-12-18,Mobile,270,FALSE
SESS_002911,NULL,CAMP_07,2023-03-12,Tablet,0,FALSE
SESS_002912,CUST_00535,NULL,2023-07-24,Desktop,0,FALSE
SESS_002913,CUST_00162,CAMP_08,2023-12-17,Tablet,96,FALSE
SESS_002914,CUST_00212,NULL,2023-03-17,Tablet,308,TRUE
SESS_002915,NULL,CAMP_07,2023-01-18,Desktop,1072,TRUE
SESS_002916,CUST_00400,CAMP_08,2023-04-03,Desktop,746,FALSE
SESS_002917,NULL,NULL,2023-04-27,Tablet,412,TRUE
SESS_002918,CUST_00381,CAMP_01,2023-06-18,Desktop,475,FALSE
SESS_002919,NULL,CAMP_02,2023-01-04,Desktop,179,TRUE
SESS_002920,NULL,NULL,2023-04-26,Tablet,228,FALSE
SESS_002921,CUST_00077,NULL,2023-01-16,Desktop,999,FALSE
SESS_002922,CUST_00651,NULL,2023-09-04,Desktop,1119,TRUE
SESS_002923,CUST_00099,CAMP_07,2023-09-29,Mobile,472,TRUE
SESS_002924,CUST_00923,CAMP_02,2023-09-15,Desktop,36,TRUE
SESS_002925,CUST_00883,NULL,2023-07-29,Tablet,953,FALSE
SESS_002926,CUST_00696,NULL,2023-09-16,Mobile,929,TRUE
SESS_002927,CUST_00428,NULL,2023-12-26,Tablet,1033,FALSE
SESS_002928,CUST_00506,CAMP_03,2023-06-11,Tablet,610,TRUE
SESS_002929,NULL,NULL,2023-08-27,Desktop,1145,TRUE
SESS_002930,NULL,NULL,2023-06-22,Tablet,476,TRUE
SESS_002931,CUST_00163,NULL,2023-05-15,Mobile,817,FALSE
SESS_002932,CUST_00546,NULL,2023-10-07,Mobile,617,TRUE
SESS_002933,CUST_00741,CAMP_01,2023-11-17,Mobile,646,FALSE
SESS_002934,CUST_00400,CAMP_10,2023-04-08,Desktop,765,FALSE
SESS_002935,NULL,CAMP_01,2023-09-04,Tablet,173,FALSE
SESS_002936,NULL,CAMP_01,2023-07-18,Desktop,573,TRUE
SESS_002937,CUST_00612,NULL,2023-06-06,Tablet,949,FALSE
SESS_002938,NULL,CAMP_08,2023-02-19,Desktop,747,TRUE
SESS_002939,CUST_00956,NULL,2023-11-15,Mobile,0,TRUE
SESS_002940,CUST_00811,CAMP_04,2023-05-31,Tablet,1021,FALSE
SESS_002941,CUST_00565,CAMP_02,2023-09-29,Desktop,1042,TRUE
SESS_002942,CUST_00971,CAMP_03,2023-03-01,Tablet,1177,TRUE
SESS_002943,NULL,NULL,2023-04-23,Desktop,266,TRUE
SESS_002944,CUST_00216,NULL,2023-03-24,Mobile,386,TRUE
SESS_002945,CUST_00952,CAMP_01,2023-05-29,Mobile,428,FALSE
SESS_002946,CUST_00756,CAMP_09,2023-04-22,Mobile,1142,FALSE
SESS_002947,CUST_00262,NULL,2023-01-10,Mobile,829,TRUE
SESS_002948,CUST_00004,CAMP_08,2023-07-13,Tablet,290,FALSE
SESS_002949,NULL,CAMP_09,2023-03-07,Desktop,1194,TRUE
SESS_002950,CUST_00982,CAMP_08,2023-10-12,Tablet,906,FALSE
SESS_002951,CUST_00203,CAMP_05,2023-07-04,Tablet,887,TRUE
SESS_002952,CUST_00411,CAMP_07,2023-01-17,Tablet,1117,FALSE
SESS_002953,NULL,CAMP_05,2023-04-16,Tablet,1072,TRUE
SESS_002954,NULL,CAMP_05,2023-08-10,Tablet,205,TRUE
SESS_002955,NULL,NULL,2023-05-01,Mobile,1146,FALSE
SESS_002956,NULL,CAMP_04,2023-07-12,Tablet,1088,FALSE
SESS_002957,CUST_00359,CAMP_09,2023-11-17,Tablet,767,TRUE
SESS_002958,CUST_00512,CAMP_04,2023-02-23,Mobile,844,TRUE
SESS_002959,CUST_00182,NULL,2023-08-25,Mobile,1069,TRUE
SESS_002960,NULL,CAMP_07,2023-02-06,Mobile,637,TRUE
SESS_002961,NULL,NULL,2023-10-12,Desktop,1126,FALSE
SESS_002962,CUST_00504,CAMP_04,2023-04-13,Desktop,31,FALSE
SESS_002963,NULL,CAMP_01,2023-02-18,Desktop,172,TRUE
SESS_002964,CUST_00001,NULL,2023-04-04,Tablet,412,TRUE
SESS_002965,NULL,NULL,2023-10-27,Desktop,31,TRUE
SESS_002966,CUST_00100,CAMP_07,2023-05-09,Mobile,42,FALSE
SESS_002967,CUST_00979,NULL,2023-09-04,Mobile,0,FALSE
SESS_002968,CUST_00587,NULL,2023-12-08,Mobile,797,TRUE
SESS_002969,CUST_00122,NULL,2023-04-03,Mobile,943,FALSE
SESS_002970,NULL,NULL,2023-07-18,Desktop,1163,TRUE
SESS_002971,CUST_00636,CAMP_02,2023-12-07,Tablet,750,TRUE
SESS_002972,NULL,CAMP_08,2023-08-28,Desktop,247,FALSE
SESS_002973,CUST_00854,CAMP_08,2023-04-16,Tablet,379,TRUE
SESS_002974,CUST_00601,NULL,2023-06-24,Mobile,1046,FALSE
SESS_002975,CUST_00431,CAMP_01,2023-09-26,Tablet,976,FALSE
SESS_002976,CUST_00491,CAMP_10,2023-05-31,Mobile,403,TRUE
SESS_002977,CUST_00053,NULL,2023-04-13,Mobile,1008,FALSE
SESS_002978,CUST_00784,CAMP_10,2023-07-21,Tablet,690,FALSE
SESS_002979,CUST_00266,CAMP_05,2023-08-15,Tablet,165,FALSE
SESS_002980,NULL,CAMP_05,2023-06-13,Tablet,78,TRUE
SESS_002981,CUST_00248,NULL,2023-03-28,Desktop,16,FALSE
SESS_002982,CUST_00408,NULL,2023-04-27,Tablet,0,FALSE
SESS_002983,CUST_00358,NULL,2023-01-17,Mobile,759,FALSE
SESS_002984,CUST_00204,CAMP_06,2023-07-26,Desktop,391,FALSE
SESS_002985,CUST_00389,NULL,2023-09-26,Desktop,0,FALSE
SESS_002986,CUST_00057,CAMP_05,2023-02-14,Tablet,7,FALSE
SESS_002987,CUST_00724,NULL,2023-01-16,Tablet,216,FALSE
SESS_002988,CUST_00529,NULL,2023-09-30,Mobile,1195,TRUE
SESS_002989,CUST_00479,NULL,2023-08-07,Tablet,812,FALSE
SESS_002990,NULL,CAMP_03,2023-09-06,Mobile,1173,TRUE
SESS_002991,CUST_00802,NULL,2023-10-22,Tablet,147,FALSE
SESS_002992,CUST_00447,NULL,2023-10-01,Desktop,676,TRUE
SESS_002993,NULL,CAMP_08,2023-10-17,Tablet,966,FALSE
SESS_002994,CUST_00023,NULL,2023-05-15,Tablet,445,FALSE
SESS_002995,CUST_00723,CAMP_09,2023-10-30,Mobile,704,TRUE
SESS_002996,CUST_00787,CAMP_03,2023-07-29,Desktop,0,FALSE
SESS_002997,CUST_00482,NULL,2023-08-29,Desktop,989,FALSE
SESS_002998,CUST_00965,NULL,2023-03-23,Desktop,378,TRUE
SESS_002999,CUST_00584,NULL,2023-04-07,Mobile,950,TRUE
SESS_003000,CUST_00305,CAMP_02,2023-12-25,Tablet,429,FALSE
SESS_003001,CUST_00457,NULL,2023-12-22,Desktop,28,TRUE
SESS_003002,CUST_00772,NULL,2023-11-25,Tablet,248,TRUE
SESS_003003,NULL,NULL,2023-08-21,Desktop,424,TRUE
SESS_003004,CUST_00749,NULL,2023-04-11,Desktop,471,TRUE
SESS_003005,CUST_00444,CAMP_06,2023-12-04,Tablet,19,TRUE
SESS_003006,NULL,NULL,2023-01-30,Desktop,25,TRUE
SESS_003007,CUST_00519,NULL,2023-12-06,Mobile,529,FALSE
SESS_003008,CUST_00532,NULL,2023-11-16,Desktop,551,TRUE
SESS_003009,CUST_00675,CAMP_06,2023-10-28,Mobile,54,FALSE
SESS_003010,NULL,CAMP_06,2023-08-12,Desktop,705,TRUE
SESS_003011,NULL,NULL,2023-04-16,Tablet,82,TRUE
SESS_003012,CUST_00412,NULL,2023-04-23,Desktop,343,FALSE
SESS_003013,CUST_00993,NULL,2023-05-06,Desktop,906,TRUE
SESS_003014,NULL,CAMP_01,2023-04-03,Tablet,953,TRUE
SESS_003015,NULL,CAMP_10,2023-07-02,Mobile,196,TRUE
SESS_003016,NULL,NULL,2023-02-10,Tablet,0,FALSE
SESS_003017,CUST_00956,CAMP_01,2023-06-04,Desktop,0,FALSE
SESS_003018,CUST_00058,CAMP_06,2023-06-02,Desktop,594,TRUE
SESS_003019,CUST_00775,CAMP_10,2023-08-17,Mobile,1081,FALSE
SESS_003020,CUST_00697,NULL,2023-09-27,Desktop,772,FALSE
SESS_003021,NULL,CAMP_09,2023-03-12,Mobile,567,TRUE
SESS_003022,CUST_00190,CAMP_06,2023-11-28,Mobile,862,FALSE
SESS_003023,CUST_00345,CAMP_10,2023-01-22,Mobile,114,FALSE
SESS_003024,CUST_00873,CAMP_06,2023-06-05,Tablet,1032,TRUE
SESS_003025,NULL,CAMP_05,2023-09-20,Desktop,581,FALSE
SESS_003026,CUST_00755,NULL,2023-10-20,Mobile,527,TRUE
SESS_003027,NULL,NULL,2023-08-16,Mobile,744,FALSE
SESS_003028,CUST_00957,NULL,2023-06-20,Desktop,1051,FALSE
SESS_003029,NULL,NULL,2023-08-13,Tablet,619,FALSE
SESS_003030,CUST_00505,NULL,2023-10-22,Mobile,762,FALSE
SESS_003031,NULL,NULL,2023-05-28,Tablet,513,TRUE
SESS_003032,NULL,NULL,2023-05-26,Tablet,750,TRUE
SESS_003033,CUST_00755,NULL,2023-05-16,Tablet,221,FALSE
SESS_003034,CUST_00808,NULL,2023-09-08,Desktop,320,TRUE
SESS_003035,CUST_00953,NULL,2023-08-19,Mobile,919,TRUE
SESS_003036,CUST_00127,CAMP_03,2023-09-09,Mobile,993,TRUE
SESS_003037,CUST_00837,NULL,2023-02-27,Tablet,418,FALSE
SESS_003038,CUST_00058,NULL,2023-07-06,Tablet,1143,TRUE
SESS_003039,CUST_00345,CAMP_06,2023-08-11,Mobile,256,FALSE
SESS_003040,NULL,NULL,2023-12-03,Mobile,854,TRUE
SESS_003041,CUST_00008,NULL,2023-10-25,Desktop,66,TRUE
SESS_003042,NULL,NULL,2023-02-15,Tablet,680,FALSE
SESS_003043,NULL,CAMP_08,2023-10-26,Mobile,461,TRUE
SESS_003044,CUST_00631,CAMP_04,2023-02-05,Tablet,865,TRUE
SESS_003045,CUST_00560,NULL,2023-12-14,Desktop,185,TRUE
SESS_003046,NULL,NULL,2023-02-25,Tablet,424,TRUE
SESS_003047,NULL,CAMP_04,2023-12-18,Tablet,491,FALSE
SESS_003048,NULL,CAMP_03,2023-01-02,Tablet,488,TRUE
SESS_003049,NULL,CAMP_02,2023-10-14,Desktop,437,FALSE
SESS_003050,CUST_00771,CAMP_08,2023-08-10,Mobile,513,FALSE
SESS_003051,CUST_00557,NULL,2023-09-20,Tablet,194,FALSE
SESS_003052,CUST_00493,NULL,2023-07-31,Tablet,567,FALSE
SESS_003053,CUST_00785,CAMP_03,2023-09-11,Desktop,894,FALSE
SESS_003054,CUST_00096,CAMP_09,2023-08-31,Mobile,624,TRUE
SESS_003055,CUST_00457,CAMP_05,2023-05-12,Mobile,449,FALSE
SESS_003056,CUST_00095,CAMP_06,2023-08-12,Mobile,641,TRUE
SESS_003057,NULL,NULL,2023-07-13,Desktop,27,FALSE
SESS_003058,NULL,CAMP_07,2023-07-19,Mobile,1068,FALSE
SESS_003059,CUST_00187,CAMP_10,2023-03-16,Mobile,284,FALSE
SESS_003060,NULL,NULL,2023-08-28,Mobile,476,TRUE
SESS_003061,NULL,NULL,2023-12-31,Desktop,422,TRUE
SESS_003062,CUST_00534,CAMP_08,2023-09-14,Mobile,110,TRUE
SESS_003063,CUST_00703,CAMP_06,2023-12-12,Mobile,822,TRUE
SESS_003064,CUST_00472,CAMP_09,2023-12-13,Desktop,115,FALSE
SESS_003065,NULL,NULL,2023-09-03,Tablet,874,TRUE
SESS_003066,NULL,CAMP_04,2023-03-26,Mobile,79,FALSE
SESS_003067,CUST_00904,NULL,2023-05-10,Mobile,91,FALSE
SESS_003068,CUST_00454,NULL,2023-02-21,Tablet,286,FALSE
SESS_003069,CUST_00586,CAMP_06,2023-12-10,Tablet,49,FALSE
SESS_003070,NULL,NULL,2023-10-08,Tablet,106,FALSE
SESS_003071,CUST_00853,NULL,2023-10-16,Desktop,979,FALSE
SESS_003072,NULL,NULL,2023-10-30,Tablet,102,FALSE
SESS_003073,CUST_00002,NULL,2023-09-16,Desktop,163,TRUE
SESS_003074,CUST_00130,CAMP_09,2023-05-17,Tablet,945,TRUE
SESS_003075,CUST_00786,NULL,2023-11-13,Desktop,47,TRUE
SESS_003076,CUST_00360,CAMP_07,2023-02-18,Desktop,598,TRUE
SESS_003077,CUST_00046,NULL,2023-01-04,Tablet,996,FALSE
SESS_003078,CUST_00227,NULL,2023-02-09,Desktop,318,TRUE
SESS_003079,CUST_00602,NULL,2023-06-23,Mobile,946,FALSE
SESS_003080,CUST_00159,NULL,2023-05-06,Desktop,263,TRUE
SESS_003081,NULL,NULL,2023-06-29,Mobile,93,TRUE
SESS_003082,CUST_00992,NULL,2023-09-19,Desktop,862,TRUE
SESS_003083,CUST_00154,NULL,2023-03-13,Desktop,500,FALSE
SESS_003084,NULL,NULL,2023-06-10,Desktop,30,TRUE
SESS_003085,CUST_00866,CAMP_07,2023-10-09,Mobile,0,FALSE
SESS_003086,CUST_00792,NULL,2023-04-02,Desktop,1075,FALSE
SESS_003087,CUST_00830,NULL,2023-05-04,Tablet,389,FALSE
SESS_003088,CUST_00018,CAMP_06,2023-05-20,Desktop,582,TRUE
SESS_003089,CUST_00429,NULL,2023-01-29,Mobile,1196,TRUE
SESS_003090,CUST_00233,NULL,2023-05-19,Mobile,815,TRUE
SESS_003091,CUST_00644,CAMP_06,2023-02-26,Desktop,0,TRUE
SESS_003092,CUST_00669,CAMP_06,2023-12-30,Tablet,1119,TRUE
SESS_003093,NULL,NULL,2023-05-26,Mobile,752,FALSE
SESS_003094,NULL,NULL,2023-06-11,Mobile,759,FALSE
SESS_003095,CUST_00003,CAMP_09,2023-05-25,Desktop,835,FALSE
SESS_003096,CUST_00034,CAMP_03,2023-02-19,Mobile,26,FALSE
SESS_003097,NULL,CAMP_06,2023-12-27,Tablet,352,FALSE
SESS_003098,CUST_00943,CAMP_10,2023-08-29,Desktop,924,TRUE
SESS_003099,CUST_00112,NULL,2023-11-06,Mobile,772,FALSE
SESS_003100,CUST_00243,CAMP_10,2023-05-03,Desktop,146,FALSE
SESS_003101,CUST_00846,CAMP_07,2023-11-07,Desktop,392,FALSE
SESS_003102,CUST_00911,NULL,2023-11-26,Mobile,62,TRUE
SESS_003103,CUST_00045,NULL,2023-12-27,Tablet,611,FALSE
SESS_003104,CUST_00343,CAMP_06,2023-08-28,Desktop,1023,TRUE
SESS_003105,NULL,NULL,2023-04-03,Desktop,965,FALSE
SESS_003106,NULL,CAMP_03,2023-08-19,Desktop,1194,TRUE
SESS_003107,CUST_00955,CAMP_07,2023-02-03,Desktop,1154,TRUE
SESS_003108,CUST_00028,CAMP_04,2023-08-12,Desktop,144,TRUE
SESS_003109,CUST_00069,CAMP_01,2023-01-26,Mobile,283,FALSE
SESS_003110,CUST_00353,CAMP_09,2023-08-25,Mobile,1010,TRUE
SESS_003111,NULL,CAMP_03,2023-12-24,Mobile,1042,TRUE
SESS_003112,CUST_00438,CAMP_10,2023-07-25,Tablet,893,FALSE
SESS_003113,CUST_00985,CAMP_07,2023-12-23,Desktop,234,FALSE
SESS_003114,NULL,CAMP_02,2023-04-15,Tablet,826,TRUE
SESS_003115,CUST_00679,NULL,2023-05-25,Tablet,1091,TRUE
SESS_003116,NULL,NULL,2023-02-24,Mobile,961,FALSE
SESS_003117,CUST_00655,NULL,2023-07-05,Desktop,252,FALSE
SESS_003118,CUST_00269,CAMP_05,2023-09-13,Mobile,493,TRUE
SESS_003119,CUST_00968,NULL,2023-10-09,Tablet,447,TRUE
SESS_003120,CUST_00481,CAMP_03,2023-06-29,Mobile,78,TRUE
SESS_003121,CUST_00914,NULL,2023-11-24,Desktop,257,TRUE
SESS_003122,CUST_00583,NULL,2023-10-27,Desktop,392,TRUE
SESS_003123,NULL,NULL,2023-10-12,Mobile,1145,FALSE
SESS_003124,CUST_00528,CAMP_08,2023-07-11,Mobile,487,FALSE
SESS_003125,CUST_00055,NULL,2023-12-12,Tablet,1129,TRUE
SESS_003126,NULL,NULL,2023-03-22,Mobile,408,FALSE
SESS_003127,NULL,CAMP_03,2023-03-12,Desktop,457,TRUE
SESS_003128,CUST_00928,CAMP_04,2023-10-18,Tablet,572,FALSE
SESS_003129,CUST_00777,CAMP_01,2023-06-11,Tablet,992,FALSE
SESS_003130,CUST_00577,NULL,2023-06-03,Mobile,156,FALSE
SESS_003131,CUST_00327,NULL,2023-05-07,Desktop,161,TRUE
SESS_003132,NULL,CAMP_08,2023-03-22,Desktop,561,FALSE
SESS_003133,CUST_00719,CAMP_08,2023-11-26,Tablet,860,FALSE
SESS_003134,NULL,NULL,2023-10-02,Mobile,948,TRUE
SESS_003135,CUST_00017,NULL,2023-05-20,Mobile,1191,TRUE
SESS_003136,NULL,CAMP_01,2023-06-03,Mobile,1001,TRUE
SESS_003137,CUST_00358,NULL,2023-10-27,Mobile,0,TRUE
SESS_003138,CUST_00518,CAMP_10,2023-08-01,Desktop,237,FALSE
SESS_003139,CUST_00379,NULL,2023-06-14,Mobile,1087,FALSE
SESS_003140,NULL,NULL,2023-09-13,Desktop,391,TRUE
SESS_003141,CUST_00892,CAMP_07,2023-05-27,Tablet,335,TRUE
SESS_003142,CUST_00291,NULL,2023-03-25,Desktop,369,TRUE
SESS_003143,CUST_00813,NULL,2023-12-30,Tablet,352,TRUE
SESS_003144,NULL,CAMP_02,2023-08-16,Mobile,609,TRUE
SESS_003145,CUST_00821,CAMP_06,2023-05-13,Mobile,106,TRUE
SESS_003146,CUST_00256,CAMP_09,2023-02-09,Desktop,909,TRUE
SESS_003147,CUST_00346,NULL,2023-05-13,Tablet,0,FALSE
SESS_003148,NULL,CAMP_08,2023-06-23,Mobile,0,TRUE
SESS_003149,CUST_00260,CAMP_02,2023-09-28,Tablet,692,FALSE
SESS_003150,NULL,NULL,2023-01-07,Mobile,1065,TRUE
SESS_003151,CUST_00442,CAMP_06,2023-10-10,Desktop,904,TRUE
SESS_003152,CUST_00562,NULL,2023-01-31,Tablet,679,TRUE
SESS_003153,NULL,NULL,2023-10-27,Desktop,215,TRUE
SESS_003154,CUST_00277,CAMP_05,2023-02-26,Tablet,19,TRUE
SESS_003155,CUST_00711,CAMP_10,2023-10-25,Mobile,1193,FALSE
SESS_003156,CUST_00006,CAMP_03,2023-12-30,Desktop,226,FALSE
SESS_003157,NULL,CAMP_05,2023-12-26,Tablet,897,TRUE
SESS_003158,CUST_00373,CAMP_09,2023-02-07,Tablet,1115,TRUE
SESS_003159,NULL,CAMP_08,2023-12-09,Tablet,213,TRUE
SESS_003160,CUST_00591,NULL,2023-06-10,Mobile,311,TRUE
SESS_003161,CUST_00101,NULL,2023-09-22,Tablet,286,TRUE
SESS_003162,CUST_00909,CAMP_05,2023-04-04,Desktop,518,FALSE
SESS_003163,NULL,CAMP_05,2023-07-22,Mobile,809,FALSE
SESS_003164,CUST_00162,NULL,2023-03-13,Tablet,510,TRUE
SESS_003165,NULL,CAMP_08,2023-01-21,Mobile,975,FALSE
SESS_003166,CUST_00750,NULL,2023-11-21,Tablet,1101,FALSE
SESS_003167,CUST_00932,NULL,2023-01-27,Desktop,1027,TRUE
SESS_003168,CUST_00347,NULL,2023-05-30,Tablet,111,FALSE
SESS_003169,NULL,CAMP_02,2023-01-10,Tablet,1014,FALSE
SESS_003170,CUST_00141,NULL,2023-04-04,Mobile,714,FALSE
SESS_003171,CUST_00545,CAMP_04,2023-10-31,Mobile,999,FALSE
SESS_003172,CUST_00727,CAMP_10,2023-10-10,Tablet,384,TRUE
SESS_003173,NULL,CAMP_10,2023-04-08,Mobile,397,FALSE
SESS_003174,CUST_00437,CAMP_08,2023-01-21,Tablet,374,FALSE
SESS_003175,CUST_00237,NULL,2023-11-11,Desktop,757,TRUE
SESS_003176,CUST_00699,CAMP_03,2023-12-12,Desktop,396,FALSE
SESS_003177,CUST_00355,NULL,2023-08-29,Tablet,11,FALSE
SESS_003178,CUST_00941,CAMP_05,2023-10-17,Tablet,1188,FALSE
SESS_003179,NULL,NULL,2023-07-13,Desktop,857,TRUE
SESS_003180,NULL,CAMP_06,2023-10-24,Tablet,154,TRUE
SESS_003181,NULL,NULL,2023-03-29,Mobile,764,FALSE
SESS_003182,CUST_00845,NULL,2023-01-18,Tablet,675,TRUE
SESS_003183,CUST_00214,CAMP_06,2023-02-26,Tablet,208,TRUE
SESS_003184,CUST_00689,NULL,2023-08-08,Mobile,828,TRUE
SESS_003185,CUST_00344,CAMP_05,2023-02-03,Mobile,491,FALSE
SESS_003186,NULL,NULL,2023-08-03,Tablet,1002,FALSE
SESS_003187,CUST_00981,NULL,2023-12-30,Mobile,358,TRUE
SESS_003188,NULL,NULL,2023-02-02,Desktop,1172,TRUE
SESS_003189,CUST_00760,CAMP_06,2023-03-13,Desktop,149,TRUE
SESS_003190,CUST_00434,NULL,2023-09-12,Mobile,149,FALSE
SESS_003191,NULL,CAMP_01,2023-10-01,Desktop,829,FALSE
SESS_003192,CUST_00343,CAMP_10,2023-05-13,Tablet,58,TRUE
SESS_003193,NULL,CAMP_04,2023-12-27,Mobile,614,TRUE
SESS_003194,CUST_00940,NULL,2023-02-04,Desktop,318,TRUE
SESS_003195,CUST_00459,NULL,2023-09-23,Tablet,870,FALSE
SESS_003196,CUST_00657,CAMP_04,2023-04-05,Desktop,581,TRUE
SESS_003197,NULL,NULL,2023-01-11,Tablet,389,TRUE
SESS_003198,NULL,NULL,2023-06-06,Mobile,218,TRUE
SESS_003199,CUST_00302,CAMP_01,2023-02-03,Desktop,603,TRUE
SESS_003200,CUST_00984,CAMP_10,2023-06-05,Mobile,101,FALSE
SESS_003201,CUST_00131,CAMP_10,2023-07-02,Mobile,955,FALSE
SESS_003202,CUST_00079,CAMP_10,2023-10-14,Desktop,1140,FALSE
SESS_003203,CUST_00488,CAMP_06,2023-02-02,Mobile,1029,FALSE
SESS_003204,CUST_00622,CAMP_09,2023-10-21,Mobile,939,TRUE
SESS_003205,NULL,NULL,2023-01-20,Tablet,744,TRUE
SESS_003206,CUST_00420,CAMP_02,2023-11-27,Tablet,939,TRUE
SESS_003207,CUST_00921,CAMP_08,2023-10-24,Tablet,829,TRUE
SESS_003208,NULL,CAMP_02,2023-06-28,Mobile,658,TRUE
SESS_003209,NULL,CAMP_06,2023-05-03,Tablet,0,TRUE
SESS_003210,CUST_00616,NULL,2023-05-01,Desktop,379,TRUE
SESS_003211,NULL,CAMP_04,2023-09-22,Tablet,0,TRUE
SESS_003212,CUST_00987,CAMP_06,2023-04-11,Mobile,1149,FALSE
SESS_003213,CUST_00368,CAMP_06,2023-06-22,Mobile,659,TRUE
SESS_003214,CUST_00962,CAMP_10,2023-12-13,Mobile,938,TRUE
SESS_003215,CUST_00822,CAMP_03,2023-11-26,Tablet,282,TRUE
SESS_003216,CUST_00467,CAMP_01,2023-05-22,Desktop,640,TRUE
SESS_003217,CUST_00303,NULL,2023-12-19,Mobile,756,TRUE
SESS_003218,CUST_00287,NULL,2023-01-12,Tablet,641,TRUE
SESS_003219,CUST_00264,CAMP_03,2023-08-10,Mobile,603,FALSE
SESS_003220,NULL,NULL,2023-10-08,Mobile,967,TRUE
SESS_003221,CUST_00478,CAMP_04,2023-05-05,Mobile,0,TRUE
SESS_003222,CUST_00230,CAMP_01,2023-08-26,Mobile,280,FALSE
SESS_003223,CUST_00580,CAMP_08,2023-12-03,Tablet,127,TRUE
SESS_003224,NULL,CAMP_09,2023-02-21,Mobile,910,TRUE
SESS_003225,CUST_00588,NULL,2023-07-26,Desktop,0,TRUE
SESS_003226,NULL,CAMP_04,2023-01-31,Desktop,1052,FALSE
SESS_003227,NULL,NULL,2023-05-16,Tablet,781,TRUE
SESS_003228,NULL,NULL,2023-02-11,Mobile,121,FALSE
SESS_003229,NULL,CAMP_03,2023-07-01,Mobile,965,FALSE
SESS_003230,CUST_00390,NULL,2023-02-16,Tablet,322,TRUE
SESS_003231,NULL,CAMP_02,2023-10-31,Desktop,0,TRUE
SESS_003232,NULL,NULL,2023-10-26,Mobile,113,FALSE
SESS_003233,NULL,CAMP_05,2023-05-16,Mobile,873,FALSE
SESS_003234,CUST_00375,CAMP_09,2023-05-16,Tablet,283,TRUE
SESS_003235,CUST_00112,CAMP_06,2023-12-09,Desktop,1174,FALSE
SESS_003236,NULL,CAMP_02,2023-10-01,Tablet,679,TRUE
SESS_003237,CUST_00158,NULL,2023-03-07,Tablet,760,TRUE
SESS_003238,CUST_00873,CAMP_01,2023-04-04,Mobile,278,TRUE
SESS_003239,NULL,NULL,2023-01-29,Tablet,427,FALSE
SESS_003240,CUST_00661,NULL,2023-09-23,Desktop,693,TRUE
SESS_003241,NULL,NULL,2023-12-07,Desktop,185,FALSE
SESS_003242,CUST_00828,NULL,2023-05-13,Tablet,274,FALSE
SESS_003243,CUST_00501,NULL,2023-05-27,Tablet,1163,FALSE
SESS_003244,NULL,NULL,2023-01-28,Desktop,484,TRUE
SESS_003245,CUST_00524,CAMP_07,2023-06-02,Desktop,894,FALSE
SESS_003246,CUST_00374,CAMP_08,2023-08-25,Desktop,471,TRUE
SESS_003247,CUST_00668,CAMP_07,2023-01-11,Desktop,0,TRUE
SESS_003248,NULL,NULL,2023-07-04,Tablet,730,TRUE
SESS_003249,NULL,NULL,2023-10-21,Desktop,460,TRUE
SESS_003250,CUST_00451,CAMP_07,2023-03-11,Tablet,218,TRUE
SESS_003251,CUST_00793,NULL,2023-03-09,Tablet,125,FALSE
SESS_003252,CUST_00796,CAMP_04,2023-12-12,Tablet,1046,TRUE
SESS_003253,CUST_00471,CAMP_06,2023-03-21,Tablet,502,FALSE
SESS_003254,CUST_00271,CAMP_05,2023-06-22,Tablet,730,FALSE
SESS_003255,CUST_00897,NULL,2023-08-18,Tablet,400,TRUE
SESS_003256,CUST_00884,CAMP_03,2023-08-13,Tablet,223,FALSE
SESS_003257,CUST_00287,CAMP_03,2023-04-20,Desktop,432,FALSE
SESS_003258,CUST_00105,NULL,2023-05-19,Tablet,67,TRUE
SESS_003259,NULL,CAMP_06,2023-12-06,Tablet,208,FALSE
SESS_003260,CUST_00980,NULL,2023-01-09,Tablet,18,FALSE
SESS_003261,CUST_00618,NULL,2023-09-02,Tablet,602,TRUE
SESS_003262,NULL,CAMP_09,2023-03-11,Mobile,865,FALSE
SESS_003263,NULL,NULL,2023-12-24,Tablet,449,FALSE
SESS_003264,CUST_00468,NULL,2023-03-10,Tablet,907,FALSE
SESS_003265,CUST_00593,NULL,2023-06-26,Desktop,853,FALSE
SESS_003266,NULL,NULL,2023-03-26,Desktop,532,TRUE
SESS_003267,CUST_00714,CAMP_10,2023-12-08,Mobile,708,TRUE
SESS_003268,CUST_00488,NULL,2023-01-14,Tablet,742,TRUE
SESS_003269,CUST_00068,CAMP_04,2023-01-16,Tablet,1168,TRUE
SESS_003270,NULL,NULL,2023-08-19,Mobile,220,FALSE
SESS_003271,CUST_00282,CAMP_05,2023-09-22,Tablet,110,FALSE
SESS_003272,CUST_00686,CAMP_06,2023-11-07,Tablet,59,FALSE
SESS_003273,NULL,CAMP_08,2023-03-19,Mobile,61,TRUE
SESS_003274,CUST_00967,CAMP_09,2023-10-27,Tablet,716,FALSE
SESS_003275,CUST_00584,NULL,2023-01-20,Mobile,485,TRUE
SESS_003276,CUST_00916,CAMP_08,2023-06-29,Desktop,947,TRUE
SESS_003277,NULL,NULL,2023-10-10,Desktop,1107,TRUE
SESS_003278,CUST_00290,CAMP_08,2023-06-22,Desktop,351,TRUE
SESS_003279,CUST_00956,NULL,2023-08-16,Desktop,1123,TRUE
SESS_003280,CUST_00497,NULL,2023-12-16,Desktop,0,TRUE
SESS_003281,CUST_00100,NULL,2023-01-23,Tablet,901,FALSE
SESS_003282,CUST_00694,NULL,2023-08-17,Mobile,1032,TRUE
SESS_003283,CUST_00295,CAMP_03,2023-01-21,Tablet,467,FALSE
SESS_003284,CUST_00048,CAMP_05,2023-07-25,Mobile,222,FALSE
SESS_003285,NULL,NULL,2023-04-14,Desktop,591,FALSE
SESS_003286,CUST_00387,NULL,2023-01-18,Mobile,1143,FALSE
SESS_003287,CUST_00524,CAMP_06,2023-09-30,Tablet,919,TRUE
SESS_003288,NULL,CAMP_07,2023-08-23,Tablet,314,TRUE
SESS_003289,CUST_00640,NULL,2023-10-24,Mobile,1106,FALSE
SESS_003290,CUST_00075,CAMP_05,2023-10-22,Mobile,229,FALSE
SESS_003291,CUST_00535,CAMP_05,2023-05-07,Mobile,28,FALSE
SESS_003292,NULL,NULL,2023-11-18,Desktop,416,TRUE
SESS_003293,CUST_00383,NULL,2023-10-24,Mobile,889,FALSE
SESS_003294,CUST_00854,CAMP_04,2023-12-09,Tablet,330,TRUE
SESS_003295,CUST_00121,NULL,2023-07-19,Mobile,383,FALSE
SESS_003296,NULL,CAMP_06,2023-08-23,Tablet,1041,TRUE
SESS_003297,NULL,NULL,2023-12-28,Tablet,376,TRUE
SESS_003298,NULL,CAMP_01,2023-06-20,Mobile,1106,TRUE
SESS_003299,CUST_00211,NULL,2023-05-18,Desktop,508,FALSE
SESS_003300,NULL,CAMP_06,2023-08-11,Tablet,1102,TRUE
SESS_003301,CUST_00455,CAMP_08,2023-01-15,Tablet,1025,TRUE
SESS_003302,CUST_00962,NULL,2023-05-23,Mobile,0,TRUE
SESS_003303,CUST_00751,CAMP_08,2023-06-08,Tablet,408,FALSE
SESS_003304,CUST_00846,CAMP_07,2023-05-03,Desktop,943,TRUE
SESS_003305,CUST_00725,NULL,2023-06-04,Desktop,670,TRUE
SESS_003306,CUST_00125,CAMP_05,2023-10-04,Tablet,1027,FALSE
SESS_003307,CUST_00904,NULL,2023-02-02,Tablet,227,TRUE
SESS_003308,CUST_00429,NULL,2023-05-13,Tablet,1176,FALSE
SESS_003309,NULL,NULL,2023-10-27,Desktop,331,TRUE
SESS_003310,NULL,CAMP_02,2023-04-19,Mobile,18,TRUE
SESS_003311,NULL,CAMP_07,2023-08-21,Mobile,150,TRUE
SESS_003312,NULL,CAMP_07,2023-07-19,Desktop,612,FALSE
SESS_003313,CUST_00914,NULL,2023-12-18,Tablet,640,FALSE
SESS_003314,CUST_00839,CAMP_08,2023-07-24,Tablet,975,TRUE
SESS_003315,CUST_00404,NULL,2023-06-30,Mobile,22,TRUE
SESS_003316,CUST_00144,CAMP_05,2023-06-18,Tablet,383,TRUE
SESS_003317,CUST_00551,CAMP_09,2023-03-10,Desktop,1148,FALSE
SESS_003318,CUST_00759,NULL,2023-03-27,Desktop,887,TRUE
SESS_003319,CUST_00425,CAMP_03,2023-11-01,Desktop,962,TRUE
SESS_003320,CUST_00703,NULL,2023-02-01,Mobile,985,FALSE
SESS_003321,NULL,NULL,2023-03-25,Desktop,531,TRUE
SESS_003322,CUST_00581,CAMP_04,2023-05-04,Desktop,166,TRUE
SESS_003323,NULL,NULL,2023-07-01,Tablet,1032,FALSE
SESS_003324,CUST_00137,CAMP_06,2023-03-20,Desktop,809,FALSE
SESS_003325,CUST_00469,CAMP_06,2023-08-21,Tablet,1076,FALSE
SESS_003326,CUST_00901,CAMP_09,2023-08-22,Tablet,187,FALSE
SESS_003327,CUST_00936,CAMP_04,2023-12-03,Mobile,1116,FALSE
SESS_003328,CUST_00551,NULL,2023-05-09,Desktop,955,TRUE
SESS_003329,CUST_00397,CAMP_02,2023-11-04,Desktop,1199,FALSE
SESS_003330,CUST_00271,CAMP_10,2023-06-06,Tablet,968,TRUE
SESS_003331,NULL,CAMP_09,2023-05-26,Mobile,888,TRUE
SESS_003332,CUST_00605,NULL,2023-08-11,Mobile,1161,TRUE
SESS_003333,NULL,CAMP_03,2023-12-02,Mobile,162,TRUE
SESS_003334,CUST_00738,CAMP_03,2023-01-05,Mobile,1110,TRUE
SESS_003335,CUST_00128,CAMP_06,2023-11-23,Desktop,1176,TRUE
SESS_003336,CUST_00392,NULL,2023-06-06,Tablet,559,TRUE
SESS_003337,NULL,NULL,2023-07-28,Mobile,487,TRUE
SESS_003338,NULL,NULL,2023-04-07,Tablet,274,FALSE
SESS_003339,CUST_00978,NULL,2023-05-01,Desktop,1017,TRUE
SESS_003340,CUST_00859,NULL,2023-12-11,Tablet,331,TRUE
SESS_003341,NULL,CAMP_06,2023-01-26,Mobile,578,FALSE
SESS_003342,CUST_00756,CAMP_03,2023-09-21,Desktop,1162,FALSE
SESS_003343,NULL,NULL,2023-04-14,Desktop,0,FALSE
SESS_003344,NULL,CAMP_04,2023-12-13,Tablet,499,FALSE
SESS_003345,CUST_00659,NULL,2023-08-12,Tablet,707,FALSE
SESS_003346,NULL,NULL,2023-04-26,Tablet,661,TRUE
SESS_003347,CUST_00100,NULL,2023-07-19,Mobile,881,FALSE
SESS_003348,CUST_00818,CAMP_03,2023-11-07,Tablet,372,FALSE
SESS_003349,CUST_00355,NULL,2023-11-25,Desktop,430,FALSE
SESS_003350,CUST_00584,NULL,2023-03-22,Mobile,1110,TRUE
SESS_003351,CUST_00914,NULL,2023-08-17,Mobile,391,TRUE
SESS_003352,NULL,NULL,2023-11-06,Desktop,457,TRUE
SESS_003353,NULL,CAMP_06,2023-11-03,Mobile,1166,FALSE
SESS_003354,CUST_00090,CAMP_03,2023-02-13,Tablet,188,FALSE
SESS_003355,NULL,CAMP_07,2023-12-01,Tablet,0,FALSE
SESS_003356,NULL,NULL,2023-07-21,Tablet,446,FALSE
SESS_003357,CUST_00767,CAMP_07,2023-10-29,Desktop,522,FALSE
SESS_003358,NULL,NULL,2023-11-19,Mobile,343,FALSE
SESS_003359,CUST_00245,NULL,2023-08-25,Desktop,101,FALSE
SESS_003360,CUST_00328,CAMP_02,2023-01-29,Desktop,452,FALSE
SESS_003361,NULL,NULL,2023-01-23,Desktop,871,TRUE
SESS_003362,CUST_00882,NULL,2023-09-01,Mobile,682,FALSE
SESS_003363,NULL,NULL,2023-12-03,Tablet,952,TRUE
SESS_003364,CUST_00654,NULL,2023-04-05,Tablet,592,FALSE
SESS_003365,CUST_00885,CAMP_02,2023-06-21,Tablet,846,FALSE
SESS_003366,CUST_00209,NULL,2023-02-04,Desktop,755,FALSE
SESS_003367,CUST_00691,NULL,2023-12-27,Desktop,744,FALSE
SESS_003368,NULL,CAMP_04,2023-12-28,Mobile,921,TRUE
SESS_003369,CUST_00755,NULL,2023-05-12,Tablet,291,FALSE
SESS_003370,CUST_00131,NULL,2023-05-16,Tablet,728,TRUE
SESS_003371,CUST_00203,NULL,2023-03-08,Mobile,0,TRUE
SESS_003372,NULL,CAMP_05,2023-04-20,Desktop,383,TRUE
SESS_003373,NULL,CAMP_03,2023-04-02,Desktop,0,FALSE
SESS_003374,CUST_00776,NULL,2023-12-10,Mobile,317,TRUE
SESS_003375,NULL,CAMP_05,2023-10-18,Mobile,0,FALSE
SESS_003376,CUST_00684,CAMP_06,2023-04-12,Desktop,116,FALSE
SESS_003377,CUST_00673,NULL,2023-09-13,Mobile,0,FALSE
SESS_003378,CUST_00319,NULL,2023-08-09,Mobile,777,FALSE
SESS_003379,CUST_00701,CAMP_10,2023-11-21,Tablet,435,FALSE
SESS_003380,CUST_00928,CAMP_09,2023-06-17,Tablet,1191,FALSE
SESS_003381,NULL,NULL,2023-04-05,Mobile,783,FALSE
SESS_003382,CUST_00797,NULL,2023-08-18,Tablet,330,TRUE
SESS_003383,CUST_00904,NULL,2023-10-04,Tablet,344,FALSE
SESS_003384,NULL,NULL,2023-12-11,Tablet,498,FALSE
SESS_003385,CUST_00108,NULL,2023-02-21,Tablet,0,FALSE
SESS_003386,CUST_00406,NULL,2023-10-09,Mobile,1069,TRUE
SESS_003387,CUST_00279,CAMP_10,2023-05-11,Desktop,508,FALSE
SESS_003388,CUST_00638,NULL,2023-09-24,Mobile,668,FALSE
SESS_003389,NULL,NULL,2023-10-15,Desktop,471,TRUE
SESS_003390,CUST_00558,NULL,2023-07-22,Desktop,395,TRUE
SESS_003391,CUST_00661,CAMP_04,2023-09-10,Mobile,512,TRUE
SESS_003392,NULL,CAMP_03,2023-03-23,Desktop,162,TRUE
SESS_003393,NULL,NULL,2023-03-20,Mobile,1192,TRUE
SESS_003394,CUST_00249,CAMP_07,2023-11-23,Tablet,449,TRUE
SESS_003395,CUST_00182,NULL,2023-09-06,Desktop,380,FALSE
SESS_003396,CUST_00036,CAMP_03,2023-11-15,Tablet,42,TRUE
SESS_003397,CUST_00468,NULL,2023-06-13,Mobile,0,FALSE
SESS_003398,NULL,NULL,2023-10-25,Tablet,167,TRUE
SESS_003399,CUST_00905,NULL,2023-03-31,Tablet,637,FALSE
SESS_003400,CUST_00523,CAMP_08,2023-02-28,Tablet,153,TRUE
SESS_003401,CUST_00119,NULL,2023-11-17,Desktop,1136,FALSE
SESS_003402,CUST_00191,CAMP_05,2023-01-28,Desktop,491,TRUE
SESS_003403,NULL,CAMP_04,2023-05-25,Tablet,1168,FALSE
SESS_003404,NULL,NULL,2023-12-15,Desktop,56,FALSE
SESS_003405,NULL,NULL,2023-02-08,Desktop,483,TRUE
SESS_003406,NULL,NULL,2023-03-24,Tablet,0,FALSE
SESS_003407,NULL,NULL,2023-08-12,Mobile,1160,TRUE
SESS_003408,CUST_00763,NULL,2023-07-17,Mobile,59,FALSE
SESS_003409,CUST_00114,NULL,2023-08-10,Mobile,1104,TRUE
SESS_003410,NULL,NULL,2023-06-20,Mobile,1043,FALSE
SESS_003411,CUST_00240,CAMP_03,2023-03-29,Desktop,1179,TRUE
SESS_003412,NULL,CAMP_05,2023-12-11,Desktop,744,TRUE
SESS_003413,NULL,NULL,2023-12-07,Tablet,61,TRUE
SESS_003414,CUST_00514,NULL,2023-10-08,Tablet,850,FALSE
SESS_003415,CUST_00517,NULL,2023-08-20,Desktop,0,FALSE
SESS_003416,CUST_00025,CAMP_07,2023-05-20,Tablet,607,TRUE
SESS_003417,NULL,NULL,2023-01-04,Desktop,1023,FALSE
SESS_003418,CUST_00454,NULL,2023-03-12,Desktop,388,FALSE
SESS_003419,CUST_00242,NULL,2023-07-04,Desktop,189,FALSE
SESS_003420,NULL,NULL,2023-04-11,Mobile,1098,TRUE
SESS_003421,NULL,NULL,2023-06-05,Desktop,826,FALSE
SESS_003422,CUST_00852,NULL,2023-09-01,Desktop,186,TRUE
SESS_003423,CUST_00962,CAMP_08,2023-10-18,Mobile,1049,FALSE
SESS_003424,CUST_00168,CAMP_05,2023-01-29,Mobile,56,FALSE
SESS_003425,NULL,NULL,2023-12-03,Desktop,251,TRUE
SESS_003426,CUST_00972,CAMP_06,2023-12-24,Mobile,1028,FALSE
SESS_003427,CUST_00073,CAMP_06,2023-03-08,Tablet,0,FALSE
SESS_003428,NULL,NULL,2023-02-18,Mobile,869,FALSE
SESS_003429,CUST_00478,CAMP_01,2023-03-08,Mobile,426,TRUE
SESS_003430,CUST_00313,NULL,2023-03-25,Mobile,947,FALSE
SESS_003431,CUST_00061,CAMP_06,2023-11-22,Desktop,378,TRUE
SESS_003432,CUST_00242,NULL,2023-09-15,Mobile,362,TRUE
SESS_003433,CUST_00973,NULL,2023-11-18,Tablet,700,FALSE
SESS_003434,NULL,CAMP_05,2023-01-16,Desktop,502,FALSE
SESS_003435,NULL,CAMP_09,2023-06-07,Mobile,591,FALSE
SESS_003436,CUST_00600,CAMP_06,2023-07-21,Tablet,715,TRUE
SESS_003437,CUST_00567,NULL,2023-08-21,Mobile,345,FALSE
SESS_003438,CUST_00888,NULL,2023-05-01,Tablet,11,TRUE
SESS_003439,CUST_00421,NULL,2023-05-06,Tablet,126,FALSE
SESS_003440,NULL,NULL,2023-04-11,Tablet,708,FALSE
SESS_003441,CUST_00819,CAMP_09,2023-08-03,Mobile,449,TRUE
SESS_003442,NULL,NULL,2023-03-02,Tablet,632,FALSE
SESS_003443,NULL,NULL,2023-06-23,Tablet,1184,TRUE
SESS_003444,CUST_00296,NULL,2023-02-11,Tablet,1140,FALSE
SESS_003445,CUST_00388,NULL,2023-02-26,Tablet,157,FALSE
SESS_003446,NULL,NULL,2023-11-09,Mobile,520,TRUE
SESS_003447,CUST_00514,CAMP_03,2023-05-10,Mobile,423,TRUE
SESS_003448,CUST_00904,NULL,2023-11-27,Desktop,247,TRUE
SESS_003449,CUST_00829,NULL,2023-07-08,Tablet,159,TRUE
SESS_003450,CUST_00583,NULL,2023-12-18,Mobile,104,TRUE
SESS_003451,NULL,NULL,2023-04-11,Desktop,57,TRUE
SESS_003452,CUST_00308,CAMP_04,2023-09-02,Desktop,791,FALSE
SESS_003453,NULL,CAMP_02,2023-05-18,Tablet,100,FALSE
SESS_003454,CUST_00605,NULL,2023-01-14,Mobile,851,TRUE
SESS_003455,CUST_00903,CAMP_02,2023-09-23,Mobile,0,TRUE
SESS_003456,CUST_00273,NULL,2023-06-29,Desktop,23,TRUE
SESS_003457,NULL,CAMP_04,2023-02-11,Mobile,703,TRUE
SESS_003458,CUST_00192,CAMP_08,2023-03-26,Desktop,1113,TRUE
SESS_003459,CUST_00655,NULL,2023-03-30,Desktop,1139,FALSE
SESS_003460,CUST_00562,NULL,2023-07-10,Desktop,951,TRUE
SESS_003461,CUST_00652,CAMP_08,2023-09-16,Tablet,340,TRUE
SESS_003462,NULL,NULL,2023-05-19,Mobile,532,FALSE
SESS_003463,CUST_00174,NULL,2023-10-01,Mobile,143,TRUE
SESS_003464,NULL,CAMP_06,2023-11-03,Tablet,564,FALSE
SESS_003465,CUST_00219,CAMP_08,2023-12-26,Desktop,1036,TRUE
SESS_003466,CUST_00490,CAMP_10,2023-11-25,Desktop,432,FALSE
SESS_003467,CUST_00641,NULL,2023-07-08,Desktop,452,TRUE
SESS_003468,NULL,NULL,2023-05-24,Mobile,1171,FALSE
SESS_003469,CUST_00896,NULL,2023-07-02,Desktop,844,FALSE
SESS_003470,CUST_00876,CAMP_04,2023-07-02,Tablet,963,FALSE
SESS_003471,CUST_00084,CAMP_02,2023-01-30,Desktop,1029,FALSE
SESS_003472,NULL,NULL,2023-12-02,Tablet,217,FALSE
SESS_003473,CUST_00354,CAMP_01,2023-09-14,Tablet,484,TRUE
SESS_003474,NULL,NULL,2023-05-06,Mobile,933,TRUE
SESS_003475,NULL,NULL,2023-08-02,Tablet,747,FALSE
SESS_003476,CUST_00881,NULL,2023-06-30,Tablet,321,TRUE
SESS_003477,CUST_00763,CAMP_05,2023-08-03,Mobile,110,TRUE
SESS_003478,CUST_00873,NULL,2023-09-03,Desktop,363,FALSE
SESS_003479,CUST_00166,NULL,2023-11-16,Mobile,1021,TRUE
SESS_003480,CUST_00146,NULL,2023-04-25,Tablet,0,TRUE
SESS_003481,NULL,NULL,2023-02-15,Tablet,1173,TRUE
SESS_003482,NULL,CAMP_06,2023-08-29,Tablet,458,TRUE
SESS_003483,CUST_00207,CAMP_10,2023-09-04,Mobile,512,FALSE
SESS_003484,NULL,NULL,2023-08-11,Tablet,348,TRUE
SESS_003485,NULL,NULL,2023-05-06,Mobile,544,TRUE
SESS_003486,CUST_00539,NULL,2023-08-18,Mobile,1072,TRUE
SESS_003487,CUST_00915,CAMP_04,2023-12-21,Desktop,89,TRUE
SESS_003488,NULL,NULL,2023-07-16,Desktop,507,FALSE
SESS_003489,NULL,CAMP_06,2023-05-30,Tablet,182,FALSE
SESS_003490,CUST_00886,NULL,2023-12-07,Mobile,37,TRUE
SESS_003491,NULL,CAMP_09,2023-01-25,Tablet,329,TRUE
SESS_003492,NULL,NULL,2023-07-31,Mobile,942,FALSE
SESS_003493,CUST_00978,NULL,2023-06-09,Tablet,718,TRUE
SESS_003494,NULL,CAMP_09,2023-02-26,Desktop,682,FALSE
SESS_003495,CUST_00757,CAMP_02,2023-01-26,Mobile,786,TRUE
SESS_003496,NULL,CAMP_09,2023-11-13,Tablet,282,FALSE
SESS_003497,CUST_00085,NULL,2023-12-14,Tablet,148,TRUE
SESS_003498,CUST_00805,NULL,2023-01-12,Mobile,776,FALSE
SESS_003499,NULL,NULL,2023-02-24,Tablet,257,TRUE
SESS_003500,CUST_00161,NULL,2023-08-04,Tablet,1156,TRUE
SESS_003501,CUST_00465,CAMP_10,2023-08-21,Mobile,116,FALSE
SESS_003502,CUST_00845,NULL,2023-03-28,Tablet,348,FALSE
SESS_003503,CUST_00981,NULL,2023-11-14,Mobile,934,TRUE
SESS_003504,CUST_00550,NULL,2023-10-14,Desktop,178,FALSE
SESS_003505,CUST_00984,NULL,2023-11-05,Tablet,174,TRUE
SESS_003506,CUST_00768,CAMP_10,2023-05-22,Tablet,811,TRUE
SESS_003507,CUST_00786,NULL,2023-05-02,Desktop,17,TRUE
SESS_003508,NULL,CAMP_09,2023-07-12,Mobile,1107,TRUE
SESS_003509,CUST_00515,CAMP_08,2023-11-03,Tablet,714,FALSE
SESS_003510,CUST_00463,CAMP_10,2023-12-14,Mobile,872,TRUE
SESS_003511,CUST_00761,NULL,2023-09-15,Tablet,62,FALSE
SESS_003512,NULL,NULL,2023-12-31,Desktop,1019,FALSE
SESS_003513,NULL,NULL,2023-07-31,Desktop,0,FALSE
SESS_003514,CUST_00131,CAMP_02,2023-07-17,Tablet,721,FALSE
SESS_003515,CUST_00664,NULL,2023-09-15,Tablet,417,FALSE
SESS_003516,CUST_00921,CAMP_02,2023-07-01,Tablet,111,TRUE
SESS_003517,CUST_00072,NULL,2023-08-28,Desktop,670,FALSE
SESS_003518,NULL,NULL,2023-10-14,Desktop,622,FALSE
SESS_003519,CUST_00245,NULL,2023-07-28,Tablet,33,TRUE
SESS_003520,NULL,NULL,2023-02-06,Mobile,429,FALSE
SESS_003521,NULL,NULL,2023-07-10,Desktop,1051,FALSE
SESS_003522,NULL,NULL,2023-03-16,Tablet,884,FALSE
SESS_003523,CUST_00572,CAMP_07,2023-10-24,Mobile,1138,TRUE
SESS_003524,CUST_00419,CAMP_02,2023-10-20,Mobile,464,FALSE
SESS_003525,NULL,CAMP_07,2023-10-20,Mobile,374,FALSE
SESS_003526,NULL,NULL,2023-05-01,Desktop,251,TRUE
SESS_003527,CUST_00785,NULL,2023-09-07,Mobile,422,TRUE
SESS_003528,CUST_00515,CAMP_04,2023-08-27,Tablet,39,TRUE
SESS_003529,NULL,NULL,2023-08-04,Mobile,360,TRUE
SESS_003530,CUST_00212,CAMP_06,2023-09-09,Mobile,770,FALSE
SESS_003531,CUST_00534,NULL,2023-02-03,Desktop,615,FALSE
SESS_003532,NULL,CAMP_03,2023-08-29,Mobile,42,TRUE
SESS_003533,NULL,NULL,2023-12-22,Mobile,428,FALSE
SESS_003534,CUST_00806,NULL,2023-07-31,Desktop,242,FALSE
SESS_003535,NULL,NULL,2023-10-04,Desktop,884,FALSE
SESS_003536,CUST_00518,CAMP_07,2023-03-13,Tablet,142,FALSE
SESS_003537,CUST_00896,NULL,2023-02-22,Desktop,340,FALSE
SESS_003538,CUST_00031,CAMP_04,2023-11-23,Mobile,873,FALSE
SESS_003539,CUST_00632,NULL,2023-03-31,Desktop,155,TRUE
SESS_003540,CUST_00287,NULL,2023-04-09,Mobile,1011,FALSE
SESS_003541,CUST_00285,CAMP_01,2023-04-26,Mobile,744,FALSE
SESS_003542,CUST_00111,CAMP_03,2023-12-30,Tablet,707,FALSE
SESS_003543,CUST_00463,CAMP_10,2023-11-20,Tablet,102,FALSE
SESS_003544,NULL,NULL,2023-09-14,Mobile,1142,FALSE
SESS_003545,CUST_00792,NULL,2023-03-19,Tablet,603,TRUE
SESS_003546,CUST_00819,CAMP_09,2023-05-02,Desktop,1034,FALSE
SESS_003547,NULL,NULL,2023-10-28,Mobile,909,TRUE
SESS_003548,NULL,CAMP_07,2023-06-30,Mobile,852,FALSE
SESS_003549,CUST_00721,CAMP_07,2023-02-25,Desktop,676,TRUE
SESS_003550,CUST_00025,CAMP_03,2023-10-16,Tablet,1155,TRUE
SESS_003551,NULL,CAMP_05,2023-06-13,Mobile,988,FALSE
SESS_003552,NULL,CAMP_09,2023-10-02,Mobile,0,FALSE
SESS_003553,CUST_00938,NULL,2023-10-26,Desktop,757,FALSE
SESS_003554,CUST_00193,NULL,2023-04-17,Desktop,751,FALSE
SESS_003555,CUST_00016,CAMP_10,2023-05-26,Desktop,0,FALSE
SESS_003556,NULL,CAMP_04,2023-07-29,Desktop,0,FALSE
SESS_003557,NULL,CAMP_01,2023-04-25,Tablet,444,TRUE
SESS_003558,NULL,CAMP_10,2023-11-13,Mobile,816,FALSE
SESS_003559,CUST_00967,NULL,2023-11-28,Mobile,462,FALSE
SESS_003560,CUST_00385,NULL,2023-09-05,Desktop,947,FALSE
SESS_003561,NULL,NULL,2023-06-16,Mobile,592,TRUE
SESS_003562,CUST_00490,NULL,2023-05-14,Mobile,927,FALSE
SESS_003563,NULL,CAMP_10,2023-06-24,Tablet,876,FALSE
SESS_003564,CUST_00247,CAMP_01,2023-07-01,Desktop,1034,FALSE
SESS_003565,CUST_00097,NULL,2023-10-29,Mobile,870,TRUE
SESS_003566,NULL,NULL,2023-09-18,Desktop,71,TRUE
SESS_003567,NULL,NULL,2023-05-31,Mobile,255,FALSE
SESS_003568,CUST_00014,NULL,2023-02-06,Desktop,118,FALSE
SESS_003569,NULL,CAMP_06,2023-05-12,Mobile,908,FALSE
SESS_003570,CUST_00509,NULL,2023-07-25,Desktop,480,TRUE
SESS_003571,CUST_00283,NULL,2023-02-24,Desktop,1092,FALSE
SESS_003572,NULL,NULL,2023-02-25,Mobile,32,FALSE
SESS_003573,CUST_00260,CAMP_03,2023-07-03,Tablet,143,TRUE
SESS_003574,CUST_00202,CAMP_10,2023-06-03,Tablet,34,TRUE
SESS_003575,NULL,CAMP_06,2023-10-17,Mobile,79,FALSE
SESS_003576,NULL,CAMP_08,2023-12-14,Mobile,963,FALSE
SESS_003577,CUST_00170,CAMP_09,2023-10-23,Tablet,150,TRUE
SESS_003578,NULL,NULL,2023-11-10,Mobile,1131,TRUE
SESS_003579,CUST_00669,NULL,2023-09-28,Desktop,1050,FALSE
SESS_003580,CUST_00681,NULL,2023-11-16,Tablet,921,FALSE
SESS_003581,NULL,NULL,2023-01-03,Mobile,255,TRUE
SESS_003582,CUST_00121,NULL,2023-02-23,Desktop,967,FALSE
SESS_003583,CUST_00416,CAMP_08,2023-02-06,Desktop,284,FALSE
SESS_003584,CUST_00622,NULL,2023-01-18,Mobile,125,FALSE
SESS_003585,CUST_00449,NULL,2023-07-03,Desktop,385,FALSE
SESS_003586,CUST_00388,NULL,2023-09-29,Mobile,231,TRUE
SESS_003587,CUST_00484,CAMP_03,2023-07-13,Tablet,704,FALSE
SESS_003588,CUST_00289,CAMP_07,2023-09-02,Tablet,749,TRUE
SESS_003589,NULL,NULL,2023-04-01,Tablet,913,TRUE
SESS_003590,CUST_00972,CAMP_09,2023-03-16,Tablet,290,TRUE
SESS_003591,CUST_00050,CAMP_09,2023-07-07,Desktop,215,FALSE
SESS_003592,CUST_00256,CAMP_09,2023-06-26,Desktop,659,FALSE
SESS_003593,CUST_00038,CAMP_01,2023-12-05,Mobile,693,TRUE
SESS_003594,CUST_00517,CAMP_02,2023-10-26,Mobile,535,FALSE
SESS_003595,CUST_00328,CAMP_07,2023-01-27,Mobile,617,FALSE
SESS_003596,NULL,NULL,2023-04-16,Desktop,1188,TRUE
SESS_003597,NULL,CAMP_08,2023-01-28,Tablet,162,TRUE
SESS_003598,CUST_00874,CAMP_03,2023-07-26,Mobile,1101,FALSE
SESS_003599,CUST_00985,NULL,2023-12-13,Tablet,302,FALSE
SESS_003600,CUST_00688,NULL,2023-03-24,Tablet,1052,FALSE
SESS_003601,CUST_00257,NULL,2023-04-03,Mobile,966,TRUE
SESS_003602,CUST_00286,NULL,2023-08-16,Tablet,384,FALSE
SESS_003603,CUST_00816,CAMP_03,2023-10-20,Tablet,189,FALSE
SESS_003604,CUST_00719,NULL,2023-09-19,Tablet,6,FALSE
SESS_003605,NULL,NULL,2023-10-24,Tablet,199,TRUE
SESS_003606,CUST_00066,CAMP_10,2023-03-26,Tablet,1108,FALSE
SESS_003607,NULL,CAMP_01,2023-04-29,Tablet,828,FALSE
SESS_003608,CUST_00442,NULL,2023-06-17,Tablet,0,FALSE
SESS_003609,CUST_00774,CAMP_07,2023-07-04,Mobile,210,TRUE
SESS_003610,CUST_00670,NULL,2023-04-10,Mobile,755,TRUE
SESS_003611,CUST_00550,NULL,2023-05-30,Tablet,435,FALSE
SESS_003612,CUST_00844,CAMP_09,2023-03-31,Mobile,46,TRUE
SESS_003613,CUST_00534,CAMP_05,2023-07-22,Mobile,442,FALSE
SESS_003614,NULL,CAMP_05,2023-07-18,Desktop,216,FALSE
SESS_003615,CUST_00015,NULL,2023-04-17,Tablet,0,TRUE
SESS_003616,CUST_00684,NULL,2023-10-20,Desktop,189,TRUE
SESS_003617,CUST_00725,NULL,2023-12-15,Desktop,473,FALSE
SESS_003618,NULL,NULL,2023-07-12,Mobile,371,TRUE
SESS_003619,NULL,CAMP_05,2023-02-07,Tablet,10,TRUE
SESS_003620,CUST_00875,CAMP_03,2023-03-25,Desktop,725,FALSE
SESS_003621,NULL,NULL,2023-08-07,Desktop,79,FALSE
SESS_003622,CUST_00758,CAMP_01,2023-04-04,Mobile,17,FALSE
SESS_003623,NULL,NULL,2023-12-04,Tablet,413,TRUE
SESS_003624,CUST_00737,NULL,2023-03-10,Tablet,0,FALSE
SESS_003625,CUST_00559,CAMP_06,2023-08-29,Mobile,307,TRUE
SESS_003626,CUST_00934,CAMP_03,2023-04-19,Desktop,1176,TRUE
SESS_003627,CUST_00015,NULL,2023-02-04,Tablet,36,TRUE
SESS_003628,CUST_00025,NULL,2023-12-05,Tablet,57,FALSE
SESS_003629,NULL,NULL,2023-08-16,Desktop,522,FALSE
SESS_003630,CUST_00795,NULL,2023-02-11,Tablet,937,TRUE
SESS_003631,CUST_00068,NULL,2023-10-10,Tablet,344,FALSE
SESS_003632,NULL,CAMP_03,2023-09-17,Tablet,1129,FALSE
SESS_003633,NULL,CAMP_06,2023-03-13,Desktop,907,TRUE
SESS_003634,CUST_00162,NULL,2023-08-09,Mobile,689,TRUE
SESS_003635,CUST_00234,CAMP_03,2023-05-23,Tablet,134,FALSE
SESS_003636,NULL,CAMP_03,2023-07-07,Desktop,349,FALSE
SESS_003637,CUST_00246,CAMP_09,2023-05-25,Tablet,101,FALSE
SESS_003638,CUST_00494,CAMP_06,2023-05-12,Mobile,549,TRUE
SESS_003639,CUST_00020,NULL,2023-01-14,Desktop,846,TRUE
SESS_003640,CUST_00672,NULL,2023-03-07,Desktop,100,TRUE
SESS_003641,CUST_00773,CAMP_09,2023-09-11,Tablet,0,TRUE
SESS_003642,NULL,NULL,2023-04-19,Mobile,1004,TRUE
SESS_003643,CUST_00296,NULL,2023-10-21,Tablet,479,FALSE
SESS_003644,NULL,CAMP_01,2023-01-16,Mobile,529,TRUE
SESS_003645,CUST_00938,CAMP_07,2023-06-18,Tablet,1001,TRUE
SESS_003646,CUST_00415,NULL,2023-01-03,Mobile,281,TRUE
SESS_003647,CUST_00872,CAMP_08,2023-05-15,Desktop,463,TRUE
SESS_003648,CUST_00198,NULL,2023-11-01,Mobile,1031,FALSE
SESS_003649,CUST_00695,CAMP_05,2023-01-03,Tablet,447,TRUE
SESS_003650,CUST_00141,NULL,2023-12-29,Tablet,994,FALSE
SESS_003651,CUST_00429,CAMP_09,2023-01-27,Mobile,207,TRUE
SESS_003652,NULL,NULL,2023-05-14,Tablet,1138,FALSE
SESS_003653,CUST_00275,NULL,2023-09-21,Mobile,690,TRUE
SESS_003654,CUST_00367,NULL,2023-07-07,Mobile,818,TRUE
SESS_003655,NULL,CAMP_09,2023-08-28,Mobile,0,TRUE
SESS_003656,NULL,CAMP_08,2023-06-05,Mobile,678,FALSE
SESS_003657,CUST_00461,CAMP_01,2023-05-22,Desktop,86,TRUE
SESS_003658,NULL,NULL,2023-07-19,Tablet,1182,TRUE
SESS_003659,CUST_00799,CAMP_04,2023-12-18,Tablet,48,FALSE
SESS_003660,CUST_00870,CAMP_02,2023-01-27,Desktop,46,FALSE
SESS_003661,CUST_00905,NULL,2023-11-16,Tablet,0,FALSE
SESS_003662,CUST_00825,NULL,2023-12-17,Desktop,1041,TRUE
SESS_003663,CUST_00435,CAMP_10,2023-10-29,Desktop,797,FALSE
SESS_003664,CUST_00316,CAMP_02,2023-01-17,Tablet,1106,TRUE
SESS_003665,CUST_00430,NULL,2023-02-26,Mobile,793,FALSE
SESS_003666,CUST_00069,CAMP_03,2023-10-28,Desktop,345,TRUE
SESS_003667,CUST_00547,CAMP_03,2023-05-13,Desktop,1197,TRUE
SESS_003668,CUST_00300,NULL,2023-12-23,Tablet,1152,FALSE
SESS_003669,CUST_00233,NULL,2023-05-23,Mobile,938,TRUE
SESS_003670,CUST_00580,NULL,2023-09-10,Desktop,1014,TRUE
SESS_003671,CUST_00262,CAMP_02,2023-05-19,Tablet,606,TRUE
SESS_003672,CUST_00279,NULL,2023-08-16,Tablet,845,TRUE
SESS_003673,NULL,NULL,2023-01-21,Mobile,1000,FALSE
SESS_003674,NULL,CAMP_09,2023-12-05,Tablet,630,FALSE
SESS_003675,NULL,CAMP_08,2023-10-22,Tablet,310,FALSE
SESS_003676,CUST_00492,CAMP_07,2023-07-28,Tablet,663,TRUE
SESS_003677,CUST_00856,NULL,2023-10-14,Tablet,503,TRUE
SESS_003678,CUST_00860,CAMP_04,2023-10-28,Tablet,297,TRUE
SESS_003679,CUST_00710,CAMP_08,2023-03-03,Desktop,668,FALSE
SESS_003680,NULL,NULL,2023-04-25,Tablet,46,FALSE
SESS_003681,CUST_00977,CAMP_01,2023-05-31,Desktop,416,FALSE
SESS_003682,CUST_00477,NULL,2023-09-03,Desktop,901,FALSE
SESS_003683,CUST_00724,CAMP_08,2023-02-22,Mobile,885,TRUE
SESS_003684,CUST_00816,CAMP_03,2023-12-23,Mobile,327,TRUE
SESS_003685,CUST_00216,CAMP_02,2023-09-07,Tablet,838,FALSE
SESS_003686,CUST_00449,NULL,2023-06-28,Tablet,509,FALSE
SESS_003687,CUST_00327,CAMP_07,2023-05-20,Mobile,263,TRUE
SESS_003688,CUST_00479,CAMP_09,2023-03-22,Tablet,96,TRUE
SESS_003689,CUST_00930,NULL,2023-12-30,Tablet,723,FALSE
SESS_003690,CUST_00244,NULL,2023-12-26,Desktop,970,FALSE
SESS_003691,CUST_00689,NULL,2023-12-31,Mobile,791,TRUE
SESS_003692,NULL,NULL,2023-04-30,Tablet,371,FALSE
SESS_003693,NULL,CAMP_10,2023-05-23,Mobile,690,TRUE
SESS_003694,CUST_00936,NULL,2023-10-09,Tablet,29,FALSE
SESS_003695,CUST_00532,NULL,2023-06-20,Mobile,464,FALSE
SESS_003696,CUST_00776,CAMP_09,2023-07-17,Tablet,735,FALSE
SESS_003697,NULL,NULL,2023-08-14,Desktop,717,TRUE
SESS_003698,CUST_00980,NULL,2023-07-11,Desktop,1156,TRUE
SESS_003699,NULL,NULL,2023-04-08,Tablet,1198,TRUE
SESS_003700,CUST_00672,NULL,2023-06-12,Desktop,818,FALSE
SESS_003701,CUST_00026,NULL,2023-11-28,Mobile,690,TRUE
SESS_003702,CUST_00780,CAMP_08,2023-12-22,Tablet,159,TRUE
SESS_003703,NULL,NULL,2023-02-04,Mobile,935,TRUE
SESS_003704,CUST_00343,CAMP_01,2023-12-09,Desktop,1013,FALSE
SESS_003705,CUST_00427,CAMP_07,2023-05-22,Tablet,776,FALSE
SESS_003706,CUST_00442,CAMP_04,2023-03-19,Mobile,266,FALSE
SESS_003707,NULL,CAMP_02,2023-01-02,Desktop,557,TRUE
SESS_003708,CUST_00075,CAMP_09,2023-05-20,Desktop,1142,TRUE
SESS_003709,NULL,CAMP_05,2023-10-11,Tablet,249,TRUE
SESS_003710,NULL,CAMP_10,2023-05-08,Desktop,0,TRUE
SESS_003711,CUST_00607,CAMP_01,2023-06-18,Tablet,1045,TRUE
SESS_003712,NULL,NULL,2023-01-13,Tablet,73,FALSE
SESS_003713,CUST_00050,NULL,2023-12-30,Mobile,703,FALSE
SESS_003714,CUST_00822,CAMP_01,2023-11-21,Mobile,221,TRUE
SESS_003715,CUST_00425,CAMP_07,2023-01-12,Mobile,158,TRUE
SESS_003716,CUST_00986,NULL,2023-08-05,Tablet,300,FALSE
SESS_003717,CUST_00356,CAMP_04,2023-07-23,Mobile,110,TRUE
SESS_003718,CUST_00574,CAMP_05,2023-10-27,Tablet,662,FALSE
SESS_003719,NULL,CAMP_01,2023-05-06,Mobile,166,FALSE
SESS_003720,CUST_00992,CAMP_08,2023-03-03,Mobile,805,TRUE
SESS_003721,CUST_00217,NULL,2023-10-22,Desktop,712,TRUE
SESS_003722,CUST_00772,NULL,2023-11-29,Desktop,0,FALSE
SESS_003723,NULL,CAMP_10,2023-06-15,Mobile,271,TRUE
SESS_003724,CUST_00152,CAMP_09,2023-09-08,Mobile,526,TRUE
SESS_003725,CUST_00686,CAMP_06,2023-07-05,Mobile,519,TRUE
SESS_003726,CUST_00705,NULL,2023-09-16,Mobile,1185,TRUE
SESS_003727,CUST_00378,NULL,2023-05-23,Mobile,975,TRUE
SESS_003728,CUST_00128,CAMP_01,2023-08-10,Desktop,789,FALSE
SESS_003729,CUST_00938,CAMP_03,2023-08-23,Mobile,339,FALSE
SESS_003730,NULL,NULL,2023-06-24,Mobile,525,FALSE
SESS_003731,CUST_00771,CAMP_06,2023-11-22,Mobile,1153,TRUE
SESS_003732,NULL,CAMP_03,2023-09-21,Desktop,185,FALSE
SESS_003733,CUST_00431,NULL,2023-06-01,Tablet,41,TRUE
SESS_003734,NULL,NULL,2023-07-06,Tablet,442,FALSE
SESS_003735,NULL,NULL,2023-02-07,Desktop,449,FALSE
SESS_003736,NULL,CAMP_07,2023-08-28,Desktop,107,FALSE
SESS_003737,CUST_00264,NULL,2023-11-27,Tablet,283,TRUE
SESS_003738,NULL,CAMP_05,2023-01-01,Desktop,476,FALSE
SESS_003739,CUST_00178,NULL,2023-02-13,Tablet,1123,TRUE
SESS_003740,CUST_00660,NULL,2023-05-25,Mobile,277,TRUE
SESS_003741,NULL,NULL,2023-07-04,Mobile,981,FALSE
SESS_003742,NULL,NULL,2023-06-23,Desktop,342,TRUE
SESS_003743,CUST_00353,NULL,2023-02-21,Tablet,1082,FALSE
SESS_003744,CUST_00195,CAMP_10,2023-07-22,Tablet,1099,TRUE
SESS_003745,NULL,CAMP_05,2023-08-25,Tablet,1152,TRUE
SESS_003746,CUST_00771,NULL,2023-07-16,Desktop,505,TRUE
SESS_003747,NULL,CAMP_01,2023-03-18,Tablet,640,FALSE
SESS_003748,CUST_00661,NULL,2023-05-29,Mobile,916,TRUE
SESS_003749,CUST_00780,CAMP_07,2023-04-21,Tablet,853,FALSE
SESS_003750,CUST_00334,CAMP_05,2023-11-23,Tablet,281,FALSE
SESS_003751,CUST_00767,NULL,2023-04-28,Tablet,685,TRUE
SESS_003752,NULL,NULL,2023-09-07,Desktop,870,TRUE
SESS_003753,CUST_00598,NULL,2023-06-30,Tablet,1157,FALSE
SESS_003754,CUST_00088,CAMP_09,2023-11-18,Tablet,319,TRUE
SESS_003755,NULL,CAMP_02,2023-01-12,Desktop,204,FALSE
SESS_003756,CUST_00611,NULL,2023-04-04,Tablet,180,TRUE
SESS_003757,NULL,CAMP_01,2023-10-17,Tablet,819,FALSE
SESS_003758,CUST_00015,CAMP_01,2023-01-01,Tablet,548,FALSE
SESS_003759,CUST_00188,NULL,2023-12-04,Mobile,995,TRUE
SESS_003760,CUST_00738,CAMP_07,2023-08-05,Tablet,268,FALSE
SESS_003761,CUST_00973,CAMP_02,2023-08-22,Desktop,956,FALSE
SESS_003762,CUST_00886,CAMP_04,2023-05-01,Tablet,480,FALSE
SESS_003763,CUST_00496,NULL,2023-04-19,Tablet,271,TRUE
SESS_003764,CUST_00494,NULL,2023-04-16,Tablet,1185,FALSE
SESS_003765,CUST_00449,CAMP_05,2023-01-01,Mobile,982,FALSE
SESS_003766,NULL,CAMP_07,2023-02-13,Tablet,1185,TRUE
SESS_003767,CUST_00403,CAMP_07,2023-11-06,Mobile,564,FALSE
SESS_003768,NULL,NULL,2023-03-29,Tablet,476,FALSE
SESS_003769,CUST_00802,CAMP_01,2023-04-22,Mobile,718,TRUE
SESS_003770,CUST_00148,CAMP_06,2023-09-30,Mobile,782,TRUE
SESS_003771,CUST_00574,CAMP_01,2023-12-05,Mobile,365,TRUE
SESS_003772,NULL,NULL,2023-07-17,Tablet,855,TRUE
SESS_003773,NULL,NULL,2023-05-14,Desktop,424,FALSE
SESS_003774,NULL,CAMP_03,2023-08-14,Tablet,812,TRUE
SESS_003775,CUST_00040,CAMP_02,2023-11-19,Desktop,694,FALSE
SESS_003776,CUST_00064,CAMP_04,2023-07-19,Mobile,246,FALSE
SESS_003777,NULL,NULL,2023-08-17,Desktop,951,FALSE
SESS_003778,CUST_00057,CAMP_09,2023-02-25,Desktop,423,FALSE
SESS_003779,CUST_00705,CAMP_04,2023-11-06,Mobile,752,FALSE
SESS_003780,CUST_00784,CAMP_06,2023-10-25,Tablet,1119,FALSE
SESS_003781,NULL,NULL,2023-09-22,Desktop,80,FALSE
SESS_003782,CUST_00620,NULL,2023-11-04,Desktop,671,FALSE
SESS_003783,NULL,CAMP_10,2023-05-07,Mobile,219,TRUE
SESS_003784,CUST_00483,CAMP_07,2023-01-11,Mobile,136,TRUE
SESS_003785,NULL,NULL,2023-09-04,Desktop,282,TRUE
SESS_003786,NULL,CAMP_06,2023-02-02,Tablet,728,FALSE
SESS_003787,CUST_00929,NULL,2023-10-13,Desktop,325,TRUE
SESS_003788,CUST_00708,CAMP_09,2023-09-09,Tablet,57,FALSE
SESS_003789,NULL,CAMP_03,2023-10-08,Tablet,368,FALSE
SESS_003790,CUST_00148,CAMP_08,2023-09-27,Desktop,1024,FALSE
SESS_003791,CUST_00928,CAMP_07,2023-06-03,Mobile,325,FALSE
SESS_003792,CUST_00423,NULL,2023-07-04,Tablet,74,TRUE
SESS_003793,NULL,CAMP_02,2023-10-09,Tablet,0,TRUE
SESS_003794,CUST_00413,CAMP_06,2023-01-14,Tablet,698,TRUE
SESS_003795,CUST_00112,NULL,2023-11-25,Desktop,866,TRUE
SESS_003796,NULL,NULL,2023-10-29,Mobile,919,TRUE
SESS_003797,CUST_00386,NULL,2023-07-16,Tablet,610,FALSE
SESS_003798,NULL,CAMP_08,2023-05-22,Tablet,1180,FALSE
SESS_003799,CUST_00882,NULL,2023-12-21,Mobile,353,TRUE
SESS_003800,CUST_00186,NULL,2023-05-29,Mobile,1130,TRUE
SESS_003801,CUST_00052,NULL,2023-03-26,Desktop,709,FALSE
SESS_003802,NULL,NULL,2023-08-02,Desktop,984,FALSE
SESS_003803,NULL,NULL,2023-07-01,Desktop,1001,FALSE
SESS_003804,CUST_00586,CAMP_06,2023-10-25,Desktop,1145,FALSE
SESS_003805,CUST_00238,NULL,2023-07-06,Mobile,908,TRUE
SESS_003806,CUST_00307,CAMP_10,2023-12-16,Tablet,714,FALSE
SESS_003807,NULL,NULL,2023-11-20,Desktop,1101,FALSE
SESS_003808,CUST_00400,NULL,2023-08-11,Mobile,1161,TRUE
SESS_003809,CUST_00495,NULL,2023-08-13,Tablet,328,TRUE
SESS_003810,CUST_00456,NULL,2023-02-07,Desktop,171,TRUE
SESS_003811,CUST_00383,NULL,2023-12-09,Desktop,457,TRUE
SESS_003812,NULL,CAMP_01,2023-06-15,Desktop,30,TRUE
SESS_003813,CUST_00389,NULL,2023-07-06,Tablet,71,TRUE
SESS_003814,NULL,NULL,2023-04-05,Tablet,842,FALSE
SESS_003815,NULL,NULL,2023-11-09,Mobile,510,FALSE
SESS_003816,CUST_00208,NULL,2023-04-10,Tablet,759,TRUE
SESS_003817,CUST_00021,CAMP_03,2023-09-15,Mobile,250,TRUE
SESS_003818,CUST_00501,CAMP_06,2023-11-21,Mobile,1037,FALSE
SESS_003819,CUST_00195,NULL,2023-08-06,Mobile,102,FALSE
SESS_003820,CUST_00833,CAMP_04,2023-08-12,Mobile,848,TRUE
SESS_003821,CUST_00516,CAMP_06,2023-01-06,Desktop,603,TRUE
SESS_003822,CUST_00144,CAMP_03,2023-11-09,Tablet,0,FALSE
SESS_003823,CUST_00728,NULL,2023-03-17,Mobile,733,TRUE
SESS_003824,NULL,NULL,2023-06-20,Desktop,628,FALSE
SESS_003825,CUST_00070,NULL,2023-06-13,Mobile,1133,FALSE
SESS_003826,NULL,CAMP_06,2023-10-11,Desktop,0,TRUE
SESS_003827,CUST_00312,NULL,2023-06-18,Tablet,650,TRUE
SESS_003828,CUST_00760,NULL,2023-11-13,Tablet,982,TRUE
SESS_003829,CUST_00035,CAMP_01,2023-06-28,Desktop,393,FALSE
SESS_003830,CUST_00067,CAMP_09,2023-02-24,Tablet,799,TRUE
SESS_003831,CUST_00188,NULL,2023-09-24,Tablet,464,TRUE
SESS_003832,CUST_00115,NULL,2023-10-21,Mobile,640,FALSE
SESS_003833,NULL,CAMP_07,2023-12-19,Mobile,1164,TRUE
SESS_003834,CUST_00035,NULL,2023-05-14,Tablet,1032,TRUE
SESS_003835,CUST_00434,NULL,2023-04-12,Desktop,813,TRUE
SESS_003836,CUST_00487,NULL,2023-06-29,Desktop,733,TRUE
SESS_003837,NULL,CAMP_06,2023-11-24,Tablet,910,TRUE
SESS_003838,CUST_00301,NULL,2023-06-18,Tablet,1096,TRUE
SESS_003839,NULL,CAMP_06,2023-06-16,Desktop,921,TRUE
SESS_003840,NULL,NULL,2023-08-30,Tablet,0,TRUE
SESS_003841,CUST_00017,CAMP_02,2023-07-09,Desktop,961,TRUE
SESS_003842,CUST_00120,NULL,2023-01-08,Desktop,248,TRUE
SESS_003843,NULL,CAMP_07,2023-08-12,Desktop,0,TRUE
SESS_003844,CUST_00671,NULL,2023-01-22,Desktop,643,FALSE
SESS_003845,CUST_00142,NULL,2023-09-02,Desktop,836,FALSE
SESS_003846,NULL,CAMP_05,2023-11-07,Tablet,500,FALSE
SESS_003847,CUST_00918,CAMP_09,2023-01-21,Tablet,466,TRUE
SESS_003848,NULL,NULL,2023-03-13,Mobile,628,FALSE
SESS_003849,NULL,NULL,2023-04-24,Mobile,720,TRUE
SESS_003850,CUST_00684,NULL,2023-05-20,Tablet,838,TRUE
SESS_003851,NULL,NULL,2023-01-18,Tablet,736,FALSE
SESS_003852,CUST_00280,CAMP_09,2023-10-06,Tablet,859,TRUE
SESS_003853,NULL,NULL,2023-10-22,Mobile,229,TRUE
SESS_003854,CUST_00459,NULL,2023-09-12,Desktop,1031,FALSE
SESS_003855,CUST_00933,CAMP_04,2023-01-10,Mobile,1122,FALSE
SESS_003856,NULL,NULL,2023-01-28,Desktop,785,FALSE
SESS_003857,CUST_00158,NULL,2023-04-29,Desktop,322,TRUE
SESS_003858,NULL,NULL,2023-09-14,Mobile,813,TRUE
SESS_003859,CUST_00511,CAMP_10,2023-06-08,Mobile,578,FALSE
SESS_003860,CUST_00518,CAMP_08,2023-03-03,Mobile,479,TRUE
SESS_003861,CUST_00097,CAMP_01,2023-05-23,Mobile,788,TRUE
SESS_003862,CUST_00789,NULL,2023-02-14,Mobile,686,TRUE
SESS_003863,CUST_00441,NULL,2023-06-26,Tablet,1029,FALSE
SESS_003864,CUST_00293,CAMP_06,2023-05-12,Desktop,1179,FALSE
SESS_003865,CUST_00838,NULL,2023-01-23,Tablet,1041,TRUE
SESS_003866,CUST_00831,CAMP_04,2023-08-16,Mobile,808,TRUE
SESS_003867,CUST_00837,NULL,2023-08-02,Desktop,1000,TRUE
SESS_003868,CUST_00866,CAMP_05,2023-01-02,Mobile,896,FALSE
SESS_003869,NULL,NULL,2023-06-24,Mobile,181,FALSE
SESS_003870,CUST_00852,NULL,2023-10-01,Tablet,256,TRUE
SESS_003871,CUST_00590,CAMP_05,2023-03-09,Tablet,746,TRUE
SESS_003872,NULL,NULL,2023-10-05,Desktop,131,TRUE
SESS_003873,CUST_00714,NULL,2023-03-22,Mobile,152,TRUE
SESS_003874,NULL,CAMP_10,2023-04-19,Mobile,1089,FALSE
SESS_003875,NULL,NULL,2023-08-20,Mobile,504,FALSE
SESS_003876,CUST_00739,NULL,2023-05-30,Mobile,692,TRUE
SESS_003877,CUST_00865,NULL,2023-07-17,Desktop,919,TRUE
SESS_003878,CUST_00155,CAMP_05,2023-05-18,Desktop,402,FALSE
SESS_003879,CUST_00907,NULL,2023-07-26,Mobile,1038,TRUE
SESS_003880,CUST_00339,NULL,2023-11-29,Mobile,904,FALSE
SESS_003881,NULL,NULL,2023-03-05,Tablet,427,TRUE
SESS_003882,NULL,NULL,2023-01-22,Mobile,1140,FALSE
SESS_003883,NULL,NULL,2023-12-07,Tablet,201,FALSE
SESS_003884,NULL,CAMP_03,2023-05-08,Mobile,281,TRUE
SESS_003885,NULL,CAMP_10,2023-11-26,Tablet,402,FALSE
SESS_003886,CUST_00577,NULL,2023-02-18,Tablet,997,TRUE
SESS_003887,CUST_00087,NULL,2023-07-13,Mobile,30,FALSE
SESS_003888,CUST_00362,NULL,2023-07-23,Desktop,294,FALSE
SESS_003889,CUST_00319,CAMP_08,2023-10-10,Tablet,274,TRUE
SESS_003890,NULL,CAMP_03,2023-08-07,Tablet,208,TRUE
SESS_003891,NULL,NULL,2023-02-03,Desktop,1089,FALSE
SESS_003892,CUST_00912,CAMP_01,2023-07-22,Mobile,1077,TRUE
SESS_003893,CUST_00363,NULL,2023-08-05,Desktop,815,TRUE
SESS_003894,NULL,CAMP_07,2023-10-13,Tablet,0,FALSE
SESS_003895,CUST_00201,NULL,2023-12-18,Mobile,174,TRUE
SESS_003896,NULL,CAMP_10,2023-03-21,Desktop,111,FALSE
SESS_003897,CUST_00408,CAMP_08,2023-01-04,Tablet,368,FALSE
SESS_003898,NULL,CAMP_08,2023-11-16,Desktop,1099,TRUE
SESS_003899,NULL,NULL,2023-09-30,Desktop,681,FALSE
SESS_003900,NULL,CAMP_03,2023-06-17,Tablet,81,FALSE
SESS_003901,NULL,CAMP_05,2023-09-08,Tablet,602,TRUE
SESS_003902,CUST_00319,NULL,2023-05-18,Mobile,1123,FALSE
SESS_003903,CUST_00588,NULL,2023-05-19,Mobile,448,TRUE
SESS_003904,NULL,CAMP_06,2023-11-23,Tablet,753,TRUE
SESS_003905,CUST_00553,NULL,2023-01-20,Desktop,1028,TRUE
SESS_003906,CUST_00750,NULL,2023-08-16,Mobile,199,FALSE
SESS_003907,CUST_00602,CAMP_01,2023-05-25,Mobile,434,TRUE
SESS_003908,CUST_00595,NULL,2023-01-10,Desktop,104,TRUE
SESS_003909,CUST_00694,NULL,2023-04-17,Tablet,37,FALSE
SESS_003910,NULL,NULL,2023-07-16,Desktop,1166,FALSE
SESS_003911,NULL,CAMP_07,2023-04-27,Mobile,244,TRUE
SESS_003912,CUST_00195,NULL,2023-02-02,Mobile,180,TRUE
SESS_003913,NULL,NULL,2023-05-09,Desktop,689,FALSE
SESS_003914,CUST_00030,CAMP_10,2023-12-30,Desktop,16,TRUE
SESS_003915,CUST_00452,CAMP_04,2023-11-23,Tablet,327,TRUE
SESS_003916,CUST_00090,NULL,2023-08-10,Mobile,745,FALSE
SESS_003917,CUST_00154,CAMP_09,2023-07-12,Mobile,205,FALSE
SESS_003918,CUST_00173,NULL,2023-03-27,Mobile,755,TRUE
SESS_003919,NULL,NULL,2023-01-23,Tablet,969,FALSE
SESS_003920,NULL,NULL,2023-12-16,Desktop,1015,TRUE
SESS_003921,NULL,CAMP_06,2023-09-27,Mobile,1075,TRUE
SESS_003922,CUST_00732,NULL,2023-10-11,Mobile,207,TRUE
SESS_003923,NULL,NULL,2023-05-15,Desktop,326,TRUE
SESS_003924,CUST_00909,NULL,2023-08-02,Mobile,449,FALSE
SESS_003925,CUST_00946,CAMP_05,2023-02-17,Desktop,6,TRUE
SESS_003926,CUST_00967,NULL,2023-01-28,Desktop,725,FALSE
SESS_003927,NULL,CAMP_02,2023-09-10,Mobile,187,FALSE
SESS_003928,CUST_00038,NULL,2023-12-11,Mobile,930,TRUE
SESS_003929,CUST_00535,CAMP_02,2023-08-21,Mobile,65,FALSE
SESS_003930,CUST_00367,CAMP_07,2023-05-13,Desktop,67,FALSE
SESS_003931,CUST_00933,NULL,2023-03-08,Mobile,122,TRUE
SESS_003932,CUST_00153,CAMP_02,2023-03-04,Mobile,578,FALSE
SESS_003933,CUST_00677,CAMP_02,2023-03-04,Tablet,973,FALSE
SESS_003934,CUST_00148,NULL,2023-09-28,Mobile,264,FALSE
SESS_003935,CUST_00904,NULL,2023-02-07,Desktop,870,TRUE
SESS_003936,NULL,CAMP_10,2023-06-28,Desktop,697,FALSE
SESS_003937,CUST_00327,NULL,2023-09-11,Tablet,874,FALSE
SESS_003938,NULL,NULL,2023-05-19,Desktop,269,TRUE
SESS_003939,CUST_00662,CAMP_02,2023-02-19,Tablet,441,FALSE
SESS_003940,NULL,NULL,2023-12-12,Tablet,875,FALSE
SESS_003941,NULL,CAMP_08,2023-10-06,Desktop,98,TRUE
SESS_003942,CUST_00768,NULL,2023-07-12,Desktop,233,FALSE
SESS_003943,CUST_00281,NULL,2023-12-11,Tablet,574,FALSE
SESS_003944,NULL,NULL,2023-04-25,Tablet,965,FALSE
SESS_003945,NULL,CAMP_09,2023-07-04,Mobile,748,FALSE
SESS_003946,CUST_00884,NULL,2023-05-11,Desktop,0,FALSE
SESS_003947,NULL,NULL,2023-07-23,Desktop,1177,TRUE
SESS_003948,CUST_00368,NULL,2023-01-11,Tablet,730,TRUE
SESS_003949,NULL,NULL,2023-05-17,Mobile,318,FALSE
SESS_003950,CUST_00759,CAMP_10,2023-11-22,Mobile,594,TRUE
SESS_003951,NULL,NULL,2023-05-18,Desktop,785,FALSE
SESS_003952,CUST_00627,NULL,2023-09-30,Tablet,115,TRUE
SESS_003953,CUST_00154,CAMP_02,2023-08-24,Desktop,685,FALSE
SESS_003954,CUST_00902,NULL,2023-05-04,Desktop,384,FALSE
SESS_003955,CUST_00845,CAMP_04,2023-09-23,Tablet,883,FALSE
SESS_003956,CUST_00981,CAMP_02,2023-04-08,Tablet,362,FALSE
SESS_003957,NULL,NULL,2023-09-09,Mobile,1008,TRUE
SESS_003958,CUST_00317,CAMP_01,2023-11-08,Tablet,384,FALSE
SESS_003959,NULL,NULL,2023-09-18,Mobile,139,FALSE
SESS_003960,CUST_00881,CAMP_10,2023-03-11,Tablet,680,FALSE
SESS_003961,CUST_00003,CAMP_10,2023-07-06,Tablet,1126,FALSE
SESS_003962,CUST_00405,NULL,2023-04-04,Mobile,436,FALSE
SESS_003963,NULL,CAMP_02,2023-08-05,Tablet,151,FALSE
SESS_003964,CUST_00105,CAMP_02,2023-05-03,Tablet,0,TRUE
SESS_003965,NULL,CAMP_01,2023-04-02,Tablet,834,TRUE
SESS_003966,CUST_00833,NULL,2023-02-23,Mobile,437,FALSE
SESS_003967,NULL,NULL,2023-01-18,Desktop,996,TRUE
SESS_003968,CUST_00881,CAMP_01,2023-10-22,Tablet,429,FALSE
SESS_003969,CUST_00540,CAMP_09,2023-08-14,Desktop,425,FALSE
SESS_003970,CUST_00115,NULL,2023-10-11,Mobile,292,TRUE
SESS_003971,CUST_00830,CAMP_08,2023-02-04,Tablet,223,FALSE
SESS_003972,CUST_00309,NULL,2023-11-03,Desktop,1150,TRUE
SESS_003973,NULL,NULL,2023-05-23,Tablet,901,TRUE
SESS_003974,NULL,NULL,2023-04-17,Mobile,130,FALSE
SESS_003975,NULL,CAMP_06,2023-06-07,Desktop,905,TRUE
SESS_003976,NULL,CAMP_06,2023-06-14,Tablet,1044,TRUE
SESS_003977,CUST_00104,CAMP_09,2023-01-15,Tablet,1142,FALSE
SESS_003978,NULL,CAMP_01,2023-03-11,Tablet,1100,TRUE
SESS_003979,CUST_00985,NULL,2023-09-06,Tablet,730,TRUE
SESS_003980,CUST_00302,NULL,2023-05-01,Mobile,0,FALSE
SESS_003981,CUST_00914,NULL,2023-11-27,Tablet,827,TRUE
SESS_003982,NULL,CAMP_02,2023-08-09,Tablet,196,TRUE
SESS_003983,CUST_00762,NULL,2023-11-01,Mobile,1008,FALSE
SESS_003984,NULL,NULL,2023-09-07,Mobile,0,FALSE
SESS_003985,CUST_00647,CAMP_01,2023-08-01,Desktop,1107,TRUE
SESS_003986,NULL,CAMP_09,2023-03-08,Desktop,981,FALSE
SESS_003987,CUST_00460,CAMP_05,2023-03-07,Tablet,888,FALSE
SESS_003988,NULL,CAMP_06,2023-02-01,Mobile,677,TRUE
SESS_003989,NULL,CAMP_04,2023-07-16,Mobile,250,FALSE
SESS_003990,CUST_00766,CAMP_10,2023-06-26,Mobile,1128,TRUE
SESS_003991,CUST_00322,CAMP_06,2023-01-06,Desktop,207,FALSE
SESS_003992,CUST_00820,CAMP_05,2023-05-23,Tablet,896,FALSE
SESS_003993,CUST_00552,CAMP_08,2023-05-15,Tablet,384,TRUE
SESS_003994,CUST_00652,NULL,2023-02-13,Tablet,672,TRUE
SESS_003995,NULL,CAMP_01,2023-03-01,Tablet,811,TRUE
SESS_003996,CUST_00696,NULL,2023-01-13,Desktop,463,TRUE
SESS_003997,CUST_00035,NULL,2023-11-19,Desktop,111,TRUE
SESS_003998,NULL,NULL,2023-05-20,Mobile,740,TRUE
SESS_003999,NULL,CAMP_01,2023-01-12,Tablet,849,TRUE
SESS_004000,CUST_00542,CAMP_05,2023-10-02,Mobile,723,TRUE
SESS_004001,CUST_00565,CAMP_03,2023-05-25,Mobile,875,TRUE
SESS_004002,NULL,NULL,2023-01-21,Tablet,968,TRUE
SESS_004003,CUST_00115,NULL,2023-02-24,Mobile,727,TRUE
SESS_004004,CUST_00121,NULL,2023-06-18,Desktop,51,TRUE
SESS_004005,CUST_00859,CAMP_02,2023-09-12,Tablet,150,FALSE
SESS_004006,CUST_00496,CAMP_07,2023-04-07,Desktop,86,FALSE
SESS_004007,CUST_00125,CAMP_07,2023-08-30,Desktop,337,TRUE
SESS_004008,CUST_00261,CAMP_05,2023-07-14,Desktop,863,FALSE
SESS_004009,CUST_00925,CAMP_05,2023-12-16,Tablet,177,FALSE
SESS_004010,CUST_00792,NULL,2023-02-15,Mobile,914,FALSE
SESS_004011,CUST_00286,CAMP_10,2023-12-30,Mobile,1189,TRUE
SESS_004012,NULL,CAMP_05,2023-09-29,Desktop,0,FALSE
SESS_004013,CUST_00348,CAMP_09,2023-05-11,Mobile,485,FALSE
SESS_004014,CUST_00297,CAMP_09,2023-09-11,Desktop,42,FALSE
SESS_004015,CUST_00683,CAMP_08,2023-08-03,Tablet,1176,TRUE
SESS_004016,NULL,NULL,2023-03-17,Tablet,233,FALSE
SESS_004017,NULL,NULL,2023-10-03,Desktop,919,FALSE
SESS_004018,CUST_00711,CAMP_01,2023-12-21,Desktop,172,TRUE
SESS_004019,NULL,CAMP_03,2023-06-25,Desktop,436,TRUE
SESS_004020,CUST_00951,CAMP_09,2023-07-01,Mobile,921,FALSE
SESS_004021,CUST_00669,NULL,2023-04-19,Tablet,856,TRUE
SESS_004022,CUST_00489,CAMP_02,2023-05-20,Desktop,732,FALSE
SESS_004023,CUST_00057,NULL,2023-07-06,Tablet,42,TRUE
SESS_004024,NULL,NULL,2023-11-24,Desktop,1107,FALSE
SESS_004025,CUST_00646,NULL,2023-05-13,Tablet,1130,TRUE
SESS_004026,CUST_00671,NULL,2023-12-11,Mobile,436,TRUE
SESS_004027,CUST_00004,CAMP_06,2023-01-14,Desktop,704,FALSE
SESS_004028,CUST_00482,CAMP_08,2023-03-08,Desktop,297,FALSE
SESS_004029,CUST_00570,NULL,2023-10-12,Desktop,563,FALSE
SESS_004030,CUST_00437,CAMP_01,2023-05-01,Mobile,872,FALSE
SESS_004031,NULL,NULL,2023-12-15,Tablet,546,TRUE
SESS_004032,CUST_00824,CAMP_04,2023-12-21,Tablet,99,FALSE
SESS_004033,CUST_00443,NULL,2023-09-02,Mobile,961,TRUE
SESS_004034,CUST_00431,CAMP_10,2023-02-03,Desktop,233,FALSE
SESS_004035,CUST_00023,CAMP_08,2023-03-30,Tablet,365,TRUE
SESS_004036,NULL,NULL,2023-09-01,Desktop,131,FALSE
SESS_004037,NULL,CAMP_01,2023-09-26,Desktop,407,TRUE
SESS_004038,CUST_00594,NULL,2023-04-17,Mobile,618,FALSE
SESS_004039,CUST_00734,NULL,2023-05-23,Desktop,0,FALSE
SESS_004040,CUST_00592,CAMP_10,2023-11-10,Desktop,246,TRUE
SESS_004041,CUST_00270,NULL,2023-02-04,Desktop,1115,TRUE
SESS_004042,CUST_00270,NULL,2023-07-02,Desktop,719,FALSE
SESS_004043,NULL,NULL,2023-04-29,Desktop,126,FALSE
SESS_004044,CUST_00697,NULL,2023-10-24,Tablet,320,TRUE
SESS_004045,CUST_00572,CAMP_08,2023-07-02,Tablet,592,TRUE
SESS_004046,CUST_00486,CAMP_04,2023-06-06,Tablet,1131,FALSE
SESS_004047,NULL,CAMP_03,2023-08-18,Mobile,284,FALSE
SESS_004048,CUST_00834,NULL,2023-03-23,Tablet,100,FALSE
SESS_004049,NULL,NULL,2023-11-07,Mobile,574,TRUE
SESS_004050,CUST_00720,CAMP_08,2023-03-15,Mobile,1148,FALSE
SESS_004051,CUST_00247,CAMP_09,2023-10-19,Tablet,167,FALSE
SESS_004052,CUST_00519,NULL,2023-05-12,Mobile,1107,TRUE
SESS_004053,NULL,NULL,2023-12-27,Mobile,777,FALSE
SESS_004054,CUST_00855,CAMP_02,2023-06-12,Mobile,456,FALSE
SESS_004055,NULL,NULL,2023-02-09,Tablet,21,TRUE
SESS_004056,NULL,CAMP_05,2023-05-08,Tablet,513,FALSE
SESS_004057,CUST_00449,CAMP_02,2023-05-30,Desktop,815,TRUE
SESS_004058,NULL,NULL,2023-04-18,Desktop,167,TRUE
SESS_004059,CUST_00379,NULL,2023-04-26,Desktop,453,FALSE
SESS_004060,CUST_00068,CAMP_08,2023-05-21,Desktop,395,TRUE
SESS_004061,CUST_00029,CAMP_04,2023-01-04,Mobile,217,FALSE
SESS_004062,NULL,NULL,2023-11-01,Mobile,95,TRUE
SESS_004063,NULL,CAMP_05,2023-10-17,Mobile,852,TRUE
SESS_004064,CUST_00162,CAMP_03,2023-12-13,Tablet,36,FALSE
SESS_004065,CUST_00343,NULL,2023-12-21,Desktop,878,FALSE
SESS_004066,CUST_00088,CAMP_05,2023-05-08,Tablet,1116,FALSE
SESS_004067,NULL,CAMP_01,2023-01-17,Tablet,699,FALSE
SESS_004068,NULL,NULL,2023-02-27,Desktop,676,FALSE
SESS_004069,CUST_00851,CAMP_08,2023-07-27,Desktop,395,TRUE
SESS_004070,CUST_00775,NULL,2023-09-06,Desktop,900,TRUE
SESS_004071,CUST_00863,CAMP_07,2023-03-18,Tablet,972,FALSE
SESS_004072,NULL,NULL,2023-05-14,Desktop,797,FALSE
SESS_004073,CUST_00425,CAMP_08,2023-06-22,Tablet,221,FALSE
SESS_004074,NULL,NULL,2023-10-15,Desktop,203,TRUE
SESS_004075,NULL,NULL,2023-09-13,Tablet,681,TRUE
SESS_004076,NULL,NULL,2023-10-08,Mobile,672,FALSE
SESS_004077,NULL,CAMP_05,2023-03-12,Desktop,538,FALSE
SESS_004078,CUST_00020,CAMP_01,2023-12-25,Tablet,94,FALSE
SESS_004079,CUST_00525,CAMP_03,2023-07-30,Desktop,521,FALSE
SESS_004080,NULL,NULL,2023-02-02,Mobile,1158,FALSE
SESS_004081,CUST_00950,NULL,2023-07-15,Tablet,1108,TRUE
SESS_004082,CUST_00080,CAMP_04,2023-08-07,Tablet,1186,FALSE
SESS_004083,CUST_00667,CAMP_07,2023-07-30,Tablet,219,TRUE
SESS_004084,CUST_00803,NULL,2023-01-20,Desktop,1017,FALSE
SESS_004085,CUST_00985,NULL,2023-10-02,Desktop,16,TRUE
SESS_004086,NULL,CAMP_06,2023-07-05,Mobile,899,FALSE
SESS_004087,CUST_00047,NULL,2023-09-07,Mobile,194,FALSE
SESS_004088,CUST_00239,NULL,2023-03-02,Tablet,1084,FALSE
SESS_004089,CUST_00155,NULL,2023-03-23,Mobile,366,TRUE
SESS_004090,NULL,NULL,2023-08-26,Tablet,116,TRUE
SESS_004091,NULL,CAMP_06,2023-10-31,Desktop,553,FALSE
SESS_004092,CUST_00401,CAMP_09,2023-10-04,Desktop,190,TRUE
SESS_004093,CUST_00817,NULL,2023-09-30,Mobile,0,TRUE
SESS_004094,CUST_00153,NULL,2023-12-03,Desktop,148,FALSE
SESS_004095,CUST_00753,CAMP_04,2023-08-23,Desktop,468,TRUE
SESS_004096,CUST_00905,CAMP_06,2023-03-05,Mobile,902,FALSE
SESS_004097,CUST_00156,CAMP_07,2023-06-27,Desktop,817,FALSE
SESS_004098,CUST_00056,NULL,2023-07-04,Mobile,774,FALSE
SESS_004099,CUST_00634,NULL,2023-06-17,Tablet,741,TRUE
SESS_004100,CUST_00275,NULL,2023-08-13,Desktop,953,FALSE
SESS_004101,CUST_00510,CAMP_09,2023-04-13,Tablet,593,TRUE
SESS_004102,CUST_00448,NULL,2023-10-04,Tablet,1060,FALSE
SESS_004103,CUST_00774,CAMP_10,2023-04-29,Desktop,16,FALSE
SESS_004104,CUST_00857,CAMP_07,2023-01-01,Tablet,1097,FALSE
SESS_004105,CUST_00040,NULL,2023-10-17,Tablet,506,TRUE
SESS_004106,NULL,NULL,2023-11-09,Desktop,649,TRUE
SESS_004107,NULL,NULL,2023-09-08,Tablet,1089,FALSE
SESS_004108,CUST_00378,NULL,2023-04-07,Desktop,102,TRUE
SESS_004109,CUST_00122,CAMP_09,2023-06-17,Mobile,677,TRUE
SESS_004110,CUST_00001,CAMP_03,2023-09-06,Tablet,54,TRUE
SESS_004111,CUST_00003,NULL,2023-06-26,Tablet,463,FALSE
SESS_004112,CUST_00370,NULL,2023-07-09,Desktop,244,FALSE
SESS_004113,NULL,CAMP_09,2023-09-19,Mobile,202,TRUE
SESS_004114,NULL,CAMP_10,2023-12-21,Desktop,1091,TRUE
SESS_004115,CUST_00095,CAMP_02,2023-03-07,Desktop,11,TRUE
SESS_004116,CUST_00753,CAMP_02,2023-06-19,Mobile,1193,FALSE
SESS_004117,CUST_00158,NULL,2023-12-25,Desktop,302,TRUE
SESS_004118,CUST_00598,NULL,2023-04-26,Desktop,958,TRUE
SESS_004119,CUST_00691,NULL,2023-04-15,Desktop,104,FALSE
SESS_004120,NULL,CAMP_08,2023-02-11,Mobile,622,FALSE
SESS_004121,CUST_00625,CAMP_10,2023-02-14,Mobile,645,TRUE
SESS_004122,NULL,NULL,2023-10-24,Tablet,393,FALSE
SESS_004123,CUST_00710,NULL,2023-12-03,Tablet,650,TRUE
SESS_004124,CUST_00431,CAMP_02,2023-07-08,Desktop,1117,TRUE
SESS_004125,CUST_00239,CAMP_02,2023-10-01,Mobile,1132,FALSE
SESS_004126,NULL,CAMP_01,2023-03-07,Mobile,21,FALSE
SESS_004127,NULL,NULL,2023-09-23,Desktop,495,TRUE
SESS_004128,CUST_00333,NULL,2024-01-01,Tablet,319,TRUE
SESS_004129,CUST_00252,CAMP_09,2023-08-11,Mobile,883,FALSE
SESS_004130,CUST_00399,NULL,2023-03-24,Mobile,649,FALSE
SESS_004131,CUST_00208,NULL,2023-01-15,Tablet,425,TRUE
SESS_004132,NULL,CAMP_09,2023-03-17,Mobile,0,FALSE
SESS_004133,NULL,CAMP_10,2023-10-05,Mobile,608,FALSE
SESS_004134,CUST_00102,CAMP_07,2023-03-12,Desktop,11,FALSE
SESS_004135,CUST_00424,CAMP_07,2023-08-24,Desktop,361,FALSE
SESS_004136,CUST_00588,NULL,2023-01-08,Mobile,822,TRUE
SESS_004137,NULL,CAMP_08,2023-10-29,Desktop,643,FALSE
SESS_004138,CUST_00273,NULL,2023-09-15,Desktop,869,FALSE
SESS_004139,CUST_00161,CAMP_02,2023-12-07,Desktop,939,FALSE
SESS_004140,NULL,CAMP_09,2023-04-19,Tablet,1149,TRUE
SESS_004141,CUST_00265,NULL,2023-09-29,Mobile,1133,TRUE
SESS_004142,CUST_00547,NULL,2023-05-11,Mobile,656,FALSE
SESS_004143,CUST_00650,NULL,2023-01-31,Mobile,209,TRUE
SESS_004144,CUST_00433,CAMP_07,2023-06-02,Desktop,660,TRUE
SESS_004145,CUST_00701,NULL,2023-11-24,Desktop,1092,FALSE
SESS_004146,NULL,CAMP_06,2023-12-28,Mobile,903,TRUE
SESS_004147,CUST_00024,NULL,2023-02-11,Tablet,660,TRUE
SESS_004148,NULL,CAMP_04,2024-01-01,Desktop,586,TRUE
SESS_004149,CUST_00685,NULL,2023-03-12,Tablet,989,FALSE
SESS_004150,NULL,NULL,2023-02-26,Mobile,1120,TRUE
SESS_004151,CUST_00885,CAMP_07,2023-08-11,Mobile,70,FALSE
SESS_004152,CUST_00733,CAMP_05,2023-01-07,Desktop,685,FALSE
SESS_004153,NULL,CAMP_08,2023-09-19,Tablet,653,FALSE
SESS_004154,CUST_00352,CAMP_05,2023-03-18,Tablet,689,FALSE
SESS_004155,NULL,NULL,2023-11-07,Desktop,953,FALSE
SESS_004156,CUST_00278,NULL,2023-12-08,Desktop,207,TRUE
SESS_004157,NULL,NULL,2023-04-30,Desktop,838,FALSE
SESS_004158,CUST_00823,NULL,2023-10-02,Tablet,1079,FALSE
SESS_004159,CUST_00434,CAMP_07,2023-04-06,Desktop,849,TRUE
SESS_004160,NULL,NULL,2023-09-12,Tablet,1140,FALSE
SESS_004161,CUST_00949,NULL,2023-06-06,Desktop,334,FALSE
SESS_004162,CUST_00664,NULL,2023-01-27,Tablet,163,TRUE
SESS_004163,CUST_00652,CAMP_10,2023-08-11,Desktop,0,TRUE
SESS_004164,NULL,CAMP_07,2023-07-20,Tablet,666,FALSE
SESS_004165,NULL,NULL,2023-08-31,Desktop,555,FALSE
SESS_004166,CUST_00745,NULL,2023-11-30,Tablet,0,FALSE
SESS_004167,CUST_00842,CAMP_06,2023-12-07,Tablet,1131,FALSE
SESS_004168,CUST_00845,NULL,2023-09-13,Mobile,328,TRUE
SESS_004169,CUST_00923,NULL,2023-02-24,Desktop,921,FALSE
SESS_004170,CUST_00930,NULL,2023-03-02,Mobile,195,TRUE
SESS_004171,CUST_00367,NULL,2023-01-12,Mobile,557,FALSE
SESS_004172,CUST_00264,NULL,2023-10-22,Tablet,632,FALSE
SESS_004173,CUST_00690,CAMP_06,2023-02-01,Tablet,399,FALSE
SESS_004174,CUST_00082,NULL,2023-07-30,Desktop,326,TRUE
SESS_004175,NULL,CAMP_09,2023-10-03,Tablet,1025,TRUE
SESS_004176,CUST_00325,CAMP_03,2023-01-31,Tablet,147,FALSE
SESS_004177,CUST_00988,CAMP_03,2023-04-27,Desktop,207,FALSE
SESS_004178,NULL,CAMP_04,2023-11-18,Mobile,1018,FALSE
SESS_004179,CUST_00233,NULL,2023-03-16,Desktop,638,FALSE
SESS_004180,CUST_00938,NULL,2023-11-26,Tablet,583,FALSE
SESS_004181,CUST_00133,NULL,2023-11-22,Mobile,566,FALSE
SESS_004182,CUST_00217,CAMP_05,2023-02-22,Desktop,25,FALSE
SESS_004183,CUST_00023,NULL,2023-10-21,Mobile,1149,TRUE
SESS_004184,CUST_00593,CAMP_02,2023-07-14,Tablet,536,FALSE
SESS_004185,CUST_00519,NULL,2023-11-06,Mobile,108,FALSE
SESS_004186,NULL,CAMP_01,2023-06-25,Tablet,749,TRUE
SESS_004187,CUST_00869,CAMP_05,2023-04-28,Tablet,723,TRUE
SESS_004188,CUST_00790,NULL,2023-04-15,Tablet,568,FALSE
SESS_004189,NULL,CAMP_07,2023-11-30,Mobile,150,TRUE
SESS_004190,CUST_00300,NULL,2023-08-19,Desktop,556,FALSE
SESS_004191,CUST_00708,CAMP_02,2023-03-21,Desktop,339,TRUE
SESS_004192,NULL,NULL,2023-03-19,Desktop,1051,FALSE
SESS_004193,CUST_00518,CAMP_08,2023-11-22,Mobile,111,TRUE
SESS_004194,CUST_00637,NULL,2023-11-27,Tablet,45,FALSE
SESS_004195,CUST_00190,NULL,2023-04-02,Tablet,419,FALSE
SESS_004196,NULL,CAMP_10,2023-09-26,Desktop,0,TRUE
SESS_004197,CUST_00811,CAMP_04,2023-08-14,Desktop,1064,FALSE
SESS_004198,CUST_00668,NULL,2023-10-29,Desktop,895,TRUE
SESS_004199,CUST_00831,CAMP_06,2023-05-22,Tablet,225,TRUE
SESS_004200,CUST_00520,CAMP_08,2023-10-19,Mobile,1084,FALSE
SESS_004201,CUST_00104,NULL,2023-06-30,Desktop,651,FALSE
SESS_004202,CUST_00291,NULL,2023-10-06,Tablet,1016,TRUE
SESS_004203,CUST_00198,CAMP_02,2023-11-28,Mobile,1180,FALSE
SESS_004204,NULL,NULL,2023-09-11,Tablet,789,FALSE
SESS_004205,CUST_00880,NULL,2023-07-04,Tablet,108,TRUE
SESS_004206,CUST_00176,NULL,2023-08-06,Tablet,1158,TRUE
SESS_004207,CUST_00774,CAMP_08,2023-01-29,Desktop,723,TRUE
SESS_004208,NULL,CAMP_01,2023-11-29,Mobile,400,TRUE
SESS_004209,CUST_00909,NULL,2023-07-16,Desktop,431,FALSE
SESS_004210,CUST_00848,CAMP_08,2023-05-27,Tablet,793,TRUE
SESS_004211,CUST_00488,NULL,2023-02-15,Desktop,717,FALSE
SESS_004212,CUST_00138,CAMP_01,2023-08-16,Tablet,918,TRUE
SESS_004213,CUST_00307,NULL,2023-11-08,Tablet,240,FALSE
SESS_004214,NULL,CAMP_10,2023-11-30,Mobile,365,TRUE
SESS_004215,NULL,CAMP_03,2023-09-10,Mobile,157,FALSE
SESS_004216,CUST_00424,CAMP_01,2023-11-28,Mobile,125,TRUE
SESS_004217,NULL,NULL,2023-03-02,Desktop,397,FALSE
SESS_004218,NULL,NULL,2023-07-01,Desktop,220,TRUE
SESS_004219,CUST_00975,CAMP_10,2023-07-28,Mobile,945,TRUE
SESS_004220,CUST_00056,CAMP_04,2023-05-20,Desktop,770,FALSE
SESS_004221,CUST_00381,NULL,2023-07-13,Tablet,627,FALSE
SESS_004222,CUST_00858,CAMP_06,2023-08-23,Mobile,290,TRUE
SESS_004223,NULL,NULL,2023-01-02,Mobile,0,FALSE
SESS_004224,NULL,NULL,2023-11-10,Tablet,877,TRUE
SESS_004225,CUST_00652,NULL,2023-08-03,Desktop,773,FALSE
SESS_004226,NULL,CAMP_01,2023-06-14,Mobile,611,FALSE
SESS_004227,CUST_00072,CAMP_07,2023-03-18,Desktop,419,FALSE
SESS_004228,CUST_00361,CAMP_08,2023-02-27,Desktop,889,TRUE
SESS_004229,NULL,CAMP_08,2023-01-30,Tablet,1185,FALSE
SESS_004230,CUST_00588,CAMP_08,2023-08-15,Desktop,887,TRUE
SESS_004231,CUST_00423,NULL,2023-10-18,Desktop,798,TRUE
SESS_004232,CUST_00848,NULL,2023-03-18,Mobile,1052,FALSE
SESS_004233,CUST_00319,CAMP_08,2023-10-16,Desktop,1046,FALSE
SESS_004234,CUST_00637,NULL,2023-09-29,Tablet,807,FALSE
SESS_004235,CUST_00260,CAMP_03,2023-12-23,Mobile,30,TRUE
SESS_004236,CUST_00067,CAMP_05,2023-09-07,Tablet,1048,FALSE
SESS_004237,CUST_00822,CAMP_07,2023-08-20,Mobile,184,FALSE
SESS_004238,CUST_00535,CAMP_05,2023-01-10,Desktop,331,TRUE
SESS_004239,CUST_00416,NULL,2023-11-08,Tablet,248,FALSE
SESS_004240,CUST_00058,CAMP_03,2023-12-06,Mobile,221,FALSE
SESS_004241,NULL,CAMP_02,2023-04-25,Desktop,133,TRUE
SESS_004242,CUST_00391,CAMP_01,2023-01-14,Tablet,906,FALSE
SESS_004243,CUST_00613,NULL,2023-06-27,Tablet,1123,FALSE
SESS_004244,CUST_00930,NULL,2023-10-14,Desktop,195,TRUE
SESS_004245,CUST_00703,NULL,2023-10-01,Desktop,116,FALSE
SESS_004246,CUST_00052,CAMP_09,2023-02-07,Tablet,636,FALSE
SESS_004247,CUST_00740,NULL,2023-02-22,Mobile,960,TRUE
SESS_004248,NULL,NULL,2023-08-29,Desktop,1145,TRUE
SESS_004249,CUST_00353,CAMP_05,2023-12-14,Desktop,527,FALSE
SESS_004250,CUST_00999,CAMP_08,2023-04-01,Tablet,18,TRUE
SESS_004251,CUST_00765,CAMP_07,2023-02-17,Mobile,716,FALSE
SESS_004252,CUST_00703,NULL,2023-06-05,Tablet,963,TRUE
SESS_004253,CUST_00604,CAMP_06,2023-09-17,Mobile,375,TRUE
SESS_004254,NULL,NULL,2023-07-26,Mobile,439,FALSE
SESS_004255,CUST_00454,CAMP_08,2023-12-24,Mobile,117,FALSE
SESS_004256,NULL,CAMP_04,2023-11-12,Tablet,743,FALSE
SESS_004257,NULL,CAMP_03,2023-02-16,Mobile,1075,TRUE
SESS_004258,CUST_00348,NULL,2023-11-05,Tablet,209,TRUE
SESS_004259,NULL,CAMP_06,2023-07-08,Mobile,326,TRUE
SESS_004260,NULL,CAMP_10,2023-09-11,Mobile,245,TRUE
SESS_004261,NULL,CAMP_04,2023-03-17,Tablet,485,FALSE
SESS_004262,NULL,NULL,2023-09-05,Desktop,890,TRUE
SESS_004263,NULL,NULL,2023-04-25,Tablet,119,FALSE
SESS_004264,NULL,CAMP_06,2023-09-25,Desktop,629,TRUE
SESS_004265,NULL,CAMP_09,2023-03-23,Desktop,781,TRUE
SESS_004266,CUST_00185,CAMP_08,2023-01-12,Mobile,327,TRUE
SESS_004267,CUST_00742,NULL,2023-01-10,Desktop,128,FALSE
SESS_004268,NULL,NULL,2023-04-14,Tablet,174,TRUE
SESS_004269,CUST_00066,NULL,2023-04-12,Mobile,925,FALSE
SESS_004270,CUST_00786,NULL,2023-05-27,Mobile,981,FALSE
SESS_004271,CUST_00714,CAMP_04,2023-09-07,Desktop,489,TRUE
SESS_004272,CUST_00009,CAMP_06,2023-05-08,Desktop,382,FALSE
SESS_004273,CUST_00818,NULL,2023-03-18,Tablet,461,FALSE
SESS_004274,CUST_00339,NULL,2023-07-06,Mobile,1001,TRUE
SESS_004275,CUST_00163,CAMP_07,2023-03-21,Mobile,353,FALSE
SESS_004276,NULL,NULL,2023-07-28,Tablet,555,TRUE
SESS_004277,CUST_00396,NULL,2023-09-23,Desktop,921,FALSE
SESS_004278,NULL,CAMP_10,2023-10-31,Tablet,419,TRUE
SESS_004279,NULL,NULL,2023-09-28,Mobile,1067,TRUE
SESS_004280,CUST_00998,CAMP_07,2023-01-08,Tablet,384,FALSE
SESS_004281,CUST_00109,CAMP_04,2023-08-04,Tablet,395,TRUE
SESS_004282,CUST_00977,CAMP_07,2023-04-01,Tablet,75,TRUE
SESS_004283,NULL,NULL,2023-03-28,Desktop,1087,TRUE
SESS_004284,CUST_00966,CAMP_09,2023-09-23,Mobile,68,TRUE
SESS_004285,CUST_00290,CAMP_03,2023-04-15,Tablet,824,FALSE
SESS_004286,CUST_00520,CAMP_09,2023-12-06,Desktop,591,FALSE
SESS_004287,CUST_00500,NULL,2023-02-27,Mobile,360,FALSE
SESS_004288,CUST_00508,CAMP_04,2023-10-14,Mobile,153,TRUE
SESS_004289,NULL,NULL,2023-09-20,Tablet,497,FALSE
SESS_004290,CUST_00500,NULL,2023-07-12,Desktop,540,TRUE
SESS_004291,CUST_00034,NULL,2023-09-27,Tablet,972,TRUE
SESS_004292,CUST_00710,CAMP_02,2023-03-04,Mobile,796,TRUE
SESS_004293,CUST_00223,NULL,2023-12-18,Mobile,223,TRUE
SESS_004294,CUST_00770,NULL,2023-04-01,Tablet,505,TRUE
SESS_004295,CUST_00565,NULL,2023-02-10,Desktop,655,FALSE
SESS_004296,NULL,CAMP_02,2023-07-15,Tablet,271,FALSE
SESS_004297,NULL,CAMP_02,2023-01-05,Desktop,709,TRUE
SESS_004298,CUST_00846,NULL,2023-11-05,Tablet,375,FALSE
SESS_004299,CUST_00174,NULL,2023-10-06,Tablet,41,TRUE
SESS_004300,NULL,CAMP_09,2023-02-16,Desktop,493,TRUE
SESS_004301,CUST_00397,NULL,2023-12-27,Mobile,830,FALSE
SESS_004302,CUST_00161,NULL,2023-05-25,Tablet,104,TRUE
SESS_004303,NULL,CAMP_04,2023-12-20,Tablet,723,TRUE
SESS_004304,NULL,CAMP_03,2023-08-04,Mobile,0,TRUE
SESS_004305,NULL,CAMP_08,2023-05-06,Desktop,748,TRUE
SESS_004306,NULL,NULL,2023-03-06,Desktop,815,TRUE
SESS_004307,CUST_00847,CAMP_05,2023-01-01,Mobile,638,TRUE
SESS_004308,CUST_00697,NULL,2023-06-22,Mobile,489,FALSE
SESS_004309,NULL,CAMP_06,2023-09-04,Tablet,415,TRUE
SESS_004310,CUST_00020,CAMP_01,2023-10-10,Tablet,213,FALSE
SESS_004311,CUST_00095,CAMP_07,2023-09-23,Mobile,253,TRUE
SESS_004312,NULL,NULL,2023-11-21,Tablet,743,FALSE
SESS_004313,CUST_00398,CAMP_05,2023-11-26,Mobile,125,FALSE
SESS_004314,CUST_00022,NULL,2023-03-28,Desktop,199,TRUE
SESS_004315,CUST_00954,CAMP_07,2023-01-09,Desktop,234,TRUE
SESS_004316,CUST_00352,NULL,2023-10-24,Mobile,803,FALSE
SESS_004317,CUST_00022,NULL,2023-02-18,Mobile,331,TRUE
SESS_004318,CUST_00291,CAMP_10,2023-12-12,Mobile,713,FALSE
SESS_004319,CUST_00777,CAMP_03,2023-01-06,Mobile,12,TRUE
SESS_004320,CUST_00083,CAMP_04,2023-07-16,Tablet,700,TRUE
SESS_004321,NULL,NULL,2023-03-15,Tablet,965,FALSE
SESS_004322,CUST_00346,NULL,2023-06-01,Tablet,0,TRUE
SESS_004323,CUST_00051,NULL,2023-11-13,Desktop,878,FALSE
SESS_004324,NULL,NULL,2023-05-11,Mobile,924,FALSE
SESS_004325,CUST_00096,NULL,2023-11-09,Desktop,1163,TRUE
SESS_004326,NULL,CAMP_05,2023-12-30,Mobile,613,FALSE
SESS_004327,CUST_00451,NULL,2023-09-09,Desktop,706,FALSE
SESS_004328,CUST_00344,NULL,2023-04-14,Tablet,169,FALSE
SESS_004329,CUST_00192,CAMP_10,2023-06-27,Tablet,146,TRUE
SESS_004330,NULL,NULL,2023-08-18,Desktop,79,TRUE
SESS_004331,NULL,NULL,2023-04-07,Desktop,423,FALSE
SESS_004332,CUST_00646,CAMP_01,2023-10-06,Mobile,871,FALSE
SESS_004333,CUST_00140,CAMP_07,2023-05-26,Mobile,573,FALSE
SESS_004334,CUST_00475,CAMP_06,2023-07-15,Mobile,682,TRUE
SESS_004335,NULL,CAMP_05,2023-05-07,Desktop,1193,TRUE
SESS_004336,CUST_00593,CAMP_09,2023-08-10,Desktop,21,TRUE
SESS_004337,CUST_00110,NULL,2023-09-28,Tablet,318,TRUE
SESS_004338,NULL,CAMP_09,2023-07-29,Tablet,1160,TRUE
SESS_004339,CUST_00577,CAMP_09,2023-01-19,Tablet,385,TRUE
SESS_004340,CUST_00903,NULL,2023-06-23,Mobile,35,TRUE
SESS_004341,CUST_00555,NULL,2023-01-28,Mobile,1156,TRUE
SESS_004342,CUST_00653,NULL,2023-07-25,Desktop,296,TRUE
SESS_004343,CUST_00126,CAMP_06,2023-01-07,Mobile,0,TRUE
SESS_004344,CUST_00301,CAMP_05,2023-06-28,Tablet,573,TRUE
SESS_004345,CUST_00254,CAMP_07,2023-08-30,Mobile,1136,FALSE
SESS_004346,CUST_00326,CAMP_06,2023-07-31,Mobile,874,FALSE
SESS_004347,CUST_00577,NULL,2023-07-29,Mobile,341,TRUE
SESS_004348,CUST_00501,CAMP_04,2023-12-13,Tablet,166,TRUE
SESS_004349,CUST_00784,NULL,2023-02-25,Tablet,133,TRUE
SESS_004350,CUST_00407,CAMP_04,2023-03-18,Desktop,1043,TRUE
SESS_004351,NULL,CAMP_07,2023-01-18,Tablet,182,TRUE
SESS_004352,NULL,NULL,2023-05-02,Mobile,497,FALSE
SESS_004353,CUST_00547,NULL,2023-04-22,Desktop,1081,TRUE
SESS_004354,NULL,CAMP_08,2023-03-03,Mobile,1155,TRUE
SESS_004355,CUST_00294,NULL,2023-03-29,Desktop,916,FALSE
SESS_004356,CUST_00769,NULL,2023-06-26,Tablet,252,TRUE
SESS_004357,CUST_00428,CAMP_08,2023-04-10,Desktop,205,TRUE
SESS_004358,CUST_00415,NULL,2023-08-31,Tablet,400,FALSE
SESS_004359,CUST_00619,NULL,2023-10-08,Mobile,97,TRUE
SESS_004360,CUST_00754,CAMP_02,2023-07-27,Tablet,389,TRUE
SESS_004361,CUST_00912,CAMP_05,2023-02-05,Desktop,82,TRUE
SESS_004362,NULL,NULL,2023-04-05,Desktop,1084,FALSE
SESS_004363,NULL,CAMP_01,2023-10-07,Mobile,450,FALSE
SESS_004364,NULL,CAMP_02,2023-09-22,Desktop,394,FALSE
SESS_004365,CUST_00207,CAMP_01,2023-06-06,Tablet,0,FALSE
SESS_004366,CUST_00757,NULL,2023-10-18,Desktop,170,TRUE
SESS_004367,CUST_00743,NULL,2023-10-15,Tablet,838,FALSE
SESS_004368,CUST_00487,CAMP_03,2023-11-22,Mobile,1148,TRUE
SESS_004369,CUST_00675,CAMP_06,2023-12-19,Desktop,1100,TRUE
SESS_004370,NULL,NULL,2023-07-28,Desktop,493,FALSE
SESS_004371,CUST_00534,NULL,2023-01-07,Mobile,1051,TRUE
SESS_004372,CUST_00424,CAMP_05,2023-09-29,Desktop,477,FALSE
SESS_004373,NULL,CAMP_07,2023-09-04,Desktop,157,FALSE
SESS_004374,CUST_00649,NULL,2023-11-28,Desktop,678,TRUE
SESS_004375,CUST_00915,NULL,2023-04-05,Mobile,1063,TRUE
SESS_004376,NULL,NULL,2023-08-04,Desktop,1062,FALSE
SESS_004377,NULL,NULL,2023-06-03,Desktop,853,TRUE
SESS_004378,CUST_00911,CAMP_03,2023-04-29,Desktop,0,FALSE
SESS_004379,CUST_00395,NULL,2023-02-13,Tablet,163,TRUE
SESS_004380,NULL,NULL,2023-03-23,Desktop,1155,TRUE
SESS_004381,CUST_00315,CAMP_07,2023-04-06,Mobile,923,FALSE
SESS_004382,CUST_00492,CAMP_03,2023-08-20,Mobile,839,FALSE
SESS_004383,CUST_00666,CAMP_02,2023-12-28,Mobile,839,TRUE
SESS_004384,CUST_00792,NULL,2023-02-08,Tablet,850,FALSE
SESS_004385,CUST_00426,NULL,2023-12-29,Mobile,510,TRUE
SESS_004386,CUST_00088,CAMP_09,2023-05-20,Tablet,458,FALSE
SESS_004387,CUST_00538,NULL,2023-03-12,Tablet,571,FALSE
SESS_004388,NULL,CAMP_09,2023-12-24,Mobile,905,TRUE
SESS_004389,CUST_00195,CAMP_07,2023-01-20,Tablet,272,FALSE
SESS_004390,CUST_00868,NULL,2023-11-24,Desktop,323,TRUE
SESS_004391,NULL,NULL,2023-10-28,Desktop,1124,TRUE
SESS_004392,CUST_00986,NULL,2023-07-30,Mobile,0,TRUE
SESS_004393,CUST_00744,CAMP_05,2023-04-20,Mobile,528,TRUE
SESS_004394,CUST_00563,CAMP_09,2023-07-12,Tablet,0,FALSE
SESS_004395,CUST_00105,CAMP_10,2023-08-25,Desktop,1020,FALSE
SESS_004396,CUST_00212,CAMP_04,2023-03-07,Desktop,627,TRUE
SESS_004397,CUST_00186,NULL,2023-01-22,Desktop,831,TRUE
SESS_004398,CUST_00534,NULL,2023-11-21,Mobile,0,FALSE
SESS_004399,CUST_00767,CAMP_06,2023-07-21,Desktop,695,TRUE
SESS_004400,CUST_00782,CAMP_05,2023-03-01,Desktop,1176,FALSE
SESS_004401,CUST_00389,CAMP_07,2023-12-12,Desktop,707,FALSE
SESS_004402,CUST_00824,CAMP_05,2023-05-30,Tablet,772,TRUE
SESS_004403,NULL,NULL,2023-04-20,Mobile,797,TRUE
SESS_004404,CUST_00868,CAMP_05,2023-07-21,Desktop,792,FALSE
SESS_004405,CUST_00382,NULL,2023-09-26,Desktop,327,FALSE
SESS_004406,CUST_00446,CAMP_07,2023-01-26,Desktop,241,TRUE
SESS_004407,CUST_00296,NULL,2023-11-24,Desktop,400,TRUE
SESS_004408,CUST_00267,NULL,2023-03-12,Tablet,804,FALSE
SESS_004409,CUST_00628,NULL,2023-03-26,Mobile,431,FALSE
SESS_004410,NULL,NULL,2023-02-05,Tablet,339,FALSE
SESS_004411,CUST_00852,NULL,2023-11-09,Desktop,67,TRUE
SESS_004412,CUST_00801,CAMP_09,2023-09-06,Mobile,516,FALSE
SESS_004413,CUST_00885,CAMP_04,2023-08-15,Tablet,155,TRUE
SESS_004414,NULL,NULL,2023-09-06,Mobile,994,TRUE
SESS_004415,CUST_00594,CAMP_04,2023-03-07,Tablet,276,FALSE
SESS_004416,NULL,NULL,2023-08-04,Mobile,647,TRUE
SESS_004417,CUST_00031,CAMP_05,2023-06-21,Tablet,53,TRUE
SESS_004418,CUST_00285,CAMP_04,2023-10-14,Tablet,1087,FALSE
SESS_004419,CUST_00286,CAMP_04,2023-12-12,Mobile,797,TRUE
SESS_004420,CUST_00519,CAMP_10,2023-07-20,Desktop,21,FALSE
SESS_004421,NULL,CAMP_05,2023-03-04,Desktop,0,FALSE
SESS_004422,CUST_00293,CAMP_05,2023-05-30,Tablet,960,FALSE
SESS_004423,NULL,NULL,2023-06-25,Tablet,313,TRUE
SESS_004424,CUST_00259,NULL,2023-11-29,Mobile,1130,FALSE
SESS_004425,CUST_00093,CAMP_04,2023-11-09,Desktop,0,FALSE
SESS_004426,CUST_00573,CAMP_01,2023-04-27,Tablet,852,FALSE
SESS_004427,NULL,CAMP_09,2023-11-30,Tablet,767,TRUE
SESS_004428,CUST_00481,NULL,2023-02-24,Mobile,1184,TRUE
SESS_004429,CUST_00331,NULL,2023-08-20,Desktop,984,FALSE
SESS_004430,CUST_00835,NULL,2023-09-03,Mobile,142,FALSE
SESS_004431,CUST_00753,CAMP_09,2023-07-30,Desktop,831,TRUE
SESS_004432,CUST_00811,CAMP_04,2023-01-06,Mobile,296,TRUE
SESS_004433,CUST_00630,CAMP_05,2023-01-14,Desktop,522,TRUE
SESS_004434,CUST_00464,NULL,2023-06-10,Mobile,812,FALSE
SESS_004435,CUST_00989,CAMP_06,2023-05-28,Desktop,275,FALSE
SESS_004436,NULL,CAMP_01,2023-02-09,Tablet,366,TRUE
SESS_004437,CUST_00168,CAMP_01,2023-12-12,Desktop,338,FALSE
SESS_004438,CUST_00296,CAMP_07,2023-09-26,Mobile,0,TRUE
SESS_004439,CUST_00898,NULL,2023-02-15,Tablet,0,TRUE
SESS_004440,CUST_00126,CAMP_08,2023-06-17,Desktop,551,FALSE
SESS_004441,CUST_01000,CAMP_03,2023-09-03,Mobile,1173,FALSE
SESS_004442,NULL,CAMP_07,2023-11-12,Tablet,806,TRUE
SESS_004443,NULL,CAMP_08,2023-07-21,Mobile,176,FALSE
SESS_004444,CUST_00906,CAMP_06,2023-01-28,Tablet,0,TRUE
SESS_004445,CUST_00065,CAMP_08,2023-05-06,Tablet,374,FALSE
SESS_004446,NULL,CAMP_07,2023-07-09,Tablet,746,FALSE
SESS_004447,CUST_00820,NULL,2023-10-05,Tablet,847,TRUE
SESS_004448,CUST_00054,NULL,2023-11-05,Desktop,359,TRUE
SESS_004449,NULL,NULL,2023-04-18,Tablet,439,TRUE
SESS_004450,CUST_00352,CAMP_07,2023-03-06,Desktop,870,FALSE
SESS_004451,CUST_00524,NULL,2023-05-08,Desktop,586,TRUE
SESS_004452,CUST_00251,CAMP_05,2023-01-23,Mobile,564,FALSE
SESS_004453,CUST_00384,CAMP_09,2023-03-12,Tablet,538,TRUE
SESS_004454,CUST_00428,CAMP_02,2023-03-09,Desktop,827,FALSE
SESS_004455,CUST_00099,CAMP_06,2023-10-31,Mobile,452,FALSE
SESS_004456,CUST_00238,NULL,2023-10-01,Tablet,780,TRUE
SESS_004457,CUST_00278,CAMP_03,2023-10-08,Desktop,0,TRUE
SESS_004458,CUST_00799,CAMP_04,2023-02-25,Desktop,0,FALSE
SESS_004459,CUST_00249,NULL,2023-06-25,Tablet,391,FALSE
SESS_004460,CUST_00650,CAMP_04,2023-04-06,Tablet,330,TRUE
SESS_004461,CUST_00788,CAMP_06,2023-07-15,Mobile,1039,FALSE
SESS_004462,CUST_00751,CAMP_09,2023-12-21,Mobile,474,TRUE
SESS_004463,NULL,NULL,2023-12-16,Tablet,167,TRUE
SESS_004464,CUST_00561,NULL,2023-04-06,Desktop,35,FALSE
SESS_004465,NULL,CAMP_09,2023-05-05,Desktop,0,TRUE
SESS_004466,CUST_00576,NULL,2023-07-05,Tablet,1075,FALSE
SESS_004467,CUST_00019,CAMP_05,2023-06-24,Mobile,327,FALSE
SESS_004468,CUST_00004,CAMP_03,2023-08-18,Desktop,1099,TRUE
SESS_004469,CUST_00843,NULL,2023-10-24,Desktop,0,TRUE
SESS_004470,CUST_00679,CAMP_01,2023-05-10,Mobile,101,FALSE
SESS_004471,CUST_00648,NULL,2023-05-13,Desktop,519,TRUE
SESS_004472,NULL,NULL,2023-11-19,Tablet,591,FALSE
SESS_004473,NULL,NULL,2023-09-05,Desktop,1113,TRUE
SESS_004474,NULL,NULL,2023-04-11,Mobile,1005,FALSE
SESS_004475,NULL,NULL,2023-11-19,Tablet,261,FALSE
SESS_004476,CUST_00402,NULL,2023-08-04,Tablet,0,FALSE
SESS_004477,CUST_00355,NULL,2023-06-24,Mobile,755,TRUE
SESS_004478,CUST_00109,CAMP_04,2023-01-06,Tablet,15,FALSE
SESS_004479,CUST_00227,NULL,2023-06-19,Mobile,1169,FALSE
SESS_004480,NULL,CAMP_07,2023-07-13,Tablet,0,FALSE
SESS_004481,NULL,NULL,2023-10-12,Tablet,486,FALSE
SESS_004482,NULL,CAMP_07,2023-05-10,Tablet,976,FALSE
SESS_004483,NULL,NULL,2023-11-26,Mobile,1011,TRUE
SESS_004484,NULL,NULL,2023-10-06,Desktop,85,TRUE
SESS_004485,NULL,CAMP_08,2023-11-14,Desktop,100,FALSE
SESS_004486,NULL,NULL,2023-07-20,Tablet,957,FALSE
SESS_004487,CUST_00645,NULL,2023-07-06,Mobile,48,FALSE
SESS_004488,CUST_00473,CAMP_06,2023-11-21,Desktop,577,TRUE
SESS_004489,CUST_00022,CAMP_10,2023-11-13,Desktop,450,TRUE
SESS_004490,NULL,CAMP_07,2023-06-11,Mobile,449,TRUE
SESS_004491,CUST_00220,NULL,2023-04-19,Desktop,545,TRUE
SESS_004492,CUST_00870,NULL,2023-01-13,Mobile,809,TRUE
SESS_004493,NULL,NULL,2023-12-29,Desktop,894,TRUE
SESS_004494,CUST_00216,CAMP_06,2023-02-11,Desktop,969,FALSE
SESS_004495,NULL,NULL,2023-06-28,Desktop,340,FALSE
SESS_004496,CUST_00980,NULL,2023-05-08,Desktop,1119,FALSE
SESS_004497,CUST_00567,CAMP_01,2023-10-02,Tablet,1060,TRUE
SESS_004498,NULL,CAMP_09,2023-01-11,Tablet,628,FALSE
SESS_004499,CUST_00698,CAMP_08,2023-09-05,Mobile,194,FALSE
SESS_004500,CUST_00109,NULL,2023-09-29,Desktop,934,FALSE
SESS_004501,CUST_00132,NULL,2023-03-19,Mobile,996,TRUE
SESS_004502,NULL,NULL,2023-01-04,Mobile,1098,TRUE
SESS_004503,CUST_00756,CAMP_02,2023-05-29,Mobile,486,TRUE
SESS_004504,CUST_00583,NULL,2023-11-22,Mobile,602,TRUE
SESS_004505,CUST_00948,NULL,2023-10-26,Desktop,1011,FALSE
SESS_004506,CUST_00587,NULL,2023-07-18,Tablet,795,FALSE
SESS_004507,CUST_00673,NULL,2023-01-16,Desktop,0,TRUE
SESS_004508,CUST_00662,CAMP_08,2023-11-27,Desktop,724,TRUE
SESS_004509,CUST_00390,CAMP_04,2023-03-14,Mobile,123,FALSE
SESS_004510,NULL,CAMP_07,2023-02-08,Tablet,192,TRUE
SESS_004511,CUST_00353,CAMP_04,2023-04-28,Desktop,601,FALSE
SESS_004512,CUST_00700,CAMP_01,2023-08-11,Mobile,1126,TRUE
SESS_004513,CUST_00747,NULL,2023-01-28,Tablet,400,TRUE
SESS_004514,NULL,CAMP_09,2023-04-21,Tablet,414,FALSE
SESS_004515,NULL,NULL,2023-02-01,Tablet,1074,FALSE
SESS_004516,NULL,NULL,2023-12-26,Tablet,197,FALSE
SESS_004517,NULL,CAMP_05,2023-05-04,Desktop,838,TRUE
SESS_004518,CUST_00144,NULL,2023-05-01,Tablet,0,FALSE
SESS_004519,CUST_00177,CAMP_06,2023-02-23,Mobile,350,TRUE
SESS_004520,CUST_00272,CAMP_03,2023-07-13,Mobile,902,TRUE
SESS_004521,CUST_00192,NULL,2023-02-19,Mobile,1152,FALSE
SESS_004522,NULL,NULL,2023-02-23,Desktop,910,TRUE
SESS_004523,CUST_00479,NULL,2023-04-04,Mobile,626,TRUE
SESS_004524,CUST_00963,CAMP_07,2023-10-31,Mobile,141,TRUE
SESS_004525,NULL,CAMP_03,2023-11-19,Desktop,613,TRUE
SESS_004526,CUST_00855,NULL,2023-11-17,Desktop,730,FALSE
SESS_004527,CUST_00540,CAMP_08,2023-08-01,Mobile,644,TRUE
SESS_004528,NULL,CAMP_02,2023-04-02,Mobile,897,FALSE
SESS_004529,NULL,CAMP_09,2023-04-01,Tablet,266,TRUE
SESS_004530,CUST_00823,CAMP_09,2023-03-02,Mobile,36,FALSE
SESS_004531,CUST_00499,NULL,2023-06-30,Tablet,839,TRUE
SESS_004532,CUST_00593,CAMP_01,2023-12-01,Desktop,604,FALSE
SESS_004533,CUST_00677,CAMP_02,2023-11-19,Mobile,1186,TRUE
SESS_004534,CUST_00289,CAMP_01,2023-12-12,Desktop,280,FALSE
SESS_004535,CUST_00715,NULL,2023-06-14,Mobile,1032,TRUE
SESS_004536,NULL,CAMP_08,2023-05-25,Tablet,1003,TRUE
SESS_004537,CUST_00003,CAMP_01,2023-10-03,Desktop,332,FALSE
SESS_004538,NULL,NULL,2023-11-13,Mobile,672,FALSE
SESS_004539,CUST_00251,NULL,2023-05-09,Tablet,264,TRUE
SESS_004540,CUST_00133,CAMP_03,2023-05-02,Desktop,793,FALSE
SESS_004541,NULL,NULL,2023-01-05,Tablet,1192,TRUE
SESS_004542,CUST_00787,CAMP_01,2023-01-04,Tablet,1021,TRUE
SESS_004543,CUST_00468,CAMP_09,2023-07-23,Desktop,986,FALSE
SESS_004544,CUST_00159,NULL,2023-04-08,Desktop,935,TRUE
SESS_004545,NULL,CAMP_10,2023-03-29,Mobile,424,FALSE
SESS_004546,CUST_00401,NULL,2023-07-07,Tablet,146,TRUE
SESS_004547,CUST_00575,NULL,2023-01-02,Tablet,264,FALSE
SESS_004548,NULL,CAMP_10,2023-06-07,Mobile,1149,FALSE
SESS_004549,CUST_00172,CAMP_07,2023-04-13,Desktop,1198,TRUE
SESS_004550,CUST_00671,NULL,2023-06-15,Tablet,186,FALSE
SESS_004551,NULL,NULL,2023-07-05,Desktop,1037,FALSE
SESS_004552,CUST_00666,NULL,2023-07-24,Tablet,446,TRUE
SESS_004553,CUST_00084,CAMP_01,2023-06-29,Tablet,1141,FALSE
SESS_004554,CUST_00602,NULL,2023-05-20,Tablet,121,TRUE
SESS_004555,NULL,NULL,2023-10-17,Tablet,326,TRUE
SESS_004556,CUST_00521,CAMP_02,2023-05-21,Tablet,544,TRUE
SESS_004557,CUST_00631,CAMP_08,2023-11-17,Mobile,1056,TRUE
SESS_004558,CUST_00496,NULL,2023-05-12,Desktop,95,FALSE
SESS_004559,CUST_00799,CAMP_07,2023-06-27,Tablet,1111,FALSE
SESS_004560,CUST_00022,CAMP_09,2023-11-23,Tablet,51,TRUE
SESS_004561,CUST_00510,NULL,2023-04-18,Tablet,664,FALSE
SESS_004562,CUST_00132,NULL,2023-12-24,Tablet,868,TRUE
SESS_004563,NULL,CAMP_01,2023-01-01,Desktop,700,FALSE
SESS_004564,CUST_00390,CAMP_05,2023-12-27,Mobile,605,TRUE
SESS_004565,CUST_00695,NULL,2023-03-11,Tablet,0,FALSE
SESS_004566,CUST_00143,NULL,2023-05-18,Mobile,108,FALSE
SESS_004567,CUST_00920,NULL,2023-05-28,Desktop,986,FALSE
SESS_004568,CUST_00981,NULL,2023-12-18,Desktop,440,TRUE
SESS_004569,CUST_00968,CAMP_01,2023-01-19,Tablet,860,TRUE
SESS_004570,CUST_00692,NULL,2023-01-08,Tablet,280,FALSE
SESS_004571,NULL,CAMP_10,2023-09-02,Tablet,940,FALSE
SESS_004572,CUST_00794,CAMP_03,2023-09-14,Mobile,779,FALSE
SESS_004573,CUST_00143,NULL,2023-07-31,Desktop,668,TRUE
SESS_004574,NULL,CAMP_07,2023-05-17,Desktop,981,TRUE
SESS_004575,CUST_00523,NULL,2023-04-25,Desktop,110,TRUE
SESS_004576,CUST_00272,NULL,2023-05-08,Mobile,590,FALSE
SESS_004577,CUST_00651,CAMP_09,2023-05-27,Tablet,1139,TRUE
SESS_004578,CUST_00319,NULL,2023-06-18,Tablet,794,TRUE
SESS_004579,CUST_00932,NULL,2023-02-24,Desktop,1075,TRUE
SESS_004580,NULL,CAMP_06,2023-12-02,Desktop,718,FALSE
SESS_004581,CUST_00962,NULL,2023-04-08,Mobile,315,TRUE
SESS_004582,CUST_00985,CAMP_02,2023-02-11,Desktop,16,FALSE
SESS_004583,CUST_00803,NULL,2023-04-10,Mobile,110,TRUE
SESS_004584,CUST_00533,NULL,2023-03-21,Mobile,208,FALSE
SESS_004585,CUST_00278,NULL,2023-11-06,Mobile,631,TRUE
SESS_004586,CUST_00218,CAMP_07,2023-02-11,Mobile,190,FALSE
SESS_004587,CUST_00393,NULL,2023-06-11,Desktop,119,TRUE
SESS_004588,CUST_00326,NULL,2023-02-04,Tablet,920,FALSE
SESS_004589,CUST_00881,NULL,2023-12-06,Desktop,0,TRUE
SESS_004590,CUST_00502,NULL,2023-03-13,Tablet,1093,TRUE
SESS_004591,CUST_00551,CAMP_08,2023-08-05,Desktop,662,TRUE
SESS_004592,CUST_00426,CAMP_04,2023-01-18,Mobile,1066,TRUE
SESS_004593,CUST_00712,CAMP_06,2023-10-25,Tablet,228,FALSE
SESS_004594,CUST_00336,CAMP_03,2023-04-14,Mobile,762,FALSE
SESS_004595,NULL,NULL,2023-09-13,Desktop,213,FALSE
SESS_004596,CUST_00790,NULL,2023-02-22,Tablet,262,FALSE
SESS_004597,CUST_00057,NULL,2023-02-21,Mobile,530,FALSE
SESS_004598,CUST_00077,NULL,2023-07-14,Desktop,997,TRUE
SESS_004599,NULL,NULL,2023-08-01,Desktop,376,FALSE
SESS_004600,CUST_00984,NULL,2023-07-07,Mobile,573,FALSE
SESS_004601,CUST_00561,CAMP_08,2023-01-20,Mobile,682,FALSE
SESS_004602,CUST_00276,CAMP_04,2023-06-29,Desktop,977,FALSE
SESS_004603,CUST_00375,NULL,2023-12-04,Tablet,1102,FALSE
SESS_004604,CUST_00146,CAMP_04,2023-06-20,Tablet,968,TRUE
SESS_004605,CUST_00950,CAMP_06,2023-05-02,Desktop,835,FALSE
SESS_004606,CUST_00005,NULL,2023-12-02,Desktop,281,FALSE
SESS_004607,NULL,NULL,2023-09-09,Desktop,771,FALSE
SESS_004608,NULL,NULL,2023-07-03,Mobile,496,TRUE
SESS_004609,CUST_00158,CAMP_04,2023-11-10,Desktop,903,TRUE
SESS_004610,CUST_00045,CAMP_06,2023-09-08,Tablet,432,TRUE
SESS_004611,NULL,CAMP_03,2023-07-27,Tablet,1143,FALSE
SESS_004612,NULL,NULL,2023-08-22,Tablet,58,TRUE
SESS_004613,CUST_00696,CAMP_06,2023-06-15,Desktop,84,FALSE
SESS_004614,CUST_00509,CAMP_03,2023-03-25,Mobile,0,FALSE
SESS_004615,NULL,NULL,2023-12-20,Desktop,0,FALSE
SESS_004616,CUST_00481,CAMP_02,2023-05-07,Mobile,500,FALSE
SESS_004617,CUST_00094,CAMP_03,2023-01-26,Mobile,1126,FALSE
SESS_004618,NULL,CAMP_02,2023-05-19,Desktop,274,TRUE
SESS_004619,NULL,NULL,2023-11-01,Mobile,0,FALSE
SESS_004620,CUST_00793,CAMP_01,2023-01-14,Desktop,395,TRUE
SESS_004621,NULL,CAMP_03,2023-05-16,Tablet,487,FALSE
SESS_004622,CUST_00732,CAMP_06,2023-04-28,Mobile,665,FALSE
SESS_004623,CUST_00189,CAMP_09,2023-05-21,Mobile,1004,TRUE
SESS_004624,CUST_00920,CAMP_08,2023-08-23,Desktop,748,TRUE
SESS_004625,NULL,NULL,2023-11-25,Mobile,86,FALSE
SESS_004626,CUST_00132,NULL,2023-04-07,Desktop,689,FALSE
SESS_004627,CUST_00502,CAMP_04,2023-08-08,Mobile,303,FALSE
SESS_004628,CUST_00482,CAMP_08,2023-04-11,Desktop,378,TRUE
SESS_004629,NULL,NULL,2023-03-27,Desktop,332,TRUE
SESS_004630,CUST_00202,CAMP_02,2023-04-11,Desktop,671,TRUE
SESS_004631,CUST_00029,NULL,2023-09-06,Tablet,61,TRUE
SESS_004632,CUST_00838,CAMP_02,2023-05-23,Tablet,157,FALSE
SESS_004633,NULL,CAMP_05,2023-07-09,Mobile,911,FALSE
SESS_004634,CUST_00590,CAMP_06,2023-01-18,Tablet,854,TRUE
SESS_004635,CUST_00202,CAMP_08,2023-05-23,Desktop,726,TRUE
SESS_004636,CUST_00745,CAMP_04,2023-04-17,Tablet,1074,TRUE
SESS_004637,CUST_00640,NULL,2023-11-09,Desktop,0,FALSE
SESS_004638,CUST_00349,CAMP_06,2023-10-20,Tablet,126,TRUE
SESS_004639,CUST_00489,NULL,2023-04-04,Tablet,41,FALSE
SESS_004640,NULL,NULL,2023-02-05,Desktop,897,TRUE
SESS_004641,CUST_00468,NULL,2023-11-19,Tablet,349,TRUE
SESS_004642,NULL,NULL,2023-11-27,Mobile,748,FALSE
SESS_004643,CUST_00681,CAMP_08,2023-12-05,Desktop,358,FALSE
SESS_004644,CUST_00822,CAMP_05,2023-11-17,Desktop,231,TRUE
SESS_004645,CUST_00421,NULL,2023-06-05,Desktop,297,FALSE
SESS_004646,CUST_00520,NULL,2023-11-28,Desktop,548,TRUE
SESS_004647,CUST_00496,NULL,2023-04-13,Mobile,551,TRUE
SESS_004648,CUST_00733,NULL,2023-08-09,Tablet,559,FALSE
SESS_004649,CUST_00650,NULL,2023-04-23,Tablet,125,FALSE
SESS_004650,CUST_00354,NULL,2023-12-31,Tablet,0,TRUE
SESS_004651,CUST_00864,CAMP_09,2023-05-07,Tablet,66,TRUE
SESS_004652,NULL,CAMP_02,2023-04-06,Mobile,749,FALSE
SESS_004653,NULL,NULL,2023-08-13,Desktop,954,FALSE
SESS_004654,CUST_00298,NULL,2023-09-17,Mobile,481,FALSE
SESS_004655,NULL,CAMP_01,2023-02-05,Tablet,80,TRUE
SESS_004656,CUST_00010,NULL,2023-11-07,Tablet,613,FALSE
SESS_004657,CUST_00315,CAMP_01,2023-01-14,Tablet,529,FALSE
SESS_004658,CUST_00741,NULL,2023-03-28,Tablet,398,TRUE
SESS_004659,CUST_00178,CAMP_05,2023-10-19,Desktop,235,FALSE
SESS_004660,NULL,CAMP_02,2023-03-08,Desktop,125,TRUE
SESS_004661,CUST_00212,NULL,2023-06-28,Tablet,24,TRUE
SESS_004662,CUST_00563,NULL,2023-07-18,Mobile,36,TRUE
SESS_004663,CUST_00274,NULL,2023-09-25,Mobile,712,TRUE
SESS_004664,CUST_00124,NULL,2023-03-09,Mobile,976,TRUE
SESS_004665,CUST_00553,NULL,2023-02-23,Tablet,255,FALSE
SESS_004666,NULL,CAMP_02,2023-05-12,Mobile,762,TRUE
SESS_004667,CUST_00663,CAMP_06,2023-01-06,Tablet,526,FALSE
SESS_004668,CUST_00357,NULL,2023-12-24,Desktop,1022,FALSE
SESS_004669,NULL,NULL,2023-06-14,Tablet,70,TRUE
SESS_004670,CUST_00766,NULL,2023-01-11,Desktop,1064,FALSE
SESS_004671,CUST_00691,CAMP_06,2023-04-28,Mobile,839,TRUE
SESS_004672,CUST_00628,CAMP_02,2023-10-30,Desktop,0,TRUE
SESS_004673,CUST_00518,NULL,2023-11-16,Mobile,231,FALSE
SESS_004674,CUST_00812,CAMP_09,2023-09-24,Mobile,631,TRUE
SESS_004675,CUST_00264,CAMP_06,2023-05-16,Tablet,397,TRUE
SESS_004676,NULL,NULL,2023-11-27,Mobile,986,FALSE
SESS_004677,CUST_00875,NULL,2023-08-12,Tablet,1128,TRUE
SESS_004678,NULL,CAMP_10,2023-11-24,Tablet,282,TRUE
SESS_004679,NULL,CAMP_08,2023-08-30,Mobile,1063,FALSE
SESS_004680,CUST_00012,NULL,2023-09-19,Tablet,280,TRUE
SESS_004681,CUST_00649,NULL,2023-12-22,Mobile,396,TRUE
SESS_004682,CUST_00183,NULL,2023-04-03,Tablet,514,FALSE
SESS_004683,CUST_00168,NULL,2023-08-17,Mobile,671,FALSE
SESS_004684,CUST_00895,NULL,2023-12-16,Desktop,862,TRUE
SESS_004685,CUST_00872,CAMP_09,2023-05-19,Desktop,495,FALSE
SESS_004686,CUST_00688,CAMP_08,2023-07-20,Mobile,0,TRUE
SESS_004687,CUST_00910,CAMP_04,2023-10-26,Desktop,714,FALSE
SESS_004688,CUST_00506,NULL,2023-06-24,Tablet,0,TRUE
SESS_004689,CUST_00944,NULL,2023-11-08,Desktop,1128,TRUE
SESS_004690,NULL,NULL,2023-12-30,Desktop,1039,TRUE
SESS_004691,CUST_00951,NULL,2023-02-09,Desktop,1180,FALSE
SESS_004692,NULL,NULL,2023-07-20,Desktop,472,FALSE
SESS_004693,CUST_00770,CAMP_10,2023-01-22,Mobile,822,FALSE
SESS_004694,CUST_00760,CAMP_05,2023-11-09,Desktop,436,TRUE
SESS_004695,NULL,NULL,2023-02-17,Mobile,911,FALSE
SESS_004696,NULL,NULL,2023-09-02,Mobile,0,FALSE
SESS_004697,CUST_00810,NULL,2023-04-07,Mobile,699,TRUE
SESS_004698,CUST_00457,NULL,2023-12-07,Mobile,368,TRUE
SESS_004699,NULL,CAMP_01,2023-04-12,Desktop,125,TRUE
SESS_004700,CUST_00871,NULL,2023-07-22,Mobile,757,TRUE
SESS_004701,CUST_00910,NULL,2023-05-13,Tablet,1016,FALSE
SESS_004702,CUST_00531,NULL,2023-01-30,Mobile,1122,TRUE
SESS_004703,NULL,CAMP_01,2023-03-01,Desktop,515,TRUE
SESS_004704,CUST_00868,NULL,2023-02-19,Mobile,24,TRUE
SESS_004705,CUST_00501,CAMP_09,2023-07-01,Desktop,825,FALSE
SESS_004706,CUST_00267,NULL,2023-11-03,Desktop,579,FALSE
SESS_004707,CUST_00914,CAMP_02,2023-08-11,Tablet,294,FALSE
SESS_004708,CUST_00903,NULL,2023-08-09,Desktop,43,TRUE
SESS_004709,NULL,NULL,2023-04-03,Desktop,624,FALSE
SESS_004710,CUST_00146,CAMP_09,2023-10-28,Tablet,789,TRUE
SESS_004711,CUST_00640,CAMP_04,2023-04-09,Tablet,926,TRUE
SESS_004712,CUST_00546,NULL,2023-04-30,Desktop,607,FALSE
SESS_004713,CUST_00262,NULL,2023-04-25,Tablet,908,FALSE
SESS_004714,CUST_00636,CAMP_01,2023-09-20,Tablet,902,FALSE
SESS_004715,CUST_00454,NULL,2023-04-21,Desktop,1087,FALSE
SESS_004716,CUST_00017,NULL,2023-05-27,Desktop,344,TRUE
SESS_004717,NULL,NULL,2023-07-24,Tablet,165,FALSE
SESS_004718,NULL,CAMP_08,2023-07-26,Tablet,14,FALSE
SESS_004719,NULL,NULL,2023-08-07,Tablet,1040,FALSE
SESS_004720,NULL,NULL,2023-07-09,Mobile,743,FALSE
SESS_004721,CUST_00338,NULL,2023-11-23,Desktop,620,TRUE
SESS_004722,CUST_00903,CAMP_07,2023-04-10,Desktop,411,FALSE
SESS_004723,CUST_00024,CAMP_05,2023-05-31,Desktop,0,TRUE
SESS_004724,CUST_00813,NULL,2023-04-26,Mobile,1143,TRUE
SESS_004725,CUST_00959,NULL,2023-09-03,Desktop,959,TRUE
SESS_004726,CUST_00816,NULL,2023-09-27,Tablet,1021,TRUE
SESS_004727,CUST_00528,CAMP_04,2023-05-03,Tablet,657,FALSE
SESS_004728,CUST_00662,CAMP_06,2023-05-20,Desktop,1045,TRUE
SESS_004729,CUST_00312,CAMP_05,2023-03-16,Tablet,53,FALSE
SESS_004730,CUST_00137,NULL,2023-04-13,Desktop,733,FALSE
SESS_004731,CUST_00454,CAMP_08,2023-08-17,Tablet,809,TRUE
SESS_004732,NULL,CAMP_08,2023-11-23,Tablet,790,FALSE
SESS_004733,CUST_00214,NULL,2023-07-19,Desktop,556,TRUE
SESS_004734,NULL,NULL,2023-02-17,Mobile,463,FALSE
SESS_004735,CUST_00657,NULL,2023-12-20,Mobile,546,TRUE
SESS_004736,CUST_00455,CAMP_08,2023-12-15,Tablet,1019,FALSE
SESS_004737,NULL,CAMP_07,2023-01-16,Desktop,1013,TRUE
SESS_004738,CUST_00027,CAMP_01,2023-02-01,Tablet,322,FALSE
SESS_004739,CUST_00694,NULL,2023-11-04,Tablet,878,FALSE
SESS_004740,CUST_00988,CAMP_08,2023-09-03,Mobile,677,TRUE
SESS_004741,CUST_00483,CAMP_05,2023-06-26,Desktop,400,TRUE
SESS_004742,CUST_00545,CAMP_03,2023-08-03,Tablet,888,FALSE
SESS_004743,CUST_00386,NULL,2023-07-18,Mobile,935,FALSE
SESS_004744,CUST_00015,NULL,2023-06-06,Desktop,1049,FALSE
SESS_004745,CUST_00370,CAMP_06,2023-05-02,Mobile,616,FALSE
SESS_004746,NULL,CAMP_08,2023-01-18,Tablet,531,FALSE
SESS_004747,CUST_00898,CAMP_04,2023-11-09,Tablet,27,FALSE
SESS_004748,CUST_00792,CAMP_10,2023-03-26,Mobile,132,TRUE
SESS_004749,CUST_00741,NULL,2023-09-23,Mobile,133,FALSE
SESS_004750,CUST_00278,CAMP_05,2023-04-26,Desktop,274,FALSE
SESS_004751,CUST_00735,NULL,2023-06-12,Tablet,558,TRUE
SESS_004752,NULL,CAMP_05,2023-10-02,Desktop,622,FALSE
SESS_004753,CUST_00912,CAMP_09,2023-11-22,Desktop,100,FALSE
SESS_004754,CUST_00861,NULL,2023-12-03,Mobile,1003,FALSE
SESS_004755,NULL,NULL,2023-10-09,Mobile,401,TRUE
SESS_004756,CUST_00417,NULL,2023-07-26,Mobile,138,FALSE
SESS_004757,CUST_00241,CAMP_08,2023-04-12,Desktop,602,FALSE
SESS_004758,CUST_00583,CAMP_02,2023-07-23,Mobile,855,FALSE
SESS_004759,NULL,CAMP_07,2023-11-13,Tablet,1122,FALSE
SESS_004760,CUST_00902,CAMP_03,2023-02-08,Desktop,288,FALSE
SESS_004761,CUST_00129,NULL,2023-07-27,Tablet,0,FALSE
SESS_004762,CUST_00402,CAMP_02,2023-11-23,Tablet,1067,TRUE
SESS_004763,NULL,NULL,2023-07-09,Tablet,358,FALSE
SESS_004764,CUST_00057,CAMP_01,2023-11-14,Mobile,603,FALSE
SESS_004765,NULL,NULL,2023-03-07,Tablet,984,TRUE
SESS_004766,CUST_00355,CAMP_09,2023-04-06,Mobile,140,TRUE
SESS_004767,NULL,NULL,2023-11-06,Desktop,928,FALSE
SESS_004768,CUST_00999,CAMP_04,2023-03-01,Mobile,204,TRUE
SESS_004769,CUST_00567,NULL,2023-07-24,Tablet,335,FALSE
SESS_004770,CUST_00251,NULL,2023-03-31,Tablet,186,TRUE
SESS_004771,CUST_00462,NULL,2023-11-02,Desktop,603,TRUE
SESS_004772,CUST_00782,CAMP_08,2023-08-30,Desktop,481,TRUE
SESS_004773,CUST_00546,CAMP_03,2023-07-09,Desktop,406,TRUE
SESS_004774,CUST_00222,NULL,2023-07-09,Mobile,400,TRUE
SESS_004775,CUST_00703,CAMP_04,2023-08-12,Desktop,892,TRUE
SESS_004776,CUST_00320,CAMP_10,2023-09-17,Desktop,67,FALSE
SESS_004777,CUST_00803,NULL,2023-08-18,Mobile,0,FALSE
SESS_004778,CUST_00282,NULL,2023-10-25,Tablet,305,TRUE
SESS_004779,NULL,CAMP_05,2023-08-17,Tablet,440,TRUE
SESS_004780,NULL,CAMP_08,2023-10-05,Mobile,127,TRUE
SESS_004781,CUST_00896,NULL,2023-03-12,Desktop,446,TRUE
SESS_004782,CUST_00602,CAMP_10,2023-01-21,Desktop,760,FALSE
SESS_004783,CUST_00637,NULL,2023-06-02,Mobile,877,TRUE
SESS_004784,CUST_00398,CAMP_04,2023-01-20,Tablet,520,TRUE
SESS_004785,CUST_00714,NULL,2023-08-04,Desktop,39,FALSE
SESS_004786,NULL,CAMP_05,2023-04-19,Mobile,1009,TRUE
SESS_004787,CUST_00201,NULL,2023-02-25,Desktop,709,FALSE
SESS_004788,CUST_00663,CAMP_10,2023-02-11,Tablet,975,TRUE
SESS_004789,CUST_00907,CAMP_01,2023-11-05,Desktop,486,FALSE
SESS_004790,CUST_00978,CAMP_03,2023-01-10,Tablet,1180,FALSE
SESS_004791,NULL,CAMP_01,2023-02-08,Mobile,23,TRUE
SESS_004792,CUST_00844,CAMP_07,2023-01-10,Desktop,793,TRUE
SESS_004793,CUST_00201,CAMP_10,2023-09-10,Mobile,263,FALSE
SESS_004794,NULL,NULL,2023-04-11,Tablet,417,TRUE
SESS_004795,CUST_00184,CAMP_06,2023-08-10,Tablet,358,TRUE
SESS_004796,CUST_00880,CAMP_09,2023-01-09,Tablet,1019,TRUE
SESS_004797,CUST_00339,NULL,2023-02-19,Tablet,833,FALSE
SESS_004798,NULL,CAMP_08,2023-12-11,Tablet,209,FALSE
SESS_004799,CUST_00581,NULL,2023-01-01,Mobile,1055,FALSE
SESS_004800,CUST_00788,NULL,2023-08-14,Tablet,59,TRUE
SESS_004801,NULL,CAMP_06,2023-12-13,Desktop,780,TRUE
SESS_004802,CUST_00194,CAMP_03,2023-10-30,Desktop,71,FALSE
SESS_004803,CUST_00147,NULL,2023-10-04,Tablet,669,TRUE
SESS_004804,CUST_00984,CAMP_04,2023-09-02,Desktop,443,TRUE
SESS_004805,NULL,NULL,2023-10-10,Desktop,843,TRUE
SESS_004806,CUST_00709,NULL,2023-05-10,Desktop,944,FALSE
SESS_004807,NULL,NULL,2023-10-31,Tablet,0,TRUE
SESS_004808,CUST_00567,NULL,2023-12-30,Tablet,796,TRUE
SESS_004809,NULL,NULL,2023-07-03,Tablet,228,FALSE
SESS_004810,NULL,NULL,2023-05-09,Desktop,211,FALSE
SESS_004811,CUST_00695,NULL,2023-06-12,Tablet,514,TRUE
SESS_004812,CUST_00442,NULL,2023-05-18,Desktop,323,FALSE
SESS_004813,CUST_00578,CAMP_01,2023-02-02,Desktop,395,FALSE
SESS_004814,CUST_00111,NULL,2023-08-09,Desktop,231,TRUE
SESS_004815,CUST_00162,NULL,2023-12-27,Desktop,836,FALSE
SESS_004816,CUST_00422,CAMP_03,2023-03-05,Mobile,850,TRUE
SESS_004817,NULL,CAMP_01,2023-01-01,Desktop,136,FALSE
SESS_004818,NULL,NULL,2023-10-24,Mobile,695,FALSE
SESS_004819,CUST_00928,NULL,2023-04-24,Desktop,398,TRUE
SESS_004820,NULL,NULL,2023-03-28,Mobile,1039,FALSE
SESS_004821,CUST_00058,NULL,2023-04-13,Desktop,0,FALSE
SESS_004822,CUST_00008,CAMP_05,2023-03-24,Desktop,145,FALSE
SESS_004823,CUST_00457,NULL,2023-02-13,Desktop,1032,TRUE
SESS_004824,CUST_00853,CAMP_10,2023-02-10,Tablet,948,FALSE
SESS_004825,CUST_00897,NULL,2023-06-23,Tablet,191,FALSE
SESS_004826,CUST_00377,NULL,2023-08-06,Tablet,510,TRUE
SESS_004827,CUST_00132,CAMP_03,2023-05-16,Desktop,987,TRUE
SESS_004828,CUST_00680,NULL,2023-03-21,Desktop,160,FALSE
SESS_004829,CUST_00794,NULL,2023-11-28,Mobile,543,TRUE
SESS_004830,CUST_00529,CAMP_04,2023-02-24,Tablet,748,FALSE
SESS_004831,CUST_00233,NULL,2023-01-31,Mobile,579,TRUE
SESS_004832,NULL,NULL,2023-05-25,Mobile,624,TRUE
SESS_004833,NULL,CAMP_09,2023-12-14,Tablet,61,FALSE
SESS_004834,CUST_00142,CAMP_08,2023-08-31,Desktop,264,TRUE
SESS_004835,CUST_00638,CAMP_08,2023-11-10,Desktop,1066,TRUE
SESS_004836,CUST_00606,NULL,2023-06-06,Desktop,0,FALSE
SESS_004837,CUST_00806,NULL,2023-11-15,Mobile,930,FALSE
SESS_004838,NULL,CAMP_09,2023-01-14,Desktop,912,TRUE
SESS_004839,CUST_00049,CAMP_06,2023-11-22,Mobile,267,FALSE
SESS_004840,CUST_00997,NULL,2023-05-25,Mobile,268,TRUE
SESS_004841,CUST_00242,CAMP_03,2023-04-18,Desktop,180,TRUE
SESS_004842,CUST_00973,NULL,2023-07-27,Tablet,970,FALSE
SESS_004843,CUST_00041,NULL,2023-02-27,Desktop,1084,TRUE
SESS_004844,CUST_00121,NULL,2023-10-07,Mobile,267,FALSE
SESS_004845,CUST_00330,CAMP_09,2023-07-25,Desktop,377,FALSE
SESS_004846,CUST_00742,CAMP_06,2023-09-18,Desktop,589,FALSE
SESS_004847,CUST_00832,NULL,2023-11-28,Desktop,0,FALSE
SESS_004848,NULL,CAMP_08,2023-11-18,Desktop,143,FALSE
SESS_004849,CUST_00648,NULL,2023-01-26,Desktop,324,TRUE
SESS_004850,CUST_00175,NULL,2023-04-29,Mobile,424,TRUE
SESS_004851,NULL,CAMP_07,2023-08-23,Desktop,249,TRUE
SESS_004852,CUST_00758,NULL,2023-08-14,Tablet,456,TRUE
SESS_004853,CUST_00449,CAMP_05,2023-07-11,Tablet,261,FALSE
SESS_004854,CUST_00656,NULL,2023-09-22,Desktop,219,TRUE
SESS_004855,NULL,NULL,2023-06-21,Tablet,725,FALSE
SESS_004856,CUST_00031,CAMP_10,2023-02-01,Mobile,910,FALSE
SESS_004857,CUST_00346,CAMP_01,2023-01-11,Desktop,998,TRUE
SESS_004858,NULL,NULL,2023-06-29,Desktop,364,FALSE
SESS_004859,CUST_00392,NULL,2023-03-07,Tablet,112,FALSE
SESS_004860,CUST_00167,NULL,2023-02-23,Mobile,965,FALSE
SESS_004861,CUST_00946,CAMP_05,2023-03-21,Tablet,557,TRUE
SESS_004862,CUST_00801,NULL,2023-04-05,Mobile,0,TRUE
SESS_004863,CUST_00416,NULL,2023-03-24,Mobile,702,FALSE
SESS_004864,NULL,NULL,2023-08-25,Mobile,101,FALSE
SESS_004865,CUST_00383,NULL,2023-10-21,Mobile,334,TRUE
SESS_004866,CUST_00860,CAMP_04,2023-04-02,Desktop,771,TRUE
SESS_004867,NULL,CAMP_07,2023-11-18,Desktop,692,TRUE
SESS_004868,CUST_00130,NULL,2023-05-09,Desktop,546,TRUE
SESS_004869,CUST_00814,CAMP_03,2023-01-17,Desktop,1171,TRUE
SESS_004870,NULL,CAMP_07,2023-03-15,Mobile,386,FALSE
SESS_004871,CUST_00478,NULL,2023-11-05,Mobile,973,TRUE
SESS_004872,CUST_00346,CAMP_06,2023-04-30,Desktop,559,FALSE
SESS_004873,NULL,NULL,2023-01-24,Tablet,449,FALSE
SESS_004874,CUST_00170,NULL,2023-08-27,Tablet,685,FALSE
SESS_004875,CUST_00955,NULL,2023-10-04,Tablet,819,FALSE
SESS_004876,CUST_00708,CAMP_09,2023-08-19,Mobile,1034,TRUE
SESS_004877,NULL,CAMP_01,2023-12-01,Tablet,357,FALSE
SESS_004878,CUST_00373,CAMP_03,2023-03-17,Mobile,0,TRUE
SESS_004879,CUST_00822,NULL,2023-12-01,Mobile,388,TRUE
SESS_004880,CUST_00257,NULL,2023-05-23,Desktop,351,FALSE
SESS_004881,CUST_00647,NULL,2023-08-28,Desktop,512,FALSE
SESS_004882,NULL,NULL,2023-06-02,Tablet,785,FALSE
SESS_004883,CUST_00320,NULL,2023-07-14,Desktop,108,FALSE
SESS_004884,CUST_00665,CAMP_06,2023-05-15,Tablet,0,TRUE
SESS_004885,NULL,NULL,2023-01-17,Mobile,853,TRUE
SESS_004886,NULL,NULL,2023-03-28,Mobile,928,TRUE
SESS_004887,CUST_00275,CAMP_07,2023-01-05,Tablet,1105,TRUE
SESS_004888,NULL,CAMP_07,2023-06-13,Mobile,486,FALSE
SESS_004889,CUST_00073,CAMP_02,2023-09-09,Desktop,694,FALSE
SESS_004890,NULL,NULL,2023-10-25,Desktop,835,FALSE
SESS_004891,NULL,CAMP_03,2023-06-28,Mobile,1123,TRUE
SESS_004892,CUST_00490,CAMP_07,2023-02-14,Mobile,834,FALSE
SESS_004893,CUST_00884,CAMP_06,2023-09-24,Desktop,0,TRUE
SESS_004894,CUST_00241,CAMP_05,2023-01-25,Desktop,416,FALSE
SESS_004895,CUST_00402,CAMP_02,2023-06-30,Tablet,1185,TRUE
SESS_004896,CUST_00660,CAMP_09,2023-01-12,Mobile,761,TRUE
SESS_004897,NULL,CAMP_08,2023-07-06,Desktop,418,TRUE
SESS_004898,NULL,CAMP_10,2023-03-21,Desktop,78,TRUE
SESS_004899,NULL,CAMP_04,2023-08-30,Tablet,925,TRUE
SESS_004900,NULL,NULL,2023-03-15,Tablet,839,TRUE
SESS_004901,NULL,CAMP_05,2023-03-22,Mobile,858,FALSE
SESS_004902,CUST_00780,NULL,2023-07-22,Tablet,1180,FALSE
SESS_004903,CUST_00031,CAMP_03,2023-09-21,Desktop,712,FALSE
SESS_004904,CUST_00078,CAMP_01,2023-10-29,Desktop,68,TRUE
SESS_004905,NULL,CAMP_04,2023-07-21,Tablet,367,TRUE
SESS_004906,CUST_00131,NULL,2023-07-04,Desktop,535,FALSE
SESS_004907,CUST_00728,CAMP_03,2023-04-05,Mobile,213,FALSE
SESS_004908,NULL,NULL,2023-02-19,Mobile,1189,TRUE
SESS_004909,CUST_00454,NULL,2023-02-19,Desktop,813,TRUE
SESS_004910,CUST_00560,NULL,2023-06-01,Desktop,670,TRUE
SESS_004911,CUST_00833,CAMP_06,2023-08-26,Tablet,310,FALSE
SESS_004912,CUST_00983,NULL,2023-12-15,Desktop,1053,FALSE
SESS_004913,CUST_00465,NULL,2023-10-21,Desktop,1198,FALSE
SESS_004914,CUST_00374,CAMP_07,2023-04-22,Mobile,1193,TRUE
SESS_004915,CUST_00807,NULL,2023-07-13,Mobile,866,TRUE
SESS_004916,CUST_00771,CAMP_10,2023-07-14,Mobile,911,FALSE
SESS_004917,NULL,NULL,2023-06-06,Desktop,1179,TRUE
SESS_004918,CUST_00241,NULL,2023-01-03,Tablet,555,FALSE
SESS_004919,NULL,NULL,2023-08-03,Mobile,885,FALSE
SESS_004920,CUST_00726,CAMP_03,2023-04-03,Mobile,207,FALSE
SESS_004921,CUST_00111,CAMP_10,2023-09-03,Mobile,1056,FALSE
SESS_004922,CUST_00939,NULL,2023-08-16,Mobile,217,FALSE
SESS_004923,NULL,CAMP_09,2023-05-02,Tablet,1150,FALSE
SESS_004924,NULL,NULL,2023-01-13,Tablet,648,TRUE
SESS_004925,CUST_00326,CAMP_04,2023-12-11,Tablet,608,FALSE
SESS_004926,CUST_00620,CAMP_02,2023-07-14,Mobile,405,FALSE
SESS_004927,NULL,NULL,2023-05-14,Mobile,502,FALSE
SESS_004928,CUST_00111,NULL,2023-07-30,Desktop,1175,FALSE
SESS_004929,NULL,CAMP_03,2023-10-19,Tablet,526,TRUE
SESS_004930,NULL,CAMP_05,2023-06-27,Mobile,247,FALSE
SESS_004931,CUST_00775,CAMP_09,2023-02-13,Mobile,365,TRUE
SESS_004932,NULL,CAMP_06,2023-05-08,Tablet,861,TRUE
SESS_004933,CUST_00114,CAMP_07,2023-08-27,Tablet,600,TRUE
SESS_004934,CUST_00012,NULL,2023-05-04,Mobile,932,FALSE
SESS_004935,CUST_00852,NULL,2023-08-29,Desktop,265,TRUE
SESS_004936,CUST_00771,CAMP_06,2023-05-03,Desktop,361,TRUE
SESS_004937,CUST_00001,CAMP_07,2023-11-15,Mobile,292,FALSE
SESS_004938,CUST_00280,NULL,2023-08-09,Mobile,405,TRUE
SESS_004939,CUST_00911,NULL,2023-11-20,Mobile,647,FALSE
SESS_004940,CUST_00504,CAMP_01,2023-03-01,Desktop,299,TRUE
SESS_004941,CUST_00343,NULL,2023-01-01,Tablet,805,TRUE
SESS_004942,CUST_00555,CAMP_05,2023-01-26,Mobile,959,TRUE
SESS_004943,NULL,NULL,2023-10-29,Tablet,122,FALSE
SESS_004944,CUST_00676,CAMP_10,2023-06-30,Mobile,407,FALSE
SESS_004945,CUST_00662,NULL,2023-09-17,Desktop,386,FALSE
SESS_004946,CUST_00438,NULL,2023-04-21,Tablet,420,FALSE
SESS_004947,CUST_00633,CAMP_10,2023-08-26,Mobile,843,FALSE
SESS_004948,CUST_00674,CAMP_03,2023-06-21,Tablet,557,FALSE
SESS_004949,CUST_00181,CAMP_02,2023-02-09,Mobile,242,FALSE
SESS_004950,CUST_00351,CAMP_06,2023-06-27,Mobile,556,FALSE
SESS_004951,CUST_00534,CAMP_09,2023-12-03,Mobile,544,TRUE
SESS_004952,CUST_00749,NULL,2023-03-19,Desktop,688,TRUE
SESS_004953,CUST_00210,CAMP_10,2023-06-03,Mobile,179,TRUE
SESS_004954,NULL,CAMP_06,2023-05-10,Tablet,72,FALSE
SESS_004955,NULL,CAMP_09,2023-07-04,Mobile,0,TRUE
SESS_004956,NULL,CAMP_08,2023-11-22,Tablet,957,FALSE
SESS_004957,CUST_00944,NULL,2023-07-14,Mobile,107,FALSE
SESS_004958,CUST_00585,CAMP_08,2023-06-14,Desktop,5,FALSE
SESS_004959,CUST_00837,CAMP_02,2023-11-15,Tablet,52,FALSE
SESS_004960,NULL,CAMP_02,2023-07-05,Tablet,90,TRUE
SESS_004961,CUST_00526,NULL,2023-03-19,Mobile,112,TRUE
SESS_004962,CUST_00216,CAMP_01,2023-04-02,Desktop,733,TRUE
SESS_004963,CUST_00263,CAMP_08,2023-04-01,Desktop,1176,TRUE
SESS_004964,CUST_00247,NULL,2023-04-07,Tablet,62,FALSE
SESS_004965,CUST_00720,CAMP_06,2023-07-12,Desktop,584,FALSE
SESS_004966,NULL,CAMP_04,2023-11-21,Desktop,1119,FALSE
SESS_004967,CUST_00585,CAMP_04,2024-01-01,Tablet,1154,FALSE
SESS_004968,NULL,NULL,2023-03-02,Mobile,105,TRUE
SESS_004969,CUST_00758,NULL,2023-10-25,Desktop,417,FALSE
SESS_004970,CUST_00298,CAMP_02,2023-09-06,Tablet,996,FALSE
SESS_004971,NULL,CAMP_04,2023-12-29,Tablet,91,FALSE
SESS_004972,NULL,CAMP_03,2023-02-21,Tablet,1093,FALSE
SESS_004973,NULL,NULL,2023-04-07,Desktop,342,FALSE
SESS_004974,CUST_00651,CAMP_02,2023-12-12,Desktop,60,TRUE
SESS_004975,NULL,CAMP_09,2023-10-13,Mobile,822,TRUE
SESS_004976,CUST_00144,CAMP_06,2023-08-19,Desktop,653,TRUE
SESS_004977,NULL,NULL,2023-02-05,Desktop,392,FALSE
SESS_004978,CUST_00536,NULL,2023-10-31,Desktop,808,FALSE
SESS_004979,NULL,CAMP_05,2023-11-15,Mobile,122,TRUE
SESS_004980,CUST_00268,NULL,2023-11-07,Desktop,53,TRUE
SESS_004981,CUST_00142,CAMP_07,2023-11-12,Mobile,701,TRUE
SESS_004982,NULL,CAMP_08,2023-04-26,Mobile,441,FALSE
SESS_004983,CUST_00328,CAMP_05,2023-10-04,Tablet,112,TRUE
SESS_004984,CUST_00534,CAMP_03,2023-05-01,Desktop,746,FALSE
SESS_004985,NULL,NULL,2023-12-15,Desktop,750,TRUE
SESS_004986,CUST_00318,NULL,2023-03-14,Desktop,919,FALSE
SESS_004987,CUST_00563,CAMP_08,2023-01-08,Mobile,280,FALSE
SESS_004988,CUST_00631,CAMP_03,2023-06-26,Tablet,1089,FALSE
SESS_004989,NULL,CAMP_02,2023-01-27,Mobile,1001,TRUE
SESS_004990,CUST_00931,CAMP_10,2023-08-21,Mobile,704,TRUE
SESS_004991,CUST_00118,NULL,2023-04-20,Mobile,119,TRUE
SESS_004992,CUST_00950,CAMP_04,2023-04-17,Tablet,52,TRUE
SESS_004993,CUST_00440,NULL,2023-09-30,Desktop,361,TRUE
SESS_004994,CUST_00102,CAMP_04,2023-06-05,Tablet,1186,FALSE
SESS_004995,CUST_00970,NULL,2023-07-23,Tablet,819,FALSE
SESS_004996,CUST_00743,NULL,2023-11-03,Desktop,1199,TRUE
SESS_004997,NULL,NULL,2023-07-06,Mobile,904,FALSE
SESS_004998,CUST_00929,CAMP_03,2023-06-28,Mobile,603,FALSE
SESS_004999,CUST_00510,NULL,2023-10-26,Tablet,667,TRUE
SESS_005000,CUST_00575,NULL,2023-07-07,Desktop,816,TRUE
